# Blender 5.1.1
# www.blender.org
mtllib chinese.mtl
o takeout_box_strong_blank
v -0.025841 0.032215 0.058965
v -0.025840 0.032207 0.058961
v -0.025845 0.032214 0.058992
v -0.025840 0.032198 0.058958
v -0.025839 0.032184 0.058951
v -0.025838 0.032168 0.058943
v -0.025837 0.032161 0.058938
v -0.025836 0.032154 0.058933
v -0.025834 -0.032141 0.058911
v -0.025834 -0.032141 0.058912
v -0.025834 -0.032142 0.058916
v -0.025835 -0.032142 0.058917
v -0.025834 -0.032141 0.058914
v -0.025836 0.032151 0.058929
v -0.025836 0.032148 0.058926
v -0.025835 0.032146 0.058923
v -0.025835 -0.032144 0.058920
v -0.025835 -0.032145 0.058923
v -0.025836 -0.032147 0.058925
v -0.025836 -0.032149 0.058928
v -0.025836 -0.032152 0.058931
v -0.025837 -0.032158 0.058936
v -0.025838 -0.032166 0.058941
v -0.025845 -0.032214 0.058992
v -0.025838 -0.032177 0.058948
v -0.025839 -0.032191 0.058955
v -0.025840 -0.032207 0.058961
v -0.025841 -0.032215 0.058965
v -0.025835 0.032144 0.058921
v -0.025835 0.032143 0.058918
v -0.025834 0.032142 0.058916
v -0.025834 0.032141 0.058914
v -0.025834 0.032141 0.058912
v -0.025834 0.032141 0.058911
v -0.025859 -0.032212 0.059073
v -0.025859 0.032212 0.059073
v -0.025877 -0.032209 0.059153
v -0.025877 0.032209 0.059153
v -0.025898 -0.032207 0.059233
v -0.025898 0.032207 0.059233
v -0.025922 -0.032204 0.059311
v -0.025922 0.032204 0.059311
v 0.025865 -0.032160 0.059104
v 0.025858 -0.032156 0.059068
v 0.025846 0.032152 0.059021
v 0.025870 0.032163 0.059123
v 0.025877 0.032168 0.059153
v 0.025885 -0.032173 0.059186
v 0.025865 0.032160 0.059104
v 0.025884 -0.032173 0.059183
v 0.025877 -0.032168 0.059153
v 0.025852 0.032157 0.059069
v 0.025870 -0.032163 0.059123
v 0.025884 0.032173 0.059183
v 0.025885 0.032173 0.059186
v 0.025892 -0.032179 0.059214
v 0.025892 0.032179 0.059214
v 0.025908 -0.032191 0.059267
v 0.025900 -0.032185 0.059242
v 0.025934 -0.032203 0.059347
v 0.025923 -0.032204 0.059316
v 0.025918 -0.032199 0.059300
v 0.025900 0.032185 0.059242
v 0.025908 0.032191 0.059267
v 0.025918 0.032199 0.059300
v 0.025923 0.032204 0.059316
v 0.025934 0.032203 0.059347
v 0.025846 -0.032152 0.059021
v 0.025837 -0.032143 0.058937
v 0.025837 0.032143 0.058937
v 0.025834 -0.032141 0.058911
v 0.025834 0.032141 0.058911
v -0.025900 -0.032200 0.059499
v -0.025898 -0.032267 0.059492
v -0.025897 -0.032283 0.059526
v -0.025895 -0.032310 0.059580
v -0.025899 -0.032571 0.059462
v -0.025900 -0.032548 0.059464
v -0.024570 -0.031358 0.047565
v -0.025899 -0.032593 0.059460
v -0.023240 -0.030168 0.035665
v -0.021910 -0.028978 0.023765
v -0.019249 -0.026644 -0.000038
v -0.020580 -0.027788 0.011865
v -0.019250 -0.026621 -0.000037
v -0.019250 -0.026598 -0.000035
v -0.019036 -0.027300 0.000199
v -0.025649 -0.033216 0.059365
v -0.019049 -0.027280 0.000183
v -0.025664 -0.033199 0.059369
v -0.019061 -0.027261 0.000167
v -0.025678 -0.033181 0.059372
v -0.019073 -0.027241 0.000152
v -0.025692 -0.033163 0.059376
v -0.019085 -0.027220 0.000138
v -0.025706 -0.033145 0.059379
v -0.019096 -0.027200 0.000124
v -0.025719 -0.033126 0.059383
v -0.019107 -0.027179 0.000110
v -0.025732 -0.033107 0.059387
v -0.019117 -0.027159 0.000098
v -0.025744 -0.033088 0.059390
v -0.019127 -0.027138 0.000085
v -0.025756 -0.033068 0.059394
v -0.019137 -0.027116 0.000073
v -0.025768 -0.033049 0.059397
v -0.019147 -0.027095 0.000062
v -0.025779 -0.033029 0.059401
v -0.019156 -0.027073 0.000052
v -0.025789 -0.033009 0.059404
v -0.019164 -0.027052 0.000041
v -0.025799 -0.032988 0.059407
v -0.019172 -0.027030 0.000032
v -0.025809 -0.032967 0.059411
v -0.019180 -0.027008 0.000023
v -0.025818 -0.032947 0.059414
v -0.019188 -0.026985 0.000015
v -0.025827 -0.032926 0.059417
v -0.019195 -0.026963 0.000007
v -0.025835 -0.032904 0.059420
v -0.019201 -0.026941 -0.000000
v -0.025843 -0.032883 0.059423
v -0.019208 -0.026918 -0.000007
v -0.025850 -0.032861 0.059427
v -0.019213 -0.026895 -0.000013
v -0.025857 -0.032840 0.059430
v -0.019219 -0.026873 -0.000018
v -0.025863 -0.032818 0.059433
v -0.019224 -0.026850 -0.000023
v -0.025869 -0.032796 0.059436
v -0.019228 -0.026827 -0.000027
v -0.025874 -0.032774 0.059439
v -0.019232 -0.026804 -0.000031
v -0.025879 -0.032751 0.059441
v -0.019236 -0.026781 -0.000033
v -0.025883 -0.032729 0.059444
v -0.019239 -0.026758 -0.000036
v -0.025887 -0.032707 0.059447
v -0.019242 -0.026735 -0.000037
v -0.025890 -0.032684 0.059450
v -0.019244 -0.026712 -0.000039
v -0.025893 -0.032662 0.059452
v -0.019246 -0.026689 -0.000039
v -0.025896 -0.032639 0.059455
v -0.019248 -0.026667 -0.000039
v -0.025897 -0.032616 0.059457
v -0.025586 -0.033283 0.059350
v -0.025602 -0.033266 0.059354
v -0.019010 -0.027338 0.000232
v -0.025618 -0.033250 0.059357
v -0.025634 -0.033233 0.059361
v -0.018982 -0.027374 0.000268
v -0.018954 -0.027410 0.000305
v -0.025552 -0.033314 0.059342
v -0.018924 -0.027444 0.000344
v -0.025517 -0.033343 0.059335
v -0.018893 -0.027477 0.000385
v -0.025480 -0.033371 0.059327
v -0.018861 -0.027509 0.000428
v -0.025443 -0.033398 0.059320
v -0.018827 -0.027539 0.000472
v -0.025404 -0.033423 0.059312
v -0.018793 -0.027567 0.000518
v -0.025364 -0.033446 0.059305
v -0.018758 -0.027594 0.000564
v -0.025323 -0.033467 0.059297
v -0.018723 -0.027619 0.000613
v -0.025281 -0.033487 0.059290
v -0.018686 -0.027643 0.000662
v -0.025238 -0.033505 0.059282
v -0.018649 -0.027664 0.000713
v -0.025194 -0.033520 0.059275
v -0.018611 -0.027684 0.000765
v -0.025150 -0.033535 0.059268
v -0.018573 -0.027702 0.000817
v -0.025105 -0.033547 0.059261
v -0.018535 -0.027719 0.000871
v -0.025060 -0.033557 0.059254
v -0.018495 -0.027733 0.000925
v -0.025014 -0.033565 0.059247
v -0.018456 -0.027746 0.000979
v -0.024968 -0.033572 0.059240
v -0.018417 -0.027756 0.001035
v -0.024921 -0.033576 0.059234
v -0.018377 -0.027765 0.001090
v -0.024874 -0.033578 0.059228
v -0.018337 -0.027771 0.001146
v -0.024828 -0.033579 0.059221
v 0.009786 0.031036 0.040827
v 0.009786 0.031732 0.040757
v -0.000000 0.032193 0.052397
v -0.003500 0.033303 0.056466
v -0.000000 0.031496 0.052467
v -0.003500 0.031910 0.056605
v -0.019250 -0.026250 -0.000000
v 0.019250 -0.026250 0.000000
v -0.025895 0.032310 0.059580
v -0.025900 0.032200 0.059499
v -0.025897 0.032283 0.059526
v -0.025898 0.032267 0.059492
v -0.000000 0.028961 0.027113
v -0.019250 0.026250 -0.000000
v -0.019250 0.026598 -0.000035
v -0.019104 0.027185 0.000114
v -0.019093 0.027205 0.000127
v -0.019082 0.027225 0.000141
v -0.018376 0.027765 0.001092
v -0.018337 0.027771 0.001146
v -0.018491 0.027735 0.000931
v -0.018453 0.027746 0.000984
v -0.018414 0.027757 0.001038
v -0.000000 0.029657 0.027043
v -0.019134 0.027124 0.000077
v -0.019124 0.027144 0.000089
v -0.019114 0.027165 0.000101
v -0.018604 0.027688 0.000774
v -0.018567 0.027705 0.000826
v -0.018529 0.027721 0.000878
v -0.019161 0.027061 0.000046
v -0.019152 0.027082 0.000056
v -0.019143 0.027103 0.000066
v -0.018713 0.027626 0.000626
v -0.018677 0.027648 0.000675
v -0.018641 0.027669 0.000724
v -0.019184 0.026997 0.000019
v -0.019177 0.027018 0.000027
v -0.019169 0.027040 0.000036
v -0.019204 0.026931 -0.000003
v -0.019198 0.026953 0.000004
v -0.019191 0.026975 0.000011
v -0.019071 0.027244 0.000155
v -0.018782 0.027576 0.000533
v -0.018748 0.027602 0.000579
v -0.018880 0.027490 0.000402
v -0.018848 0.027520 0.000444
v -0.018816 0.027549 0.000488
v -0.019220 0.026865 -0.000020
v -0.019215 0.026887 -0.000015
v -0.019210 0.026909 -0.000009
v -0.018969 0.027392 0.000286
v -0.018940 0.027426 0.000323
v -0.018910 0.027459 0.000362
v -0.019233 0.026799 -0.000031
v -0.019229 0.026821 -0.000028
v -0.019225 0.026843 -0.000024
v -0.019047 0.027283 0.000185
v -0.019022 0.027320 0.000217
v -0.018996 0.027357 0.000250
v -0.019242 0.026732 -0.000038
v -0.019240 0.026754 -0.000036
v -0.019237 0.026776 -0.000034
v -0.019248 0.026665 -0.000039
v -0.019246 0.026687 -0.000039
v -0.019245 0.026709 -0.000039
v -0.019250 0.026620 -0.000037
v -0.019249 0.026642 -0.000038
v -0.018311 -0.025299 0.001050
v -0.024321 -0.030677 0.054828
v 0.018311 -0.025299 0.001050
v 0.015805 -0.025299 0.001050
v 0.024321 -0.030677 0.054828
v -0.024570 -0.031010 0.047599
v -0.023240 -0.029820 0.035700
v -0.021910 -0.028630 0.023800
v -0.020580 -0.027440 0.011900
v 0.003500 0.031910 0.056605
v -0.022574 0.032157 0.059069
v 0.022574 0.032157 0.059069
v 0.019250 0.026250 0.000000
v -0.018311 0.018549 0.001050
v -0.018311 0.025299 0.001050
v 0.018311 -0.004850 0.001050
v -0.008400 0.025299 0.001050
v -0.000000 0.025299 0.001050
v -0.025726 0.032258 0.059471
v -0.025275 0.032236 0.059414
v -0.024825 0.032216 0.059357
v -0.024374 0.032199 0.059300
v -0.023912 0.032185 0.059241
v -0.023450 0.032173 0.059182
v -0.022988 0.032163 0.059123
v -0.024828 0.033579 0.059221
v -0.024873 0.033578 0.059227
v -0.024919 0.033576 0.059234
v -0.024964 0.033572 0.059240
v -0.025009 0.033566 0.059246
v -0.025054 0.033558 0.059253
v -0.025098 0.033549 0.059260
v -0.025142 0.033537 0.059267
v -0.025185 0.033524 0.059274
v -0.025227 0.033509 0.059281
v -0.025269 0.033492 0.059288
v -0.025310 0.033473 0.059295
v -0.025351 0.033453 0.059302
v -0.025390 0.033431 0.059310
v -0.025428 0.033407 0.059317
v -0.025465 0.033382 0.059324
v -0.025501 0.033356 0.059332
v -0.025536 0.033327 0.059339
v -0.025569 0.033298 0.059346
v -0.025602 0.033267 0.059354
v -0.025632 0.033235 0.059361
v -0.025662 0.033201 0.059368
v -0.025690 0.033166 0.059375
v -0.025716 0.033131 0.059382
v -0.025741 0.033094 0.059389
v -0.025764 0.033056 0.059396
v -0.025785 0.033017 0.059403
v -0.025805 0.032977 0.059409
v -0.025822 0.032936 0.059415
v -0.025838 0.032895 0.059422
v -0.025853 0.032853 0.059428
v -0.025865 0.032811 0.059434
v -0.025876 0.032768 0.059439
v -0.025884 0.032724 0.059445
v -0.025900 0.032548 0.059464
v -0.025888 0.032702 0.059447
v -0.025891 0.032680 0.059450
v -0.025894 0.032658 0.059453
v -0.025896 0.032636 0.059455
v -0.025897 0.032614 0.059457
v -0.025899 0.032592 0.059460
v -0.025899 0.032570 0.059462
v 0.019155 -0.026482 0.000111
v 0.019145 -0.026502 0.000124
v 0.018410 -0.027064 0.001113
v 0.019134 -0.026522 0.000138
v 0.019122 -0.026542 0.000152
v 0.018526 -0.027036 0.000951
v 0.018487 -0.027048 0.001005
v 0.018449 -0.027057 0.001059
v 0.019185 -0.026421 0.000074
v 0.019176 -0.026442 0.000086
v 0.019166 -0.026462 0.000098
v 0.018639 -0.026992 0.000795
v 0.018601 -0.027009 0.000846
v 0.018564 -0.027024 0.000899
v 0.019212 -0.026359 0.000043
v 0.019204 -0.026380 0.000053
v 0.019195 -0.026401 0.000063
v 0.018748 -0.026933 0.000646
v 0.018712 -0.026954 0.000694
v 0.018676 -0.026974 0.000744
v 0.019235 -0.026295 0.000016
v 0.019228 -0.026316 0.000024
v 0.019220 -0.026338 0.000033
v 0.019111 -0.026561 0.000167
v 0.018818 -0.026885 0.000551
v 0.018783 -0.026910 0.000598
v -0.000000 -0.029657 0.027043
v -0.000000 -0.028961 0.027113
v 0.018389 -0.027067 0.001142
v 0.019243 -0.026273 0.000008
v 0.018916 -0.026801 0.000419
v 0.018884 -0.026831 0.000462
v 0.018851 -0.026859 0.000506
v 0.019006 -0.026706 0.000301
v 0.018977 -0.026739 0.000339
v 0.018947 -0.026771 0.000378
v 0.019086 -0.026599 0.000197
v 0.019061 -0.026635 0.000230
v 0.019034 -0.026671 0.000265
v -0.000000 -0.031496 0.052467
v 0.003500 -0.031910 0.056605
v -0.003500 -0.031910 0.056605
v 0.022574 -0.032157 0.059069
v -0.022574 -0.032157 0.059069
v -0.003500 -0.033303 0.056466
v -0.022988 -0.032163 0.059123
v -0.023450 -0.032173 0.059182
v -0.025726 -0.032258 0.059471
v -0.023912 -0.032185 0.059241
v -0.024374 -0.032199 0.059300
v -0.024825 -0.032216 0.059357
v -0.025275 -0.032236 0.059414
v 0.003500 -0.032607 0.056535
v -0.000000 -0.032193 0.052397
v 0.024321 0.030677 0.054828
v -0.024321 0.030677 0.054828
v 0.025904 0.032204 0.059318
v 0.025903 0.032217 0.059358
v 0.025901 0.032236 0.059415
v 0.025899 0.032258 0.059471
v 0.025897 0.032283 0.059526
v 0.025895 0.032310 0.059580
v -0.024570 0.031358 0.047565
v -0.020580 0.027788 0.011865
v -0.020580 0.027440 0.011900
v -0.021910 0.028978 0.023765
v -0.021910 0.028630 0.023800
v -0.023240 0.030168 0.035665
v -0.023240 0.029820 0.035700
v -0.024570 0.031010 0.047599
v 0.009786 -0.031732 0.040757
v 0.009786 -0.031036 0.040827
v 0.003500 0.032607 0.056535
v 0.025726 0.032258 0.059471
v 0.025873 0.032266 0.059489
v 0.025855 0.032303 0.059483
v 0.024889 0.032883 0.059299
v 0.022988 0.032163 0.059123
v 0.023450 0.032173 0.059182
v 0.025789 0.032418 0.059463
v 0.025763 0.032454 0.059456
v 0.023912 0.032185 0.059241
v 0.024374 0.032199 0.059300
v 0.024825 0.032216 0.059357
v 0.025835 0.032342 0.059477
v 0.025813 0.032380 0.059470
v 0.025004 0.032878 0.059314
v 0.024959 0.032882 0.059308
v 0.024914 0.032883 0.059302
v 0.025432 0.032746 0.059383
v 0.025392 0.032767 0.059376
v 0.025276 0.032236 0.059414
v 0.025352 0.032787 0.059369
v 0.025310 0.032804 0.059362
v 0.025138 0.032858 0.059334
v 0.025094 0.032866 0.059327
v 0.025049 0.032873 0.059321
v 0.025544 0.032674 0.059405
v 0.025508 0.032699 0.059398
v 0.025470 0.032724 0.059391
v 0.025268 0.032820 0.059355
v 0.025225 0.032835 0.059348
v 0.025182 0.032847 0.059341
v 0.025647 0.032587 0.059427
v 0.025614 0.032617 0.059420
v 0.025580 0.032646 0.059413
v 0.025736 0.032489 0.059449
v 0.025708 0.032523 0.059442
v 0.025678 0.032556 0.059435
v 0.018410 0.027064 0.001113
v 0.018389 0.027067 0.001142
v 0.018449 0.027057 0.001059
v 0.018487 0.027048 0.001005
v 0.018526 0.027036 0.000951
v 0.018564 0.027024 0.000899
v 0.018601 0.027009 0.000846
v 0.018639 0.026992 0.000795
v 0.018676 0.026974 0.000744
v 0.018712 0.026954 0.000694
v 0.018748 0.026933 0.000646
v 0.018783 0.026910 0.000598
v 0.018818 0.026885 0.000551
v 0.018851 0.026859 0.000506
v 0.018884 0.026831 0.000462
v 0.018916 0.026801 0.000419
v 0.018947 0.026771 0.000378
v 0.018977 0.026739 0.000339
v 0.019006 0.026706 0.000301
v 0.019034 0.026671 0.000265
v 0.019061 0.026635 0.000230
v 0.019086 0.026599 0.000197
v 0.019111 0.026561 0.000167
v 0.019122 0.026542 0.000152
v 0.019134 0.026522 0.000138
v 0.019145 0.026502 0.000124
v 0.019155 0.026482 0.000111
v 0.019166 0.026462 0.000098
v 0.019176 0.026442 0.000086
v 0.019185 0.026421 0.000074
v 0.019195 0.026401 0.000063
v 0.025873 0.032262 0.059479
v 0.019204 0.026380 0.000053
v 0.019212 0.026359 0.000043
v 0.019220 0.026338 0.000033
v 0.025874 0.032236 0.059415
v 0.025873 0.032226 0.059387
v 0.019228 0.026316 0.000024
v 0.025874 0.032247 0.059443
v 0.025873 0.032258 0.059471
v 0.025873 0.032217 0.059358
v 0.025871 0.032204 0.059317
v 0.019235 0.026295 0.000016
v 0.025861 0.032178 0.059185
v 0.025863 0.032173 0.059183
v 0.025860 0.032167 0.059153
v 0.025857 0.032163 0.059123
v 0.025869 0.032192 0.059271
v 0.025867 0.032185 0.059242
v 0.025865 0.032178 0.059212
v 0.019243 0.026273 0.000008
v 0.025870 0.032199 0.059300
v 0.024377 -0.030677 0.055331
v 0.024377 0.030677 0.055331
v 0.024889 -0.032883 0.059299
v 0.022988 -0.032163 0.059123
v 0.023450 -0.032173 0.059182
v 0.024825 -0.032216 0.059357
v 0.024374 -0.032199 0.059300
v 0.023912 -0.032185 0.059241
v 0.025736 -0.032489 0.059449
v 0.025763 -0.032454 0.059456
v 0.025726 -0.032258 0.059471
v 0.025789 -0.032418 0.059463
v 0.025813 -0.032380 0.059470
v 0.025835 -0.032342 0.059477
v 0.025855 -0.032303 0.059483
v 0.025873 -0.032266 0.059489
v 0.025310 -0.032804 0.059362
v 0.025352 -0.032787 0.059369
v 0.025276 -0.032236 0.059414
v 0.025392 -0.032767 0.059376
v 0.024914 -0.032883 0.059302
v 0.024959 -0.032882 0.059308
v 0.025004 -0.032878 0.059314
v 0.025432 -0.032746 0.059383
v 0.025470 -0.032724 0.059391
v 0.025508 -0.032699 0.059398
v 0.025049 -0.032873 0.059321
v 0.025094 -0.032866 0.059327
v 0.025138 -0.032858 0.059334
v 0.025544 -0.032674 0.059405
v 0.025580 -0.032646 0.059413
v 0.025614 -0.032617 0.059420
v 0.025182 -0.032847 0.059341
v 0.025225 -0.032835 0.059348
v 0.025268 -0.032820 0.059355
v 0.025647 -0.032587 0.059427
v 0.025678 -0.032556 0.059435
v 0.025708 -0.032523 0.059442
v 0.025904 -0.032204 0.059318
v 0.025873 -0.032262 0.059479
v 0.025864 -0.032184 0.059220
v 0.025871 -0.032204 0.059317
v 0.025857 -0.032163 0.059123
v 0.025863 -0.032173 0.059183
v 0.025865 -0.032178 0.059212
v 0.025867 -0.032185 0.059242
v 0.025869 -0.032192 0.059271
v 0.025870 -0.032199 0.059300
v 0.025860 -0.032167 0.059153
v 0.025873 -0.032217 0.059358
v 0.025873 -0.032226 0.059387
v 0.025874 -0.032236 0.059415
v 0.025874 -0.032247 0.059443
v 0.025873 -0.032258 0.059471
v -0.024377 0.030677 0.055331
v -0.024377 -0.030677 0.055331
v 0.025899 -0.032258 0.059471
v 0.025897 -0.032283 0.059526
v 0.025895 -0.032310 0.059580
v 0.025901 -0.032236 0.059415
v 0.025903 -0.032217 0.059358
v -0.025834 0.031785 0.057864
v -0.025831 0.031695 0.057894
v -0.025828 0.031603 0.057922
v -0.025824 0.031509 0.057948
v -0.025821 0.031413 0.057971
v -0.025818 0.031316 0.057992
v -0.025814 0.031217 0.058010
v -0.025811 0.031117 0.058027
v -0.025807 0.031016 0.058040
v -0.025804 0.030913 0.058051
v -0.025800 0.030810 0.058060
v -0.025796 0.030707 0.058067
v -0.025793 0.030603 0.058070
v -0.025789 0.030499 0.058072
v 0.025834 0.031785 0.057864
v 0.025831 0.031695 0.057894
v 0.025828 0.031603 0.057922
v 0.025824 0.031509 0.057948
v 0.025821 0.031413 0.057971
v 0.025818 0.031316 0.057992
v 0.025814 0.031217 0.058010
v 0.025811 0.031117 0.058027
v 0.025807 0.031016 0.058040
v 0.025804 0.030913 0.058051
v 0.025800 0.030810 0.058060
v 0.025796 0.030707 0.058067
v 0.025793 0.030603 0.058070
v 0.025789 0.030499 0.058072
v -0.025337 0.017564 0.058072
v -0.015188 0.007064 0.058072
v -0.025337 0.017564 0.059472
v -0.015188 0.007064 0.059472
v 0.015188 0.007064 0.059472
v 0.025337 0.017564 0.059472
v -0.025885 0.033232 0.059472
v 0.025885 0.033232 0.059472
v 0.015188 0.007064 0.058072
v 0.025337 0.017564 0.058072
v -0.025834 -0.032192 0.057885
v -0.025831 -0.032102 0.057915
v -0.025828 -0.032010 0.057942
v -0.025824 -0.031916 0.057968
v -0.025821 -0.031820 0.057991
v -0.025818 -0.031723 0.058012
v -0.025814 -0.031624 0.058031
v -0.025811 -0.031524 0.058047
v -0.025807 -0.031422 0.058061
v -0.025804 -0.031320 0.058072
v -0.025800 -0.031217 0.058081
v -0.025796 -0.031114 0.058087
v -0.025793 -0.031010 0.058091
v -0.025789 -0.030905 0.058092
v 0.025834 -0.032192 0.057885
v 0.025831 -0.032102 0.057915
v 0.025828 -0.032010 0.057942
v 0.025824 -0.031916 0.057968
v 0.025821 -0.031820 0.057991
v 0.025818 -0.031723 0.058012
v 0.025814 -0.031624 0.058031
v 0.025811 -0.031524 0.058047
v 0.025807 -0.031422 0.058061
v 0.025804 -0.031320 0.058072
v 0.025800 -0.031217 0.058081
v 0.025796 -0.031114 0.058087
v 0.025793 -0.031010 0.058091
v 0.025789 -0.030905 0.058092
v -0.025895 -0.033938 0.059524
v -0.025893 -0.033879 0.059513
v -0.025891 -0.033819 0.059504
v -0.025885 -0.033639 0.059492
v -0.025889 -0.033759 0.059497
v -0.025887 -0.033699 0.059493
v -0.025337 -0.017971 0.059492
v -0.025337 -0.017971 0.058092
v 0.015188 -0.007471 0.058092
v -0.015188 -0.007471 0.058092
v 0.015188 -0.007471 0.059492
v -0.015188 -0.007471 0.059492
v 0.025885 -0.033639 0.059492
v 0.025337 -0.017971 0.059492
v 0.025337 -0.017971 0.058092
v 0.025895 -0.033938 0.059524
v 0.025893 -0.033879 0.059513
v 0.025891 -0.033819 0.059504
v 0.025889 -0.033759 0.059497
v 0.025887 -0.033699 0.059493
v 0.024794 0.032134 0.058494
v 0.024704 0.032131 0.058524
v 0.024612 0.032128 0.058552
v 0.024518 0.032124 0.058578
v 0.024422 0.032121 0.058601
v 0.024325 0.032118 0.058622
v 0.024226 0.032114 0.058640
v 0.024125 0.032111 0.058656
v 0.024024 0.032107 0.058670
v 0.023922 0.032104 0.058681
v 0.023819 0.032100 0.058690
v 0.023715 0.032096 0.058697
v 0.023612 0.032093 0.058700
v 0.023507 0.032089 0.058702
v 0.024794 -0.032134 0.058494
v 0.024704 -0.032131 0.058524
v 0.024612 -0.032128 0.058552
v 0.024518 -0.032124 0.058578
v 0.024422 -0.032121 0.058601
v 0.024325 -0.032118 0.058622
v 0.024226 -0.032114 0.058640
v 0.024125 -0.032111 0.058656
v 0.024024 -0.032107 0.058670
v 0.023922 -0.032104 0.058681
v 0.023819 -0.032100 0.058690
v 0.023715 -0.032096 0.058697
v 0.023612 -0.032093 0.058700
v 0.023507 -0.032089 0.058702
v 0.026080 0.032179 0.060102
v 0.026080 -0.032179 0.060102
v 0.000073 0.021487 0.058702
v 0.000073 -0.021487 0.058702
v 0.000073 0.021487 0.060102
v 0.000073 -0.021487 0.060102
v 0.010573 -0.031637 0.058702
v 0.010573 -0.031637 0.060102
v 0.010573 0.031637 0.060102
v 0.010573 0.031637 0.058702
v -0.024794 -0.032134 0.058494
v -0.024704 -0.032131 0.058524
v -0.024612 -0.032128 0.058552
v -0.024518 -0.032124 0.058578
v -0.024422 -0.032121 0.058601
v -0.024325 -0.032118 0.058622
v -0.024226 -0.032114 0.058640
v -0.024125 -0.032111 0.058656
v -0.024024 -0.032107 0.058670
v -0.023922 -0.032104 0.058681
v -0.023819 -0.032100 0.058690
v -0.023715 -0.032096 0.058697
v -0.023612 -0.032093 0.058700
v -0.023507 -0.032089 0.058702
v -0.024794 0.032134 0.058494
v -0.024704 0.032131 0.058524
v -0.024612 0.032128 0.058552
v -0.024518 0.032124 0.058578
v -0.024422 0.032121 0.058601
v -0.024325 0.032118 0.058622
v -0.024226 0.032114 0.058640
v -0.024125 0.032111 0.058656
v -0.024024 0.032107 0.058670
v -0.023922 0.032104 0.058681
v -0.023819 0.032100 0.058690
v -0.023715 0.032096 0.058697
v -0.023612 0.032093 0.058700
v -0.023507 0.032089 0.058702
v -0.026080 -0.032179 0.060102
v -0.026080 0.032179 0.060102
v -0.000073 -0.021487 0.058702
v -0.000073 0.021487 0.058702
v -0.000073 -0.021487 0.060102
v -0.000073 0.021487 0.060102
v -0.010573 -0.031637 0.058702
v -0.010573 -0.031637 0.060102
v -0.010573 0.031637 0.060102
v -0.010573 0.031637 0.058702
v -0.025841 0.032215 0.058965
v -0.025840 0.032207 0.058961
v -0.025845 0.032214 0.058992
v -0.025840 0.032198 0.058958
v -0.025839 0.032184 0.058951
v -0.025838 0.032168 0.058943
v -0.025837 0.032161 0.058938
v -0.025836 0.032154 0.058933
v -0.025834 -0.032141 0.058911
v -0.025834 -0.032141 0.058912
v -0.025834 -0.032142 0.058916
v -0.025835 -0.032142 0.058917
v -0.025834 -0.032141 0.058914
v -0.025836 0.032151 0.058929
v -0.025836 0.032148 0.058926
v -0.025835 0.032146 0.058923
v -0.025835 -0.032144 0.058920
v -0.025835 -0.032145 0.058923
v -0.025836 -0.032147 0.058925
v -0.025836 -0.032149 0.058928
v -0.025836 -0.032152 0.058931
v -0.025837 -0.032158 0.058936
v -0.025838 -0.032166 0.058941
v -0.025845 -0.032214 0.058992
v -0.025838 -0.032177 0.058948
v -0.025839 -0.032191 0.058955
v -0.025840 -0.032207 0.058961
v -0.025841 -0.032215 0.058965
v -0.025835 0.032144 0.058921
v -0.025835 0.032143 0.058918
v -0.025834 0.032142 0.058916
v -0.025834 0.032141 0.058914
v -0.025834 0.032141 0.058912
v -0.025834 0.032141 0.058911
v -0.025859 -0.032212 0.059073
v -0.025859 0.032212 0.059073
v -0.025877 -0.032209 0.059153
v -0.025877 0.032209 0.059153
v -0.025898 -0.032207 0.059233
v -0.025898 0.032207 0.059233
v -0.025922 -0.032204 0.059311
v -0.025922 0.032204 0.059311
v 0.025865 -0.032160 0.059104
v 0.025858 -0.032156 0.059068
v 0.025846 0.032152 0.059021
v 0.025870 0.032163 0.059123
v 0.025877 0.032168 0.059153
v 0.025885 -0.032173 0.059186
v 0.025865 0.032160 0.059104
v 0.025884 -0.032173 0.059183
v 0.025877 -0.032168 0.059153
v 0.025852 0.032157 0.059069
v 0.025870 -0.032163 0.059123
v 0.025884 0.032173 0.059183
v 0.025885 0.032173 0.059186
v 0.025892 -0.032179 0.059214
v 0.025892 0.032179 0.059214
v 0.025908 -0.032191 0.059267
v 0.025900 -0.032185 0.059242
v 0.025934 -0.032203 0.059347
v 0.025923 -0.032204 0.059316
v 0.025918 -0.032199 0.059300
v 0.025900 0.032185 0.059242
v 0.025908 0.032191 0.059267
v 0.025918 0.032199 0.059300
v 0.025923 0.032204 0.059316
v 0.025934 0.032203 0.059347
v 0.025846 -0.032152 0.059021
v 0.025837 -0.032143 0.058937
v 0.025837 0.032143 0.058937
v 0.025834 -0.032141 0.058911
v 0.025834 0.032141 0.058911
v -0.025900 -0.032200 0.059499
v -0.025898 -0.032267 0.059492
v -0.025897 -0.032283 0.059526
v -0.025895 -0.032310 0.059580
v -0.025899 -0.032571 0.059462
v -0.025900 -0.032548 0.059464
v -0.024570 -0.031358 0.047565
v -0.025899 -0.032593 0.059460
v -0.023240 -0.030168 0.035665
v -0.021910 -0.028978 0.023765
v -0.019249 -0.026644 -0.000038
v -0.020580 -0.027788 0.011865
v -0.019250 -0.026621 -0.000037
v -0.019250 -0.026598 -0.000035
v -0.019036 -0.027300 0.000199
v -0.025649 -0.033216 0.059365
v -0.019049 -0.027280 0.000183
v -0.025664 -0.033199 0.059369
v -0.019061 -0.027261 0.000167
v -0.025678 -0.033181 0.059372
v -0.019073 -0.027241 0.000152
v -0.025692 -0.033163 0.059376
v -0.019085 -0.027220 0.000138
v -0.025706 -0.033145 0.059379
v -0.019096 -0.027200 0.000124
v -0.025719 -0.033126 0.059383
v -0.019107 -0.027179 0.000110
v -0.025732 -0.033107 0.059387
v -0.019117 -0.027159 0.000098
v -0.025744 -0.033088 0.059390
v -0.019127 -0.027138 0.000085
v -0.025756 -0.033068 0.059394
v -0.019137 -0.027116 0.000073
v -0.025768 -0.033049 0.059397
v -0.019147 -0.027095 0.000062
v -0.025779 -0.033029 0.059401
v -0.019156 -0.027073 0.000052
v -0.025789 -0.033009 0.059404
v -0.019164 -0.027052 0.000041
v -0.025799 -0.032988 0.059407
v -0.019172 -0.027030 0.000032
v -0.025809 -0.032967 0.059411
v -0.019180 -0.027008 0.000023
v -0.025818 -0.032947 0.059414
v -0.019188 -0.026985 0.000015
v -0.025827 -0.032926 0.059417
v -0.019195 -0.026963 0.000007
v -0.025835 -0.032904 0.059420
v -0.019201 -0.026941 -0.000000
v -0.025843 -0.032883 0.059423
v -0.019208 -0.026918 -0.000007
v -0.025850 -0.032861 0.059427
v -0.019213 -0.026895 -0.000013
v -0.025857 -0.032840 0.059430
v -0.019219 -0.026873 -0.000018
v -0.025863 -0.032818 0.059433
v -0.019224 -0.026850 -0.000023
v -0.025869 -0.032796 0.059436
v -0.019228 -0.026827 -0.000027
v -0.025874 -0.032774 0.059439
v -0.019232 -0.026804 -0.000031
v -0.025879 -0.032751 0.059441
v -0.019236 -0.026781 -0.000033
v -0.025883 -0.032729 0.059444
v -0.019239 -0.026758 -0.000036
v -0.025887 -0.032707 0.059447
v -0.019242 -0.026735 -0.000037
v -0.025890 -0.032684 0.059450
v -0.019244 -0.026712 -0.000039
v -0.025893 -0.032662 0.059452
v -0.019246 -0.026689 -0.000039
v -0.025896 -0.032639 0.059455
v -0.019248 -0.026667 -0.000039
v -0.025897 -0.032616 0.059457
v -0.025586 -0.033283 0.059350
v -0.025602 -0.033266 0.059354
v -0.019010 -0.027338 0.000232
v -0.025618 -0.033250 0.059357
v -0.025634 -0.033233 0.059361
v -0.018982 -0.027374 0.000268
v -0.018954 -0.027410 0.000305
v -0.025552 -0.033314 0.059342
v -0.018924 -0.027444 0.000344
v -0.025517 -0.033343 0.059335
v -0.018893 -0.027477 0.000385
v -0.025480 -0.033371 0.059327
v -0.018861 -0.027509 0.000428
v -0.025443 -0.033398 0.059320
v -0.018827 -0.027539 0.000472
v -0.025404 -0.033423 0.059312
v -0.018793 -0.027567 0.000518
v -0.025364 -0.033446 0.059305
v -0.018758 -0.027594 0.000564
v -0.025323 -0.033467 0.059297
v -0.018723 -0.027619 0.000613
v -0.025281 -0.033487 0.059290
v -0.018686 -0.027643 0.000662
v -0.025238 -0.033505 0.059282
v -0.018649 -0.027664 0.000713
v -0.025194 -0.033520 0.059275
v -0.018611 -0.027684 0.000765
v -0.025150 -0.033535 0.059268
v -0.018573 -0.027702 0.000817
v -0.025105 -0.033547 0.059261
v -0.018535 -0.027719 0.000871
v -0.025060 -0.033557 0.059254
v -0.018495 -0.027733 0.000925
v -0.025014 -0.033565 0.059247
v -0.018456 -0.027746 0.000979
v -0.024968 -0.033572 0.059240
v -0.018417 -0.027756 0.001035
v -0.024921 -0.033576 0.059234
v -0.018377 -0.027765 0.001090
v -0.024874 -0.033578 0.059228
v -0.018337 -0.027771 0.001146
v -0.024828 -0.033579 0.059221
v 0.009786 0.031036 0.040827
v 0.009786 0.031732 0.040757
v -0.000000 0.032193 0.052397
v -0.003500 0.033303 0.056466
v -0.000000 0.031496 0.052467
v -0.003500 0.031910 0.056605
v -0.019250 -0.026250 -0.000000
v 0.019250 -0.026250 0.000000
v -0.025895 0.032310 0.059580
v -0.025900 0.032200 0.059499
v -0.025897 0.032283 0.059526
v -0.025898 0.032267 0.059492
v -0.000000 0.028961 0.027113
v -0.019250 0.026250 -0.000000
v -0.019250 0.026598 -0.000035
v -0.019104 0.027185 0.000114
v -0.019093 0.027205 0.000127
v -0.019082 0.027225 0.000141
v -0.018376 0.027765 0.001092
v -0.018337 0.027771 0.001146
v -0.018491 0.027735 0.000931
v -0.018453 0.027746 0.000984
v -0.018414 0.027757 0.001038
v -0.000000 0.029657 0.027043
v -0.019134 0.027124 0.000077
v -0.019124 0.027144 0.000089
v -0.019114 0.027165 0.000101
v -0.018604 0.027688 0.000774
v -0.018567 0.027705 0.000826
v -0.018529 0.027721 0.000878
v -0.019161 0.027061 0.000046
v -0.019152 0.027082 0.000056
v -0.019143 0.027103 0.000066
v -0.018713 0.027626 0.000626
v -0.018677 0.027648 0.000675
v -0.018641 0.027669 0.000724
v -0.019184 0.026997 0.000019
v -0.019177 0.027018 0.000027
v -0.019169 0.027040 0.000036
v -0.019204 0.026931 -0.000003
v -0.019198 0.026953 0.000004
v -0.019191 0.026975 0.000011
v -0.019071 0.027244 0.000155
v -0.018782 0.027576 0.000533
v -0.018748 0.027602 0.000579
v -0.018880 0.027490 0.000402
v -0.018848 0.027520 0.000444
v -0.018816 0.027549 0.000488
v -0.019220 0.026865 -0.000020
v -0.019215 0.026887 -0.000015
v -0.019210 0.026909 -0.000009
v -0.018969 0.027392 0.000286
v -0.018940 0.027426 0.000323
v -0.018910 0.027459 0.000362
v -0.019233 0.026799 -0.000031
v -0.019229 0.026821 -0.000028
v -0.019225 0.026843 -0.000024
v -0.019047 0.027283 0.000185
v -0.019022 0.027320 0.000217
v -0.018996 0.027357 0.000250
v -0.019242 0.026732 -0.000038
v -0.019240 0.026754 -0.000036
v -0.019237 0.026776 -0.000034
v -0.019248 0.026665 -0.000039
v -0.019246 0.026687 -0.000039
v -0.019245 0.026709 -0.000039
v -0.019250 0.026620 -0.000037
v -0.019249 0.026642 -0.000038
v -0.018311 -0.025299 0.001050
v -0.024321 -0.030677 0.054828
v 0.018311 -0.025299 0.001050
v 0.015805 -0.025299 0.001050
v 0.024321 -0.030677 0.054828
v -0.024570 -0.031010 0.047599
v -0.023240 -0.029820 0.035700
v -0.021910 -0.028630 0.023800
v -0.020580 -0.027440 0.011900
v 0.003500 0.031910 0.056605
v -0.022574 0.032157 0.059069
v 0.022574 0.032157 0.059069
v 0.019250 0.026250 0.000000
v -0.018311 0.018549 0.001050
v -0.018311 0.025299 0.001050
v 0.018311 -0.004850 0.001050
v -0.008400 0.025299 0.001050
v -0.000000 0.025299 0.001050
v -0.025726 0.032258 0.059471
v -0.025275 0.032236 0.059414
v -0.024825 0.032216 0.059357
v -0.024374 0.032199 0.059300
v -0.023912 0.032185 0.059241
v -0.023450 0.032173 0.059182
v -0.022988 0.032163 0.059123
v -0.024828 0.033579 0.059221
v -0.024873 0.033578 0.059227
v -0.024919 0.033576 0.059234
v -0.024964 0.033572 0.059240
v -0.025009 0.033566 0.059246
v -0.025054 0.033558 0.059253
v -0.025098 0.033549 0.059260
v -0.025142 0.033537 0.059267
v -0.025185 0.033524 0.059274
v -0.025227 0.033509 0.059281
v -0.025269 0.033492 0.059288
v -0.025310 0.033473 0.059295
v -0.025351 0.033453 0.059302
v -0.025390 0.033431 0.059310
v -0.025428 0.033407 0.059317
v -0.025465 0.033382 0.059324
v -0.025501 0.033356 0.059332
v -0.025536 0.033327 0.059339
v -0.025569 0.033298 0.059346
v -0.025602 0.033267 0.059354
v -0.025632 0.033235 0.059361
v -0.025662 0.033201 0.059368
v -0.025690 0.033166 0.059375
v -0.025716 0.033131 0.059382
v -0.025741 0.033094 0.059389
v -0.025764 0.033056 0.059396
v -0.025785 0.033017 0.059403
v -0.025805 0.032977 0.059409
v -0.025822 0.032936 0.059415
v -0.025838 0.032895 0.059422
v -0.025853 0.032853 0.059428
v -0.025865 0.032811 0.059434
v -0.025876 0.032768 0.059439
v -0.025884 0.032724 0.059445
v -0.025900 0.032548 0.059464
v -0.025888 0.032702 0.059447
v -0.025891 0.032680 0.059450
v -0.025894 0.032658 0.059453
v -0.025896 0.032636 0.059455
v -0.025897 0.032614 0.059457
v -0.025899 0.032592 0.059460
v -0.025899 0.032570 0.059462
v 0.019155 -0.026482 0.000111
v 0.019145 -0.026502 0.000124
v 0.018410 -0.027064 0.001113
v 0.019134 -0.026522 0.000138
v 0.019122 -0.026542 0.000152
v 0.018526 -0.027036 0.000951
v 0.018487 -0.027048 0.001005
v 0.018449 -0.027057 0.001059
v 0.019185 -0.026421 0.000074
v 0.019176 -0.026442 0.000086
v 0.019166 -0.026462 0.000098
v 0.018639 -0.026992 0.000795
v 0.018601 -0.027009 0.000846
v 0.018564 -0.027024 0.000899
v 0.019212 -0.026359 0.000043
v 0.019204 -0.026380 0.000053
v 0.019195 -0.026401 0.000063
v 0.018748 -0.026933 0.000646
v 0.018712 -0.026954 0.000694
v 0.018676 -0.026974 0.000744
v 0.019235 -0.026295 0.000016
v 0.019228 -0.026316 0.000024
v 0.019220 -0.026338 0.000033
v 0.019111 -0.026561 0.000167
v 0.018818 -0.026885 0.000551
v 0.018783 -0.026910 0.000598
v -0.000000 -0.029657 0.027043
v -0.000000 -0.028961 0.027113
v 0.018389 -0.027067 0.001142
v 0.019243 -0.026273 0.000008
v 0.018916 -0.026801 0.000419
v 0.018884 -0.026831 0.000462
v 0.018851 -0.026859 0.000506
v 0.019006 -0.026706 0.000301
v 0.018977 -0.026739 0.000339
v 0.018947 -0.026771 0.000378
v 0.019086 -0.026599 0.000197
v 0.019061 -0.026635 0.000230
v 0.019034 -0.026671 0.000265
v -0.000000 -0.031496 0.052467
v 0.003500 -0.031910 0.056605
v -0.003500 -0.031910 0.056605
v 0.022574 -0.032157 0.059069
v -0.022574 -0.032157 0.059069
v -0.003500 -0.033303 0.056466
v -0.022988 -0.032163 0.059123
v -0.023450 -0.032173 0.059182
v -0.025726 -0.032258 0.059471
v -0.023912 -0.032185 0.059241
v -0.024374 -0.032199 0.059300
v -0.024825 -0.032216 0.059357
v -0.025275 -0.032236 0.059414
v 0.003500 -0.032607 0.056535
v -0.000000 -0.032193 0.052397
v 0.024321 0.030677 0.054828
v -0.024321 0.030677 0.054828
v 0.025904 0.032204 0.059318
v 0.025903 0.032217 0.059358
v 0.025901 0.032236 0.059415
v 0.025899 0.032258 0.059471
v 0.025897 0.032283 0.059526
v 0.025895 0.032310 0.059580
v -0.024570 0.031358 0.047565
v -0.020580 0.027788 0.011865
v -0.020580 0.027440 0.011900
v -0.021910 0.028978 0.023765
v -0.021910 0.028630 0.023800
v -0.023240 0.030168 0.035665
v -0.023240 0.029820 0.035700
v -0.024570 0.031010 0.047599
v 0.009786 -0.031732 0.040757
v 0.009786 -0.031036 0.040827
v 0.003500 0.032607 0.056535
v 0.025726 0.032258 0.059471
v 0.025873 0.032266 0.059489
v 0.025855 0.032303 0.059483
v 0.024889 0.032883 0.059299
v 0.022988 0.032163 0.059123
v 0.023450 0.032173 0.059182
v 0.025789 0.032418 0.059463
v 0.025763 0.032454 0.059456
v 0.023912 0.032185 0.059241
v 0.024374 0.032199 0.059300
v 0.024825 0.032216 0.059357
v 0.025835 0.032342 0.059477
v 0.025813 0.032380 0.059470
v 0.025004 0.032878 0.059314
v 0.024959 0.032882 0.059308
v 0.024914 0.032883 0.059302
v 0.025432 0.032746 0.059383
v 0.025392 0.032767 0.059376
v 0.025276 0.032236 0.059414
v 0.025352 0.032787 0.059369
v 0.025310 0.032804 0.059362
v 0.025138 0.032858 0.059334
v 0.025094 0.032866 0.059327
v 0.025049 0.032873 0.059321
v 0.025544 0.032674 0.059405
v 0.025508 0.032699 0.059398
v 0.025470 0.032724 0.059391
v 0.025268 0.032820 0.059355
v 0.025225 0.032835 0.059348
v 0.025182 0.032847 0.059341
v 0.025647 0.032587 0.059427
v 0.025614 0.032617 0.059420
v 0.025580 0.032646 0.059413
v 0.025736 0.032489 0.059449
v 0.025708 0.032523 0.059442
v 0.025678 0.032556 0.059435
v 0.018410 0.027064 0.001113
v 0.018389 0.027067 0.001142
v 0.018449 0.027057 0.001059
v 0.018487 0.027048 0.001005
v 0.018526 0.027036 0.000951
v 0.018564 0.027024 0.000899
v 0.018601 0.027009 0.000846
v 0.018639 0.026992 0.000795
v 0.018676 0.026974 0.000744
v 0.018712 0.026954 0.000694
v 0.018748 0.026933 0.000646
v 0.018783 0.026910 0.000598
v 0.018818 0.026885 0.000551
v 0.018851 0.026859 0.000506
v 0.018884 0.026831 0.000462
v 0.018916 0.026801 0.000419
v 0.018947 0.026771 0.000378
v 0.018977 0.026739 0.000339
v 0.019006 0.026706 0.000301
v 0.019034 0.026671 0.000265
v 0.019061 0.026635 0.000230
v 0.019086 0.026599 0.000197
v 0.019111 0.026561 0.000167
v 0.019122 0.026542 0.000152
v 0.019134 0.026522 0.000138
v 0.019145 0.026502 0.000124
v 0.019155 0.026482 0.000111
v 0.019166 0.026462 0.000098
v 0.019176 0.026442 0.000086
v 0.019185 0.026421 0.000074
v 0.019195 0.026401 0.000063
v 0.025873 0.032262 0.059479
v 0.019204 0.026380 0.000053
v 0.019212 0.026359 0.000043
v 0.019220 0.026338 0.000033
v 0.025874 0.032236 0.059415
v 0.025873 0.032226 0.059387
v 0.019228 0.026316 0.000024
v 0.025874 0.032247 0.059443
v 0.025873 0.032258 0.059471
v 0.025873 0.032217 0.059358
v 0.025871 0.032204 0.059317
v 0.019235 0.026295 0.000016
v 0.025861 0.032178 0.059185
v 0.025863 0.032173 0.059183
v 0.025860 0.032167 0.059153
v 0.025857 0.032163 0.059123
v 0.025869 0.032192 0.059271
v 0.025867 0.032185 0.059242
v 0.025865 0.032178 0.059212
v 0.019243 0.026273 0.000008
v 0.025870 0.032199 0.059300
v 0.024377 -0.030677 0.055331
v 0.024377 0.030677 0.055331
v 0.024889 -0.032883 0.059299
v 0.022988 -0.032163 0.059123
v 0.023450 -0.032173 0.059182
v 0.024825 -0.032216 0.059357
v 0.024374 -0.032199 0.059300
v 0.023912 -0.032185 0.059241
v 0.025736 -0.032489 0.059449
v 0.025763 -0.032454 0.059456
v 0.025726 -0.032258 0.059471
v 0.025789 -0.032418 0.059463
v 0.025813 -0.032380 0.059470
v 0.025835 -0.032342 0.059477
v 0.025855 -0.032303 0.059483
v 0.025873 -0.032266 0.059489
v 0.025310 -0.032804 0.059362
v 0.025352 -0.032787 0.059369
v 0.025276 -0.032236 0.059414
v 0.025392 -0.032767 0.059376
v 0.024914 -0.032883 0.059302
v 0.024959 -0.032882 0.059308
v 0.025004 -0.032878 0.059314
v 0.025432 -0.032746 0.059383
v 0.025470 -0.032724 0.059391
v 0.025508 -0.032699 0.059398
v 0.025049 -0.032873 0.059321
v 0.025094 -0.032866 0.059327
v 0.025138 -0.032858 0.059334
v 0.025544 -0.032674 0.059405
v 0.025580 -0.032646 0.059413
v 0.025614 -0.032617 0.059420
v 0.025182 -0.032847 0.059341
v 0.025225 -0.032835 0.059348
v 0.025268 -0.032820 0.059355
v 0.025647 -0.032587 0.059427
v 0.025678 -0.032556 0.059435
v 0.025708 -0.032523 0.059442
v 0.025904 -0.032204 0.059318
v 0.025873 -0.032262 0.059479
v 0.025864 -0.032184 0.059220
v 0.025871 -0.032204 0.059317
v 0.025857 -0.032163 0.059123
v 0.025863 -0.032173 0.059183
v 0.025865 -0.032178 0.059212
v 0.025867 -0.032185 0.059242
v 0.025869 -0.032192 0.059271
v 0.025870 -0.032199 0.059300
v 0.025860 -0.032167 0.059153
v 0.025873 -0.032217 0.059358
v 0.025873 -0.032226 0.059387
v 0.025874 -0.032236 0.059415
v 0.025874 -0.032247 0.059443
v 0.025873 -0.032258 0.059471
v -0.024377 0.030677 0.055331
v -0.024377 -0.030677 0.055331
v 0.025899 -0.032258 0.059471
v 0.025897 -0.032283 0.059526
v 0.025895 -0.032310 0.059580
v 0.025901 -0.032236 0.059415
v 0.025903 -0.032217 0.059358
v -0.025834 0.031785 0.057864
v -0.025831 0.031695 0.057894
v -0.025828 0.031603 0.057922
v -0.025824 0.031509 0.057948
v -0.025821 0.031413 0.057971
v -0.025818 0.031316 0.057992
v -0.025814 0.031217 0.058010
v -0.025811 0.031117 0.058027
v -0.025807 0.031016 0.058040
v -0.025804 0.030913 0.058051
v -0.025800 0.030810 0.058060
v -0.025796 0.030707 0.058067
v -0.025793 0.030603 0.058070
v -0.025789 0.030499 0.058072
v 0.025834 0.031785 0.057864
v 0.025831 0.031695 0.057894
v 0.025828 0.031603 0.057922
v 0.025824 0.031509 0.057948
v 0.025821 0.031413 0.057971
v 0.025818 0.031316 0.057992
v 0.025814 0.031217 0.058010
v 0.025811 0.031117 0.058027
v 0.025807 0.031016 0.058040
v 0.025804 0.030913 0.058051
v 0.025800 0.030810 0.058060
v 0.025796 0.030707 0.058067
v 0.025793 0.030603 0.058070
v 0.025789 0.030499 0.058072
v -0.025337 0.017564 0.058072
v -0.015188 0.007064 0.058072
v -0.025337 0.017564 0.059472
v -0.015188 0.007064 0.059472
v 0.015188 0.007064 0.059472
v 0.025337 0.017564 0.059472
v -0.025885 0.033232 0.059472
v 0.025885 0.033232 0.059472
v 0.015188 0.007064 0.058072
v 0.025337 0.017564 0.058072
v -0.025834 -0.032192 0.057885
v -0.025831 -0.032102 0.057915
v -0.025828 -0.032010 0.057942
v -0.025824 -0.031916 0.057968
v -0.025821 -0.031820 0.057991
v -0.025818 -0.031723 0.058012
v -0.025814 -0.031624 0.058031
v -0.025811 -0.031524 0.058047
v -0.025807 -0.031422 0.058061
v -0.025804 -0.031320 0.058072
v -0.025800 -0.031217 0.058081
v -0.025796 -0.031114 0.058087
v -0.025793 -0.031010 0.058091
v -0.025789 -0.030905 0.058092
v 0.025834 -0.032192 0.057885
v 0.025831 -0.032102 0.057915
v 0.025828 -0.032010 0.057942
v 0.025824 -0.031916 0.057968
v 0.025821 -0.031820 0.057991
v 0.025818 -0.031723 0.058012
v 0.025814 -0.031624 0.058031
v 0.025811 -0.031524 0.058047
v 0.025807 -0.031422 0.058061
v 0.025804 -0.031320 0.058072
v 0.025800 -0.031217 0.058081
v 0.025796 -0.031114 0.058087
v 0.025793 -0.031010 0.058091
v 0.025789 -0.030905 0.058092
v -0.025895 -0.033938 0.059524
v -0.025893 -0.033879 0.059513
v -0.025891 -0.033819 0.059504
v -0.025885 -0.033639 0.059492
v -0.025889 -0.033759 0.059497
v -0.025887 -0.033699 0.059493
v -0.025337 -0.017971 0.059492
v -0.025337 -0.017971 0.058092
v 0.015188 -0.007471 0.058092
v -0.015188 -0.007471 0.058092
v 0.015188 -0.007471 0.059492
v -0.015188 -0.007471 0.059492
v 0.025885 -0.033639 0.059492
v 0.025337 -0.017971 0.059492
v 0.025337 -0.017971 0.058092
v 0.025895 -0.033938 0.059524
v 0.025893 -0.033879 0.059513
v 0.025891 -0.033819 0.059504
v 0.025889 -0.033759 0.059497
v 0.025887 -0.033699 0.059493
v 0.024794 0.032134 0.058494
v 0.024704 0.032131 0.058524
v 0.024612 0.032128 0.058552
v 0.024518 0.032124 0.058578
v 0.024422 0.032121 0.058601
v 0.024325 0.032118 0.058622
v 0.024226 0.032114 0.058640
v 0.024125 0.032111 0.058656
v 0.024024 0.032107 0.058670
v 0.023922 0.032104 0.058681
v 0.023819 0.032100 0.058690
v 0.023715 0.032096 0.058697
v 0.023612 0.032093 0.058700
v 0.023507 0.032089 0.058702
v 0.024794 -0.032134 0.058494
v 0.024704 -0.032131 0.058524
v 0.024612 -0.032128 0.058552
v 0.024518 -0.032124 0.058578
v 0.024422 -0.032121 0.058601
v 0.024325 -0.032118 0.058622
v 0.024226 -0.032114 0.058640
v 0.024125 -0.032111 0.058656
v 0.024024 -0.032107 0.058670
v 0.023922 -0.032104 0.058681
v 0.023819 -0.032100 0.058690
v 0.023715 -0.032096 0.058697
v 0.023612 -0.032093 0.058700
v 0.023507 -0.032089 0.058702
v 0.026080 0.032179 0.060102
v 0.026080 -0.032179 0.060102
v 0.000073 0.021487 0.058702
v 0.000073 -0.021487 0.058702
v 0.000073 0.021487 0.060102
v 0.000073 -0.021487 0.060102
v 0.010573 -0.031637 0.058702
v 0.010573 -0.031637 0.060102
v 0.010573 0.031637 0.060102
v 0.010573 0.031637 0.058702
v -0.024794 -0.032134 0.058494
v -0.024704 -0.032131 0.058524
v -0.024612 -0.032128 0.058552
v -0.024518 -0.032124 0.058578
v -0.024422 -0.032121 0.058601
v -0.024325 -0.032118 0.058622
v -0.024226 -0.032114 0.058640
v -0.024125 -0.032111 0.058656
v -0.024024 -0.032107 0.058670
v -0.023922 -0.032104 0.058681
v -0.023819 -0.032100 0.058690
v -0.023715 -0.032096 0.058697
v -0.023612 -0.032093 0.058700
v -0.023507 -0.032089 0.058702
v -0.024794 0.032134 0.058494
v -0.024704 0.032131 0.058524
v -0.024612 0.032128 0.058552
v -0.024518 0.032124 0.058578
v -0.024422 0.032121 0.058601
v -0.024325 0.032118 0.058622
v -0.024226 0.032114 0.058640
v -0.024125 0.032111 0.058656
v -0.024024 0.032107 0.058670
v -0.023922 0.032104 0.058681
v -0.023819 0.032100 0.058690
v -0.023715 0.032096 0.058697
v -0.023612 0.032093 0.058700
v -0.023507 0.032089 0.058702
v -0.026080 -0.032179 0.060102
v -0.026080 0.032179 0.060102
v -0.000073 -0.021487 0.058702
v -0.000073 0.021487 0.058702
v -0.000073 -0.021487 0.060102
v -0.000073 0.021487 0.060102
v -0.010573 -0.031637 0.058702
v -0.010573 -0.031637 0.060102
v -0.010573 0.031637 0.060102
v -0.010573 0.031637 0.058702
vn -0.9893 0.0030 -0.1457
vn -0.9893 0.0042 -0.1458
vn -0.9891 0.0065 -0.1470
vn -0.9885 0.0122 -0.1509
vn -0.9863 0.0247 -0.1633
vn -0.9803 0.0546 -0.1897
vn -0.9936 -0.0000 -0.1127
vn -0.9934 -0.0000 -0.1146
vn -0.9905 -0.0000 -0.1375
vn -0.9937 -0.0000 -0.1119
vn -0.9936 -0.0000 -0.1131
vn -0.9928 -0.0000 -0.1196
vn -0.9928 -0.0000 -0.1197
vn -0.9930 -0.0000 -0.1185
vn -0.9932 -0.0000 -0.1162
vn -0.9934 -0.0000 -0.1150
vn -0.9927 -0.0000 -0.1205
vn -0.9931 -0.0000 -0.1175
vn -0.9924 -0.0000 -0.1230
vn -0.9853 -0.0300 -0.1682
vn -0.9879 -0.0156 -0.1541
vn -0.9889 -0.0083 -0.1482
vn -0.9893 -0.0049 -0.1459
vn -0.9893 -0.0030 -0.1455
vn -0.9930 -0.0000 -0.1177
vn -0.9935 -0.0000 -0.1141
vn -0.9935 -0.0000 -0.1143
vn -0.9937 -0.0000 -0.1124
vn -0.9932 -0.0000 -0.1161
vn -0.9938 -0.0000 -0.1112
vn -0.9904 -0.0000 -0.1383
vn -0.9849 -0.0000 -0.1733
vn -0.9767 -0.0000 -0.2144
vn -0.9767 -0.0000 -0.2145
vn -0.9669 -0.0000 -0.2552
vn -0.9669 -0.0000 -0.2551
vn -0.9553 -0.0000 -0.2955
vn -0.9554 -0.0000 -0.2954
vn 0.9796 -0.0000 -0.2012
vn 0.9739 -0.0000 -0.2270
vn 0.9767 -0.0000 -0.2147
vn 0.9680 -0.0000 -0.2510
vn 0.9702 -0.0000 -0.2422
vn 0.9938 0.0002 -0.1111
vn 0.9288 -0.0000 -0.3705
vn 0.9767 -0.0000 -0.2144
vn 0.9739 -0.0000 -0.2271
vn 0.9702 -0.0000 -0.2423
vn 0.9677 -0.0000 -0.2522
vn 0.9660 -0.0000 -0.2584
vn 0.9659 -0.0000 -0.2588
vn 0.9581 -0.0000 -0.2864
vn 0.9621 -0.0000 -0.2726
vn 0.9450 -0.0428 -0.3244
vn 0.9581 -0.0000 -0.2865
vn 0.9535 -0.0000 -0.3014
vn 0.9535 -0.0000 -0.3013
vn 0.9468 -0.0000 -0.3218
vn 0.9494 -0.0000 -0.3140
vn 0.9454 -0.0000 -0.3259
vn 0.9702 -0.0000 -0.2424
vn 0.9938 -0.0000 -0.1111
vn 0.9938 -0.0000 -0.1112
vn -0.9994 -0.0224 0.0267
vn -0.9938 0.0002 -0.1111
vn -0.9933 -0.0215 -0.1132
vn -0.9936 -0.0107 -0.1121
vn -0.9936 -0.0109 -0.1121
vn -0.9933 -0.0215 -0.1131
vn -0.9938 0.0001 -0.1111
vn -0.7682 -0.6228 -0.1481
vn -0.7681 -0.6229 -0.1482
vn -0.7819 -0.6056 -0.1480
vn -0.7820 -0.6055 -0.1479
vn -0.7950 -0.5884 -0.1477
vn -0.8078 -0.5707 -0.1474
vn -0.8079 -0.5705 -0.1473
vn -0.8202 -0.5529 -0.1470
vn -0.8203 -0.5527 -0.1469
vn -0.8323 -0.5346 -0.1465
vn -0.8440 -0.5160 -0.1459
vn -0.8440 -0.5160 -0.1460
vn -0.8553 -0.4974 -0.1453
vn -0.8553 -0.4973 -0.1453
vn -0.8660 -0.4786 -0.1447
vn -0.8765 -0.4594 -0.1439
vn -0.8766 -0.4591 -0.1439
vn -0.8865 -0.4400 -0.1431
vn -0.8865 -0.4401 -0.1431
vn -0.8961 -0.4204 -0.1422
vn -0.9052 -0.4008 -0.1413
vn -0.9053 -0.4006 -0.1412
vn -0.9140 -0.3808 -0.1402
vn -0.9141 -0.3806 -0.1402
vn -0.9223 -0.3605 -0.1391
vn -0.9224 -0.3604 -0.1391
vn -0.9302 -0.3401 -0.1379
vn -0.9302 -0.3402 -0.1380
vn -0.9375 -0.3198 -0.1368
vn -0.9376 -0.3197 -0.1368
vn -0.9446 -0.2991 -0.1355
vn -0.9445 -0.2992 -0.1355
vn -0.9511 -0.2783 -0.1341
vn -0.9511 -0.2782 -0.1341
vn -0.9571 -0.2574 -0.1327
vn -0.9571 -0.2575 -0.1328
vn -0.9628 -0.2363 -0.1312
vn -0.9628 -0.2364 -0.1312
vn -0.9679 -0.2152 -0.1297
vn -0.9679 -0.2153 -0.1297
vn -0.9726 -0.1940 -0.1281
vn -0.9726 -0.1939 -0.1281
vn -0.9768 -0.1726 -0.1264
vn -0.9768 -0.1727 -0.1265
vn -0.9806 -0.1512 -0.1247
vn -0.9806 -0.1513 -0.1247
vn -0.9839 -0.1298 -0.1230
vn -0.9839 -0.1298 -0.1229
vn -0.9867 -0.1081 -0.1211
vn -0.9891 -0.0866 -0.1192
vn -0.9910 -0.0649 -0.1172
vn -0.9910 -0.0649 -0.1173
vn -0.9924 -0.0433 -0.1153
vn -0.9924 -0.0433 -0.1152
vn -0.9936 -0.0108 -0.1122
vn -0.7102 -0.6882 -0.1482
vn -0.7255 -0.6721 -0.1483
vn -0.7472 -0.6478 -0.1483
vn -0.7401 -0.6560 -0.1483
vn -0.7544 -0.6395 -0.1483
vn -0.7180 -0.6801 -0.1483
vn -0.6873 -0.7111 -0.1479
vn -0.6873 -0.7112 -0.1479
vn -0.6552 -0.7409 -0.1473
vn -0.6554 -0.7408 -0.1473
vn -0.6221 -0.7691 -0.1464
vn -0.5877 -0.7959 -0.1453
vn -0.5876 -0.7960 -0.1453
vn -0.5522 -0.8212 -0.1438
vn -0.5155 -0.8450 -0.1421
vn -0.5156 -0.8450 -0.1421
vn -0.4780 -0.8671 -0.1401
vn -0.4781 -0.8670 -0.1401
vn -0.4396 -0.8876 -0.1379
vn -0.4396 -0.8875 -0.1379
vn -0.4003 -0.9063 -0.1354
vn -0.3602 -0.9234 -0.1326
vn -0.3195 -0.9387 -0.1296
vn -0.2782 -0.9522 -0.1263
vn -0.2781 -0.9522 -0.1263
vn -0.2362 -0.9639 -0.1228
vn -0.2363 -0.9639 -0.1228
vn -0.1940 -0.9738 -0.1190
vn -0.1938 -0.9738 -0.1190
vn -0.1513 -0.9818 -0.1151
vn -0.1512 -0.9818 -0.1151
vn -0.1080 -0.9879 -0.1109
vn -0.1082 -0.9879 -0.1109
vn -0.0651 -0.9922 -0.1065
vn -0.0217 -0.9946 -0.1019
vn -0.0216 -0.9946 -0.1019
vn 0.7651 0.0641 0.6407
vn -0.9994 0.0224 0.0267
vn 0.8167 -0.0574 -0.5741
vn 0.8167 -0.0574 -0.5742
vn 0.8168 -0.0575 -0.5740
vn 0.8168 -0.0574 -0.5740
vn 0.8168 -0.0574 -0.5741
vn 0.8167 -0.0575 -0.5741
vn 0.8168 -0.0573 -0.5741
vn 0.8168 -0.0575 -0.5741
vn 0.8167 -0.0575 -0.5742
vn 0.8167 -0.0574 -0.5743
vn 0.8167 -0.0576 -0.5741
vn 0.8169 -0.0574 -0.5740
vn 0.8166 -0.0574 -0.5743
vn 0.8166 -0.0575 -0.5743
vn 0.8167 -0.0573 -0.5742
vn 0.8165 -0.0574 -0.5744
vn 0.8169 -0.0574 -0.5739
vn 0.8167 -0.0575 -0.5743
vn 0.8176 -0.0574 -0.5730
vn 0.8169 -0.0574 -0.5738
vn 0.8169 -0.0576 -0.5738
vn -0.0000 0.9950 0.0995
vn -0.9939 0.0105 -0.1098
vn -0.9940 0.0123 -0.1089
vn -0.9940 0.0096 -0.1090
vn -0.9938 0.0097 -0.1108
vn -0.9939 0.0107 -0.1100
vn -0.9939 0.0110 -0.1100
vn -0.9939 0.0109 -0.1100
vn -0.9953 0.0110 -0.0963
vn -0.9938 0.0093 -0.1110
vn -0.9938 0.0089 -0.1109
vn -0.9937 0.0114 -0.1114
vn -0.9939 0.0151 -0.1089
vn -0.9942 0.0137 -0.1070
vn -0.9933 0.0103 -0.1149
vn -0.9944 0.0120 -0.1047
vn -0.0000 0.9950 -0.0995
vn 0.1295 0.1047 0.9860
vn 0.1281 0.0881 0.9878
vn 0.1289 0.0968 0.9869
vn 0.1288 0.0988 0.9867
vn 0.1286 0.0995 0.9867
vn 0.1287 0.1003 0.9866
vn 0.1289 0.0982 0.9868
vn 0.1288 0.0986 0.9868
vn 0.1288 0.0987 0.9868
vn 0.1289 0.0984 0.9868
vn 0.1287 0.0986 0.9868
vn 0.1287 0.0987 0.9868
vn 0.1289 0.0986 0.9867
vn 0.1288 0.0987 0.9867
vn 0.1287 0.0985 0.9868
vn 0.1286 0.0988 0.9868
vn 0.1290 0.0987 0.9867
vn 0.1286 0.0986 0.9868
vn 0.1291 0.0987 0.9867
vn 0.1290 0.0988 0.9867
vn 0.1284 0.0987 0.9868
vn 0.1291 0.0986 0.9867
vn 0.1283 0.0987 0.9868
vn 0.1293 0.0986 0.9867
vn 0.1281 0.0988 0.9868
vn 0.1292 0.0987 0.9867
vn 0.1292 0.0986 0.9867
vn 0.1282 0.0987 0.9868
vn 0.1295 0.0983 0.9867
vn 0.1283 0.0986 0.9868
vn 0.1294 0.0987 0.9867
vn 0.1285 0.0990 0.9868
vn 0.1335 0.0981 0.9862
vn 0.1230 0.0988 0.9875
vn 0.1226 0.0979 0.9876
vn 0.1209 0.1001 0.9876
vn -0.8168 0.0573 -0.5741
vn -0.8168 0.0574 -0.5741
vn -0.8168 0.0575 -0.5740
vn -0.8168 0.0574 -0.5740
vn -0.8167 0.0574 -0.5742
vn -0.8169 0.0574 -0.5740
vn -0.8167 0.0573 -0.5742
vn -0.8166 0.0576 -0.5743
vn -0.8167 0.0575 -0.5742
vn -0.8167 0.0575 -0.5741
vn -0.8168 0.0573 -0.5740
vn -0.8166 0.0575 -0.5743
vn -0.8165 0.0574 -0.5744
vn -0.8169 0.0573 -0.5740
vn -0.8167 0.0574 -0.5741
vn -0.8166 0.0574 -0.5743
vn -0.8168 0.0575 -0.5741
vn -0.8168 0.0579 -0.5740
vn -0.8169 0.0574 -0.5739
vn -0.0000 -0.9950 -0.0995
vn 0.1295 -0.0984 0.9867
vn 0.1288 -0.0987 0.9868
vn 0.1288 -0.0987 0.9867
vn 0.1290 -0.0987 0.9867
vn 0.1283 -0.0987 0.9868
vn 0.1287 -0.0987 0.9868
vn 0.1292 -0.0987 0.9867
vn 0.1284 -0.0987 0.9868
vn 0.1289 -0.0987 0.9867
vn 0.1280 -0.0986 0.9869
vn 0.1295 -0.0987 0.9867
vn 0.1291 -0.0986 0.9867
vn 0.1285 -0.0987 0.9868
vn 0.1290 -0.0988 0.9867
vn 0.1286 -0.0986 0.9868
vn 0.1282 -0.0986 0.9868
vn 0.1295 -0.0988 0.9866
vn 0.1287 -0.0985 0.9868
vn 0.1289 -0.0988 0.9867
vn 0.1285 -0.0986 0.9868
vn 0.1288 -0.0986 0.9868
vn 0.1291 -0.0989 0.9867
vn 0.1292 -0.0985 0.9867
vn 0.1287 -0.0988 0.9868
vn 0.1289 -0.0984 0.9868
vn 0.1286 -0.0988 0.9868
vn 0.1289 -0.0992 0.9867
vn 0.1286 -0.0985 0.9868
vn 0.1292 -0.0989 0.9867
vn 0.1285 -0.0990 0.9868
vn 0.1285 -0.0983 0.9868
vn 0.1288 -0.0985 0.9868
vn 0.1292 -0.0990 0.9867
vn 0.1285 -0.0982 0.9868
vn 0.1290 -0.0989 0.9867
vn 0.1286 -0.0987 0.9868
vn -0.7651 -0.0641 0.6407
vn -0.0000 -0.9950 0.0995
vn -0.9939 -0.0110 -0.1100
vn -0.9939 -0.0109 -0.1100
vn -0.9939 -0.0112 -0.1100
vn -0.9938 -0.0120 -0.1101
vn -0.9937 -0.0099 -0.1118
vn -0.9939 -0.0105 -0.1098
vn -0.9934 -0.0103 -0.1139
vn -0.9942 -0.0110 -0.1068
vn -0.9938 -0.0125 -0.1102
vn -0.9944 -0.0135 -0.1045
vn -0.9939 -0.0096 -0.1100
vn -0.9935 -0.0112 -0.1135
vn -0.9938 -0.0103 -0.1103
vn -0.9932 -0.0088 -0.1162
vn -0.9944 -0.0110 -0.1050
vn 0.7651 -0.0641 0.6407
vn -0.1288 0.0987 0.9868
vn -0.1288 0.0988 0.9867
vn -0.1288 0.0987 0.9867
vn -0.1288 0.0986 0.9868
vn -0.1287 0.0987 0.9868
vn -0.1287 0.0986 0.9868
vn -0.1286 0.0986 0.9868
vn -0.1289 0.0987 0.9867
vn -0.1286 0.0987 0.9868
vn -0.1288 0.0985 0.9868
vn -0.1286 0.0988 0.9868
vn -0.1290 0.0987 0.9867
vn -0.1289 0.0988 0.9867
vn -0.1287 0.0985 0.9868
vn -0.1288 0.0989 0.9867
vn 0.0119 0.9948 -0.1008
vn 0.0114 0.9948 -0.1008
vn 0.0439 0.9936 -0.1043
vn 0.0860 0.9904 -0.1086
vn 0.1278 0.9854 -0.1128
vn 0.1275 0.9854 -0.1128
vn 0.1693 0.9786 -0.1168
vn 0.2106 0.9701 -0.1205
vn 0.2106 0.9701 -0.1206
vn 0.2515 0.9599 -0.1241
vn 0.2918 0.9479 -0.1274
vn 0.2921 0.9479 -0.1274
vn 0.3318 0.9343 -0.1305
vn 0.3713 0.9189 -0.1334
vn 0.3711 0.9190 -0.1334
vn 0.4099 0.9020 -0.1360
vn 0.4099 0.9019 -0.1360
vn 0.4478 0.8834 -0.1384
vn 0.4849 0.8632 -0.1405
vn 0.4851 0.8631 -0.1405
vn 0.5211 0.8415 -0.1424
vn 0.5212 0.8415 -0.1424
vn 0.5565 0.8183 -0.1440
vn 0.5566 0.8182 -0.1440
vn 0.5910 0.7935 -0.1454
vn 0.5908 0.7936 -0.1454
vn 0.6241 0.7675 -0.1465
vn 0.6563 0.7400 -0.1474
vn 0.6564 0.7399 -0.1473
vn 0.6872 0.7112 -0.1479
vn 0.6873 0.7112 -0.1479
vn 0.7170 0.6811 -0.1482
vn 0.7170 0.6811 -0.1483
vn 0.7456 0.6497 -0.1483
vn 0.7455 0.6498 -0.1483
vn 0.7726 0.6173 -0.1481
vn 0.7727 0.6173 -0.1481
vn 0.7921 0.5923 -0.1477
vn 0.7985 0.5837 -0.1476
vn 0.8045 0.5753 -0.1475
vn 0.8168 0.5579 -0.1471
vn 0.8226 0.5493 -0.1469
vn 0.8286 0.5402 -0.1466
vn 0.8399 0.5227 -0.1462
vn 0.8456 0.5135 -0.1458
vn 0.8510 0.5045 -0.1456
vn 0.8617 0.4863 -0.1449
vn 0.8669 0.4770 -0.1446
vn 0.8720 0.4678 -0.1442
vn 0.9037 0.4019 -0.1476
vn 0.8820 0.4490 -0.1434
vn 0.8867 0.4397 -0.1431
vn 0.8913 0.4303 -0.1427
vn 0.9049 0.4016 -0.1413
vn 0.9005 0.4111 -0.1417
vn 0.9223 0.3606 -0.1392
vn 0.9195 0.3675 -0.1395
vn 0.9093 0.3917 -0.1407
vn 0.9141 0.3805 -0.1404
vn 0.9161 0.3756 -0.1400
vn 0.9249 0.3541 -0.1388
vn 0.9276 0.3470 -0.1384
vn 0.9175 0.3724 -0.1398
vn 0.9345 0.3284 -0.1374
vn 0.9341 0.3292 -0.1381
vn 0.9350 0.3270 -0.1372
vn 0.9354 0.3259 -0.1370
vn 0.9326 0.3337 -0.1377
vn 0.9338 0.3304 -0.1375
vn 0.9345 0.3285 -0.1372
vn 0.9332 0.3321 -0.1375
vn 0.9253 0.3529 -0.1387
vn 0.9303 0.3397 -0.1387
vn 0.9230 0.3579 -0.1411
vn 0.9269 0.3484 -0.1397
vn 0.9331 0.3323 -0.1376
vn 0.9325 0.3338 -0.1381
vn -0.7651 0.0641 0.6407
vn -0.9938 -0.0000 0.1111
vn 0.0226 0.9994 0.0267
vn -0.1288 -0.0987 0.9868
vn -0.1288 -0.0987 0.9867
vn -0.1288 -0.0986 0.9868
vn -0.1288 -0.0988 0.9867
vn -0.1286 -0.0986 0.9868
vn -0.1289 -0.0987 0.9867
vn -0.1287 -0.0987 0.9868
vn -0.1287 -0.0986 0.9868
vn -0.1286 -0.0988 0.9868
vn -0.1288 -0.0985 0.9868
vn -0.1288 -0.0989 0.9867
vn -0.1289 -0.0989 0.9867
vn -0.1286 -0.0987 0.9868
vn -0.1287 -0.0985 0.9868
vn -0.9938 -0.0000 -0.1111
vn 0.0226 -0.9994 0.0267
vn 0.9093 -0.3917 -0.1408
vn 0.9717 -0.2024 -0.1215
vn 0.9331 -0.3322 -0.1375
vn 0.9264 -0.3495 -0.1399
vn 0.0729 -0.9905 -0.1170
vn 0.9336 -0.3310 -0.1374
vn 0.9333 -0.3316 -0.1378
vn 0.9326 -0.3335 -0.1376
vn 0.9299 -0.3408 -0.1385
vn 0.9271 -0.3476 -0.1400
vn 0.9346 -0.3282 -0.1374
vn 0.9332 -0.3318 -0.1382
vn 0.9327 -0.3331 -0.1380
vn 0.9542 -0.2743 -0.1193
vn 0.9253 -0.3529 -0.1387
vn 0.9175 -0.3724 -0.1398
vn 0.9276 -0.3470 -0.1384
vn 0.9249 -0.3541 -0.1388
vn 0.9223 -0.3606 -0.1391
vn 0.9195 -0.3675 -0.1395
vn 0.9161 -0.3757 -0.1400
vn 0.9141 -0.3805 -0.1404
vn 0.9037 -0.4017 -0.1479
vn 0.9005 -0.4111 -0.1417
vn 0.9049 -0.4015 -0.1413
vn 0.8913 -0.4303 -0.1427
vn 0.8867 -0.4397 -0.1431
vn 0.8820 -0.4490 -0.1434
vn 0.8720 -0.4678 -0.1442
vn 0.8669 -0.4770 -0.1446
vn 0.8617 -0.4863 -0.1449
vn 0.8455 -0.5136 -0.1459
vn 0.8400 -0.5225 -0.1461
vn 0.8511 -0.5045 -0.1456
vn 0.7921 -0.5922 -0.1477
vn 0.8045 -0.5753 -0.1475
vn 0.8227 -0.5492 -0.1469
vn 0.8167 -0.5579 -0.1471
vn 0.8287 -0.5402 -0.1466
vn 0.7984 -0.5837 -0.1476
vn 0.7727 -0.6173 -0.1481
vn 0.7726 -0.6174 -0.1481
vn 0.7455 -0.6498 -0.1483
vn 0.7456 -0.6497 -0.1483
vn 0.7170 -0.6811 -0.1482
vn 0.7170 -0.6811 -0.1483
vn 0.6873 -0.7112 -0.1479
vn 0.6872 -0.7112 -0.1480
vn 0.6564 -0.7399 -0.1473
vn 0.6563 -0.7400 -0.1474
vn 0.6240 -0.7675 -0.1465
vn 0.6242 -0.7674 -0.1465
vn 0.5909 -0.7935 -0.1454
vn 0.5909 -0.7936 -0.1454
vn 0.5565 -0.8183 -0.1440
vn 0.5566 -0.8182 -0.1440
vn 0.5213 -0.8414 -0.1424
vn 0.5210 -0.8416 -0.1424
vn 0.4850 -0.8632 -0.1405
vn 0.4478 -0.8834 -0.1384
vn 0.4477 -0.8834 -0.1384
vn 0.4100 -0.9019 -0.1360
vn 0.4098 -0.9020 -0.1360
vn 0.3711 -0.9190 -0.1334
vn 0.3713 -0.9189 -0.1334
vn 0.3318 -0.9343 -0.1305
vn 0.2920 -0.9479 -0.1274
vn 0.2919 -0.9479 -0.1274
vn 0.2515 -0.9599 -0.1241
vn 0.2106 -0.9701 -0.1205
vn 0.2106 -0.9701 -0.1206
vn 0.1693 -0.9786 -0.1168
vn 0.1277 -0.9854 -0.1128
vn 0.1276 -0.9854 -0.1128
vn 0.0860 -0.9904 -0.1086
vn 0.0439 -0.9936 -0.1043
vn 0.0438 -0.9936 -0.1043
vn 0.0114 -0.9948 -0.1008
vn 0.0119 -0.9948 -0.1008
vn -0.8115 0.5655 -0.1472
vn -0.7864 0.5998 -0.1479
vn -0.7863 0.5999 -0.1479
vn -0.7599 0.6330 -0.1482
vn -0.7598 0.6331 -0.1482
vn -0.7320 0.6649 -0.1483
vn -0.7320 0.6650 -0.1483
vn -0.7028 0.6958 -0.1481
vn -0.6722 0.7255 -0.1477
vn -0.6723 0.7254 -0.1477
vn -0.6406 0.7536 -0.1470
vn -0.6407 0.7536 -0.1470
vn -0.6079 0.7805 -0.1460
vn -0.5739 0.8061 -0.1447
vn -0.5738 0.8061 -0.1448
vn -0.5389 0.8301 -0.1432
vn -0.5029 0.8527 -0.1415
vn -0.5031 0.8526 -0.1415
vn -0.4662 0.8736 -0.1395
vn -0.4285 0.8931 -0.1372
vn -0.3902 0.9108 -0.1347
vn -0.3900 0.9109 -0.1347
vn -0.3510 0.9270 -0.1319
vn -0.3509 0.9271 -0.1319
vn -0.3109 0.9416 -0.1289
vn -0.3111 0.9416 -0.1289
vn -0.2707 0.9544 -0.1257
vn -0.2711 0.9543 -0.1257
vn -0.2300 0.9655 -0.1223
vn -0.2298 0.9655 -0.1222
vn -0.1886 0.9749 -0.1186
vn -0.1888 0.9748 -0.1186
vn -0.1472 0.9824 -0.1147
vn -0.1470 0.9825 -0.1147
vn -0.1052 0.9883 -0.1106
vn -0.1054 0.9883 -0.1106
vn -0.0632 0.9923 -0.1063
vn -0.0212 0.9946 -0.1018
vn -0.0210 0.9946 -0.1018
vn -0.8052 0.5744 -0.1475
vn -0.8175 0.5568 -0.1470
vn -0.8350 0.5304 -0.1464
vn -0.8292 0.5393 -0.1466
vn -0.8409 0.5212 -0.1461
vn -0.8572 0.4941 -0.1452
vn -0.8517 0.5034 -0.1456
vn -0.8625 0.4849 -0.1449
vn -0.8728 0.4663 -0.1442
vn -0.8777 0.4571 -0.1438
vn -0.8827 0.4475 -0.1434
vn -0.8921 0.4288 -0.1426
vn -0.8968 0.4190 -0.1421
vn -0.9013 0.4093 -0.1416
vn -0.9099 0.3903 -0.1407
vn -0.9141 0.3805 -0.1402
vn -0.9182 0.3706 -0.1397
vn -0.9261 0.3509 -0.1386
vn -0.9299 0.3410 -0.1380
vn -0.9336 0.3310 -0.1374
vn -0.9405 0.3113 -0.1363
vn -0.9439 0.3011 -0.1356
vn -0.9472 0.2909 -0.1350
vn -0.9533 0.2707 -0.1336
vn -0.9563 0.2605 -0.1329
vn -0.9591 0.2502 -0.1322
vn -0.9644 0.2299 -0.1308
vn -0.9669 0.2195 -0.1300
vn -0.9693 0.2092 -0.1293
vn -0.9737 0.1886 -0.1277
vn -0.9758 0.1783 -0.1269
vn -0.9778 0.1676 -0.1260
vn -0.9813 0.1470 -0.1244
vn -0.9813 0.1467 -0.1243
vn -0.9844 0.1260 -0.1226
vn -0.9844 0.1259 -0.1226
vn -0.9871 0.1050 -0.1208
vn -0.9893 0.0839 -0.1190
vn -0.9911 0.0629 -0.1171
vn -0.9911 0.0631 -0.1171
vn -0.9925 0.0418 -0.1151
vn -0.9925 0.0416 -0.1150
vn -0.9938 -0.0004 -0.1111
vn -0.9934 0.0207 -0.1130
vn -0.9936 0.0101 -0.1121
vn -0.9937 0.0100 -0.1120
vn -0.9936 0.0102 -0.1121
vn -0.9934 0.0207 -0.1131
vn -0.9938 -0.0004 -0.1110
vn -0.0224 -0.9994 0.0267
vn -0.0223 -0.9994 0.0267
vn -0.0231 -0.9994 0.0267
vn -0.0134 -0.9996 0.0267
vn -0.0226 -0.9994 0.0267
vn 0.8167 0.0574 -0.5741
vn 0.8168 0.0575 -0.5741
vn 0.8167 0.0574 -0.5742
vn 0.8169 0.0575 -0.5740
vn 0.8168 0.0573 -0.5741
vn 0.8168 0.0574 -0.5741
vn 0.8166 0.0573 -0.5743
vn 0.8167 0.0575 -0.5742
vn 0.8167 0.0575 -0.5741
vn 0.8165 0.0575 -0.5745
vn 0.8166 0.0574 -0.5743
vn 0.8168 0.0574 -0.5740
vn 0.8167 0.0573 -0.5742
vn 0.8167 0.0573 -0.5741
vn 0.8166 0.0575 -0.5743
vn 0.8169 0.0573 -0.5739
vn 0.8165 0.0573 -0.5745
vn 0.8173 0.0566 -0.5734
vn 0.8168 0.0573 -0.5740
vn 0.8168 0.0575 -0.5740
vn -0.0000 -0.9211 -0.3894
vn -0.0030 -0.9105 -0.4136
vn -0.0000 -0.9139 -0.4059
vn -0.0000 -0.8954 -0.4452
vn -0.0000 -0.8955 -0.4450
vn -0.0000 -0.9305 -0.3664
vn -0.0235 -0.9261 -0.3766
vn -0.0000 -0.9344 -0.3563
vn -0.0000 -0.9454 -0.3259
vn 0.0003 -0.9625 -0.2713
vn -0.0216 -0.9416 -0.3359
vn -0.0000 -0.9489 -0.3156
vn -0.0000 -0.9566 -0.2913
vn -0.0000 -0.9567 -0.2910
vn -0.0000 -0.9626 -0.2708
vn 0.0014 -0.9816 -0.1911
vn -0.0004 -0.9813 -0.1925
vn 0.0005 -0.9772 -0.2121
vn -0.0000 -0.9771 -0.2126
vn -0.0000 -0.9725 -0.2330
vn 0.0012 -0.9728 -0.2318
vn -0.0013 -0.9672 -0.2538
vn -0.0001 -0.9676 -0.2524
vn -0.0000 -0.9629 -0.2700
vn 0.0321 -0.9925 -0.1178
vn -0.0000 -0.9914 -0.1309
vn -0.0000 -0.9889 -0.1484
vn 0.0002 -0.9889 -0.1484
vn -0.0000 -0.9855 -0.1698
vn -0.0000 -0.9855 -0.1697
vn -0.0000 -0.9835 -0.1811
vn -0.0023 -0.9183 -0.3959
vn -0.0111 -0.9136 -0.4064
vn 0.0033 -0.9102 -0.4142
vn -0.0000 -0.9306 -0.3661
vn -0.0000 -0.9456 -0.3255
vn -0.0000 -0.9456 -0.3254
vn -0.0000 -0.9586 -0.2848
vn -0.0000 -0.9699 -0.2434
vn -0.0000 -0.9929 -0.1186
vn -0.0000 -0.9873 -0.1589
vn -0.0000 -0.9873 -0.1588
vn -0.0000 -0.9796 -0.2012
vn -0.0000 -0.9795 -0.2012
vn -0.0000 -0.9699 -0.2433
vn -0.0231 0.9994 0.0267
vn -0.0134 0.9996 0.0267
vn -0.0223 0.9994 0.0267
vn -0.0224 0.9994 0.0267
vn -0.0226 0.9994 0.0267
vn 0.0242 0.9923 -0.1211
vn 0.0007 0.9628 -0.2703
vn -0.0030 0.9105 -0.4135
vn -0.0000 0.9211 -0.3893
vn -0.0062 0.9137 -0.4063
vn -0.0302 0.9177 -0.3961
vn 0.0032 0.9102 -0.4142
vn -0.0000 0.9265 -0.3764
vn -0.0121 0.9302 -0.3668
vn -0.0000 0.9344 -0.3563
vn -0.0000 0.9418 -0.3362
vn -0.0113 0.9452 -0.3263
vn -0.0000 0.9489 -0.3156
vn -0.0000 0.9567 -0.2912
vn -0.0000 0.9567 -0.2911
vn -0.0000 0.9627 -0.2707
vn -0.0000 0.9627 -0.2704
vn -0.0002 0.9672 -0.2539
vn -0.0012 0.9677 -0.2521
vn 0.0010 0.9725 -0.2330
vn -0.0000 0.9729 -0.2314
vn -0.0000 0.9772 -0.2121
vn 0.0005 0.9771 -0.2127
vn -0.0008 0.9816 -0.1909
vn 0.0017 0.9812 -0.1930
vn -0.0000 0.9834 -0.1817
vn -0.0000 0.9855 -0.1698
vn -0.0002 0.9855 -0.1698
vn -0.0000 0.9889 -0.1484
vn 0.0003 0.9889 -0.1484
vn 0.0005 0.9914 -0.1310
vn -0.0000 0.9586 -0.2848
vn -0.0000 0.9456 -0.3254
vn -0.0000 0.9456 -0.3255
vn -0.0000 0.9306 -0.3661
vn -0.0000 0.9139 -0.4058
vn -0.0000 0.9139 -0.4060
vn -0.0000 0.9699 -0.2434
vn -0.0000 0.9699 -0.2433
vn -0.0000 0.9795 -0.2012
vn -0.0000 0.9929 -0.1186
vn -0.0000 0.9873 -0.1589
vn -0.0000 0.9873 -0.1588
vn -0.0000 0.9796 -0.2012
vn 0.9938 -0.0000 0.1111
vn -0.8167 -0.0574 -0.5741
vn -0.8167 -0.0574 -0.5742
vn -0.8168 -0.0574 -0.5741
vn -0.8168 -0.0574 -0.5740
vn -0.8168 -0.0575 -0.5740
vn -0.8168 -0.0573 -0.5741
vn -0.8167 -0.0575 -0.5742
vn -0.8166 -0.0576 -0.5743
vn -0.8167 -0.0573 -0.5742
vn -0.8168 -0.0575 -0.5741
vn -0.8167 -0.0575 -0.5741
vn -0.8169 -0.0573 -0.5740
vn -0.8165 -0.0574 -0.5744
vn -0.8166 -0.0575 -0.5743
vn -0.8166 -0.0574 -0.5743
vn -0.8167 -0.0573 -0.5741
vn -0.8168 -0.0576 -0.5740
vn -0.8170 -0.0574 -0.5738
vn -0.8164 -0.0578 -0.5746
vn -0.0000 -0.0000 -1.0000
vn -0.7190 -0.6950 -0.0000
vn -0.0000 -0.0000 1.0000
vn -0.0000 -1.0000 -0.0000
vn 0.7190 -0.6950 -0.0000
vn -0.9994 -0.0349 -0.0000
vn -0.9994 -0.0349 0.0001
vn -0.9994 -0.0349 -0.0001
vn -0.9994 -0.0349 -0.0002
vn 0.9994 -0.0349 -0.0000
vn 0.9994 -0.0349 -0.0001
vn 0.9994 -0.0349 0.0001
vn -0.9994 0.0349 -0.0000
vn -0.9994 0.0349 -0.0001
vn -0.9994 0.0349 0.0001
vn -0.9994 0.0349 -0.0002
vn -0.0000 1.0000 -0.0000
vn -0.7190 0.6950 -0.0000
vn 0.7190 0.6950 -0.0000
vn -0.0000 0.1926 0.9813
vn -0.0000 0.1925 0.9813
vn -0.0000 0.1501 0.9887
vn -0.0000 0.1076 0.9942
vn -0.0000 0.1074 0.9942
vn -0.0000 0.0645 0.9979
vn -0.0000 0.0215 0.9998
vn -0.0000 0.0216 0.9998
vn 0.9994 0.0349 -0.0000
vn 0.9994 0.0349 -0.0001
vn 0.9994 0.0349 0.0001
vn -1.0000 -0.0000 -0.0000
vn -0.6950 -0.7190 -0.0000
vn -0.6950 0.7190 -0.0000
vn -0.0349 0.9994 -0.0000
vn -0.0349 0.9994 0.0001
vn -0.0348 0.9994 -0.0001
vn -0.0349 -0.9994 -0.0000
vn -0.0348 -0.9994 -0.0001
vn -0.0349 -0.9994 0.0001
vn 1.0000 -0.0000 -0.0000
vn 0.6950 -0.7190 -0.0000
vn 0.6950 0.7190 -0.0000
vn 0.0349 -0.9994 -0.0000
vn 0.0349 -0.9994 0.0001
vn 0.0348 -0.9994 -0.0001
vn 0.0349 0.9994 -0.0000
vn 0.0348 0.9994 -0.0001
vn 0.0349 0.9994 0.0001
s 0
f 1//1 2//1 3//1
f 2//2 4//2 3//2
f 3//3 4//3 5//3
f 5//4 6//4 3//4
f 6//5 7//5 3//5
f 3//6 7//6 8//6
f 9//7 10//7 8//7
f 11//8 12//8 3//8
f 8//9 10//9 3//9
f 10//10 13//10 3//10
f 3//11 13//11 11//11
f 8//12 14//12 9//12
f 14//13 15//13 9//13
f 9//14 15//14 16//14
f 12//15 17//15 3//15
f 17//16 18//16 3//16
f 3//17 18//17 19//17
f 19//18 20//18 3//18
f 20//17 21//17 3//17
f 3//19 21//19 22//19
f 22//20 23//20 24//20
f 23//21 25//21 24//21
f 25//22 26//22 24//22
f 26//23 27//23 24//23
f 24//24 27//24 28//24
f 16//25 29//25 9//25
f 29//26 30//26 9//26
f 9//27 30//27 31//27
f 31//28 32//28 9//28
f 32//29 33//29 9//29
f 9//30 33//30 34//30
f 22//31 24//31 3//31
f 24//32 35//32 3//32
f 3//32 35//32 36//32
f 35//33 37//33 36//33
f 36//34 37//34 38//34
f 37//35 39//35 38//35
f 38//36 39//36 40//36
f 39//37 41//37 40//37
f 40//38 41//38 42//38
f 43//39 44//39 45//39
f 46//40 47//40 48//40
f 46//41 48//41 49//41
f 48//42 50//42 49//42
f 49//43 50//43 51//43
f 45//44 52//44 43//44
f 52//45 49//45 43//45
f 43//46 49//46 53//46
f 49//47 51//47 53//47
f 47//48 54//48 48//48
f 54//49 55//49 48//49
f 48//50 55//50 56//50
f 57//51 58//51 55//51
f 58//52 59//52 55//52
f 55//53 59//53 56//53
f 60//54 61//54 62//54
f 57//53 63//53 58//53
f 63//55 64//55 58//55
f 58//56 64//56 62//56
f 64//57 65//57 62//57
f 62//58 65//58 60//58
f 65//59 66//59 60//59
f 66//60 67//60 60//60
f 44//61 68//61 45//61
f 68//62 69//62 45//62
f 45//62 69//62 70//62
f 69//63 71//63 70//63
f 70//62 71//62 72//62
f 73//64 74//64 75//64
f 77//65 78//65 79//65
f 77//66 79//66 80//66
f 79//67 81//67 80//67
f 80//68 81//68 82//68
f 83//69 84//69 85//69
f 84//70 86//70 85//70
f 87//71 88//71 89//71
f 88//72 90//72 89//72
f 89//73 90//73 91//73
f 90//74 92//74 91//74
f 91//75 92//75 93//75
f 92//75 94//75 93//75
f 93//76 94//76 95//76
f 94//77 96//77 95//77
f 95//78 96//78 97//78
f 96//79 98//79 97//79
f 97//80 98//80 99//80
f 98//80 100//80 99//80
f 99//81 100//81 101//81
f 100//82 102//82 101//82
f 101//83 102//83 103//83
f 102//84 104//84 103//84
f 103//85 104//85 105//85
f 104//85 106//85 105//85
f 105//86 106//86 107//86
f 106//87 108//87 107//87
f 107//88 108//88 109//88
f 108//89 110//89 109//89
f 109//90 110//90 111//90
f 110//90 112//90 111//90
f 111//91 112//91 113//91
f 112//92 114//92 113//92
f 113//93 114//93 115//93
f 114//94 116//94 115//94
f 115//95 116//95 117//95
f 116//96 118//96 117//96
f 117//97 118//97 119//97
f 118//98 120//98 119//98
f 119//99 120//99 121//99
f 120//100 122//100 121//100
f 121//101 122//101 123//101
f 122//102 124//102 123//102
f 123//103 124//103 125//103
f 124//104 126//104 125//104
f 125//105 126//105 127//105
f 126//106 128//106 127//106
f 127//107 128//107 129//107
f 128//108 130//108 129//108
f 129//109 130//109 131//109
f 130//110 132//110 131//110
f 131//111 132//111 133//111
f 132//112 134//112 133//112
f 133//113 134//113 135//113
f 134//114 136//114 135//114
f 135//115 136//115 137//115
f 136//116 138//116 137//116
f 137//117 138//117 139//117
f 138//118 140//118 139//118
f 139//119 140//119 141//119
f 140//119 142//119 141//119
f 141//120 142//120 143//120
f 142//120 144//120 143//120
f 143//121 144//121 145//121
f 144//122 146//122 145//122
f 145//123 146//123 83//123
f 146//124 80//124 83//124
f 83//67 80//67 84//67
f 80//125 82//125 84//125
f 147//126 148//126 149//126
f 148//127 150//127 149//127
f 149//128 150//128 87//128
f 150//129 151//129 87//129
f 87//130 151//130 88//130
f 149//131 152//131 147//131
f 152//132 153//132 147//132
f 147//133 153//133 154//133
f 153//134 155//134 154//134
f 154//135 155//135 156//135
f 155//136 157//136 156//136
f 156//136 157//136 158//136
f 157//137 159//137 158//137
f 158//138 159//138 160//138
f 159//139 161//139 160//139
f 160//139 161//139 162//139
f 161//140 163//140 162//140
f 162//141 163//141 164//141
f 163//142 165//142 164//142
f 164//143 165//143 166//143
f 165//144 167//144 166//144
f 166//145 167//145 168//145
f 167//146 169//146 168//146
f 168//146 169//146 170//146
f 169//147 171//147 170//147
f 170//147 171//147 172//147
f 171//148 173//148 172//148
f 172//148 173//148 174//148
f 173//149 175//149 174//149
f 174//150 175//150 176//150
f 175//151 177//151 176//151
f 176//152 177//152 178//152
f 177//153 179//153 178//153
f 178//154 179//154 180//154
f 179//155 181//155 180//155
f 180//156 181//156 182//156
f 181//157 183//157 182//157
f 182//158 183//158 184//158
f 183//159 185//159 184//159
f 184//159 185//159 186//159
f 185//160 187//160 186//160
f 186//161 187//161 188//161
f 189//162 190//162 191//162
f 190//162 192//162 191//162
f 191//162 192//162 193//162
f 192//162 194//162 193//162
f 197//163 199//163 198//163
f 198//163 199//163 200//163
f 201//164 202//164 203//164
f 204//165 205//165 201//165
f 206//166 207//166 208//166
f 209//167 210//167 206//167
f 210//168 211//168 206//168
f 206//165 211//165 207//165
f 205//169 206//169 201//169
f 206//164 208//164 201//164
f 201//164 208//164 212//164
f 208//164 190//164 212//164
f 212//164 190//164 189//164
f 213//170 214//170 201//170
f 214//171 215//171 201//171
f 201//170 215//170 204//170
f 216//168 217//168 206//168
f 217//172 218//172 206//172
f 206//171 218//171 209//171
f 219//168 220//168 201//168
f 220//172 221//172 201//172
f 201//164 221//164 213//164
f 222//171 223//171 206//171
f 223//167 224//167 206//167
f 206//173 224//173 216//173
f 225//172 226//172 201//172
f 226//168 227//168 201//168
f 201//165 227//165 219//165
f 228//174 229//174 201//174
f 229//170 230//170 201//170
f 201//170 230//170 225//170
f 231//175 232//175 206//175
f 232//175 233//175 206//175
f 206//176 233//176 222//176
f 234//177 235//177 231//177
f 235//176 236//176 231//176
f 231//169 236//169 232//169
f 237//165 238//165 201//165
f 238//167 239//167 201//167
f 201//178 239//178 228//178
f 240//176 241//176 231//176
f 241//179 242//179 231//179
f 231//180 242//180 234//180
f 243//165 244//165 201//165
f 244//168 245//168 201//168
f 201//181 245//181 237//181
f 246//182 247//182 231//182
f 247//183 248//183 231//183
f 231//184 248//184 240//184
f 249//168 250//168 201//168
f 250//171 251//171 201//171
f 201//168 251//168 243//168
f 252//165 253//165 201//165
f 253//168 254//168 201//168
f 201//165 254//165 249//165
f 203//168 255//168 201//168
f 255//168 256//168 201//168
f 201//168 256//168 252//168
f 259//185 260//185 261//185
f 25//186 11//186 26//186
f 11//187 13//187 26//187
f 13//188 10//188 26//188
f 10//189 9//189 26//189
f 26//190 9//190 27//190
f 9//191 79//191 27//191
f 27//192 79//192 28//192
f 79//191 78//191 28//191
f 28//191 78//191 73//191
f 22//193 21//193 20//193
f 25//194 19//194 18//194
f 19//195 25//195 20//195
f 25//196 23//196 20//196
f 20//197 23//197 22//197
f 18//198 17//198 25//198
f 17//199 12//199 25//199
f 25//200 12//200 11//200
f 9//191 262//191 79//191
f 262//191 263//191 79//191
f 79//191 263//191 81//191
f 263//191 264//191 81//191
f 81//191 264//191 82//191
f 264//191 265//191 82//191
f 82//191 265//191 84//191
f 265//191 195//191 84//191
f 84//191 195//191 86//191
f 193//201 194//201 266//201
f 194//201 267//201 266//201
f 266//201 267//201 268//201
f 275//202 276//202 277//202
f 275//203 277//203 200//203
f 277//204 278//204 200//204
f 200//205 278//205 279//205
f 279//206 280//206 200//206
f 280//207 281//207 200//207
f 200//208 281//208 267//208
f 267//209 194//209 200//209
f 194//210 192//210 200//210
f 200//210 192//210 282//210
f 282//205 283//205 200//205
f 283//211 284//211 200//211
f 200//205 284//205 285//205
f 285//209 286//209 200//209
f 286//210 287//210 200//210
f 200//205 287//205 288//205
f 288//212 289//212 200//212
f 289//213 290//213 200//213
f 200//214 290//214 291//214
f 291//215 292//215 200//215
f 292//216 293//216 200//216
f 200//217 293//217 294//217
f 294//218 295//218 200//218
f 295//213 296//213 200//213
f 200//212 296//212 297//212
f 297//213 298//213 200//213
f 298//205 299//205 200//205
f 200//219 299//219 300//219
f 300//220 301//220 200//220
f 301//219 302//219 200//219
f 200//221 302//221 303//221
f 303//209 304//209 200//209
f 304//222 305//222 200//222
f 200//205 305//205 306//205
f 306//223 307//223 200//223
f 307//215 308//215 200//215
f 200//224 308//224 309//224
f 309//225 310//225 200//225
f 310//214 311//214 200//214
f 200//226 311//226 312//226
f 312//227 313//227 200//227
f 313//228 314//228 200//228
f 200//229 314//229 315//229
f 316//230 198//230 200//230
f 315//231 317//231 200//231
f 317//232 318//232 200//232
f 200//227 318//227 316//227
f 318//233 319//233 316//233
f 316//234 319//234 320//234
f 320//235 321//235 316//235
f 321//236 322//236 316//236
f 316//237 322//237 323//237
f 324//238 325//238 326//238
f 325//239 327//239 326//239
f 326//240 327//240 328//240
f 329//241 330//241 328//241
f 330//239 331//239 328//239
f 328//242 331//242 326//242
f 332//243 333//243 326//243
f 333//244 334//244 326//244
f 326//245 334//245 324//245
f 335//242 336//242 328//242
f 336//246 337//246 328//246
f 328//242 337//242 329//242
f 338//247 339//247 326//247
f 339//242 340//242 326//242
f 326//239 340//239 332//239
f 341//248 342//248 328//248
f 342//239 343//239 328//239
f 328//246 343//246 335//246
f 344//249 345//249 326//249
f 345//242 346//242 326//242
f 326//241 346//241 338//241
f 347//250 348//250 328//250
f 348//251 349//251 328//251
f 328//246 349//246 341//246
f 350//252 351//252 352//252
f 351//252 196//252 352//252
f 352//253 196//253 326//253
f 196//239 353//239 326//239
f 326//242 353//242 344//242
f 354//242 355//242 347//242
f 355//254 356//254 347//254
f 347//239 356//239 348//239
f 357//245 358//245 347//245
f 358//251 359//251 347//251
f 347//239 359//239 354//239
f 360//255 361//255 347//255
f 361//253 362//253 347//253
f 347//256 362//256 357//256
f 192//201 190//201 282//201
f 190//201 208//201 282//201
f 363//257 364//257 365//257
f 364//257 366//257 365//257
f 365//257 366//257 367//257
f 195//257 196//257 351//257
f 74//258 73//258 78//258
f 188//259 368//259 365//259
f 365//259 367//259 188//259
f 367//259 369//259 188//259
f 188//260 369//260 370//260
f 100//261 98//261 371//261
f 370//259 372//259 188//259
f 372//259 373//259 188//259
f 188//259 373//259 374//259
f 106//262 104//262 371//262
f 104//263 102//263 371//263
f 371//264 102//264 100//264
f 182//263 184//263 374//263
f 184//263 186//263 374//263
f 374//260 186//260 188//260
f 150//260 148//260 375//260
f 148//265 147//265 375//265
f 166//259 168//259 375//259
f 112//266 110//266 371//266
f 110//267 108//267 371//267
f 371//268 108//268 106//268
f 90//269 88//269 375//269
f 88//270 151//270 375//270
f 375//271 151//271 150//271
f 166//263 375//263 164//263
f 176//272 178//272 374//272
f 178//266 180//266 374//266
f 374//263 180//263 182//263
f 118//273 116//273 371//273
f 116//274 114//274 371//274
f 371//275 114//275 112//275
f 98//270 96//270 371//270
f 96//266 94//266 371//266
f 371//259 94//259 375//259
f 94//276 92//276 375//276
f 375//277 92//277 90//277
f 158//263 160//263 375//263
f 160//278 162//278 375//278
f 375//266 162//266 164//266
f 168//260 170//260 375//260
f 170//260 172//260 375//260
f 375//259 172//259 374//259
f 172//259 174//259 374//259
f 374//266 174//266 176//266
f 124//272 122//272 371//272
f 122//279 120//279 371//279
f 371//280 120//280 118//280
f 147//260 154//260 375//260
f 154//263 156//263 375//263
f 375//260 156//260 158//260
f 130//281 128//281 371//281
f 128//282 126//282 371//282
f 371//283 126//283 124//283
f 136//269 134//269 371//269
f 134//284 132//284 371//284
f 371//285 132//285 130//285
f 142//286 140//286 371//286
f 140//287 138//287 371//287
f 371//288 138//288 136//288
f 80//289 146//289 371//289
f 146//290 144//290 371//290
f 371//291 144//291 142//291
f 74//259 78//259 371//259
f 78//292 77//292 371//292
f 371//293 77//293 80//293
f 376//294 364//294 377//294
f 364//294 363//294 377//294
f 271//295 273//295 379//295
f 273//295 274//295 379//295
f 379//295 274//295 378//295
f 198//296 316//296 1//296
f 316//296 386//296 1//296
f 1//297 386//297 2//297
f 386//298 4//298 2//298
f 5//299 32//299 31//299
f 14//300 5//300 15//300
f 5//301 16//301 15//301
f 31//302 30//302 5//302
f 30//303 29//303 5//303
f 5//304 29//304 16//304
f 14//305 8//305 5//305
f 8//306 7//306 5//306
f 5//307 7//307 6//307
f 203//296 202//296 387//296
f 202//296 388//296 387//296
f 387//296 388//296 389//296
f 388//296 390//296 389//296
f 389//296 390//296 391//296
f 390//296 392//296 391//296
f 391//296 392//296 386//296
f 392//296 393//296 386//296
f 386//296 393//296 4//296
f 393//296 34//296 4//296
f 4//308 34//308 5//308
f 34//309 33//309 5//309
f 5//310 33//310 32//310
f 394//311 395//311 377//311
f 363//311 365//311 377//311
f 365//311 368//311 377//311
f 377//311 368//311 394//311
f 396//312 266//312 268//312
f 397//313 398//313 399//313
f 396//312 268//312 400//312
f 268//314 401//314 400//314
f 400//315 401//315 402//315
f 403//312 404//312 397//312
f 402//314 405//314 400//314
f 405//314 406//314 400//314
f 400//312 406//312 407//312
f 399//314 408//314 397//314
f 408//314 409//314 397//314
f 397//312 409//312 403//312
f 410//316 411//316 407//316
f 411//312 412//312 407//312
f 407//317 412//317 400//317
f 413//318 414//318 415//318
f 414//319 416//319 415//319
f 415//320 416//320 417//320
f 418//321 419//321 407//321
f 419//322 420//322 407//322
f 407//323 420//323 410//323
f 421//314 422//314 415//314
f 422//317 423//317 415//317
f 415//313 423//313 413//313
f 417//319 424//319 415//319
f 424//320 425//320 415//320
f 415//312 425//312 407//312
f 425//316 426//316 407//316
f 407//324 426//324 418//324
f 427//325 428//325 415//325
f 428//313 429//313 415//313
f 415//313 429//313 421//313
f 404//312 430//312 397//312
f 430//312 431//312 397//312
f 397//312 431//312 415//312
f 431//326 432//326 415//326
f 415//325 432//325 427//325
f 433//327 434//327 400//327
f 400//328 412//328 433//328
f 412//329 411//329 433//329
f 433//329 411//329 435//329
f 411//330 410//330 435//330
f 435//330 410//330 436//330
f 410//331 420//331 436//331
f 436//332 420//332 437//332
f 420//333 419//333 437//333
f 437//333 419//333 438//333
f 419//334 418//334 438//334
f 438//335 418//335 439//335
f 418//336 426//336 439//336
f 439//336 426//336 440//336
f 426//337 425//337 440//337
f 440//338 425//338 441//338
f 425//339 424//339 441//339
f 441//339 424//339 442//339
f 424//340 417//340 442//340
f 442//341 417//341 443//341
f 417//342 416//342 443//342
f 443//343 416//343 444//343
f 416//344 414//344 444//344
f 444//344 414//344 445//344
f 414//345 413//345 445//345
f 445//346 413//346 446//346
f 413//347 423//347 446//347
f 446//348 423//348 447//348
f 423//349 422//349 447//349
f 447//350 422//350 448//350
f 422//351 421//351 448//351
f 448//352 421//352 449//352
f 421//353 429//353 449//353
f 449//353 429//353 450//353
f 429//354 428//354 450//354
f 450//355 428//355 451//355
f 428//356 427//356 451//356
f 451//357 427//357 452//357
f 427//358 432//358 452//358
f 452//359 432//359 453//359
f 432//360 431//360 453//360
f 453//361 431//361 454//361
f 431//362 430//362 454//362
f 454//363 430//363 455//363
f 455//364 430//364 456//364
f 430//365 404//365 456//365
f 456//366 404//366 457//366
f 457//367 404//367 458//367
f 404//368 403//368 458//368
f 458//369 403//369 459//369
f 459//370 403//370 460//370
f 403//371 409//371 460//371
f 460//372 409//372 461//372
f 461//373 409//373 462//373
f 409//374 408//374 462//374
f 462//375 408//375 463//375
f 399//376 398//376 464//376
f 463//377 408//377 465//377
f 408//378 399//378 465//378
f 465//379 399//379 466//379
f 399//380 464//380 466//380
f 466//381 464//381 467//381
f 468//382 469//382 470//382
f 468//383 470//383 471//383
f 467//384 464//384 470//384
f 464//385 472//385 470//385
f 470//386 472//386 471//386
f 469//387 473//387 470//387
f 473//388 474//388 470//388
f 470//389 474//389 475//389
f 476//390 477//390 478//390
f 478//391 479//391 476//391
f 479//392 52//392 476//392
f 476//393 52//393 45//393
f 480//394 481//394 476//394
f 481//395 482//395 476//395
f 476//396 482//396 477//396
f 72//397 269//397 474//397
f 269//397 483//397 474//397
f 474//398 483//398 475//398
f 480//399 476//399 484//399
f 476//400 45//400 484//400
f 484//401 45//401 474//401
f 45//402 70//402 474//402
f 474//403 70//403 72//403
f 266//404 396//404 193//404
f 396//404 191//404 193//404
f 259//405 261//405 272//405
f 261//405 485//405 272//405
f 380//406 67//406 66//406
f 364//407 376//407 366//407
f 376//407 487//407 366//407
f 366//408 487//408 488//408
f 487//409 489//409 488//409
f 490//407 491//407 487//407
f 491//407 492//407 487//407
f 487//408 492//408 489//408
f 493//409 494//409 495//409
f 494//407 496//407 495//407
f 495//407 496//407 497//407
f 497//408 498//408 495//408
f 498//408 499//408 495//408
f 495//410 499//410 500//410
f 501//411 502//411 503//411
f 502//412 504//412 503//412
f 487//413 505//413 490//413
f 505//407 506//407 490//407
f 490//413 506//413 507//413
f 504//411 508//411 503//411
f 508//410 509//410 503//410
f 503//414 509//414 510//414
f 507//412 511//412 490//412
f 511//415 512//415 490//415
f 490//416 512//416 513//416
f 510//408 514//408 503//408
f 514//417 515//417 503//417
f 503//408 515//408 516//408
f 513//418 517//418 490//418
f 517//413 518//413 490//413
f 490//407 518//407 503//407
f 518//419 519//419 503//419
f 503//412 519//412 501//412
f 516//420 520//420 503//420
f 520//420 521//420 503//420
f 503//408 521//408 495//408
f 521//408 522//408 495//408
f 495//408 522//408 493//408
f 9//421 34//421 393//421
f 202//421 195//421 388//421
f 195//421 265//421 388//421
f 388//421 265//421 390//421
f 265//421 264//421 390//421
f 390//421 264//421 392//421
f 264//421 263//421 392//421
f 392//421 263//421 393//421
f 263//421 262//421 393//421
f 393//421 262//421 9//421
f 523//422 61//422 60//422
f 201//201 269//201 202//201
f 346//423 345//423 524//423
f 69//424 353//424 71//424
f 353//425 196//425 71//425
f 525//426 526//426 68//426
f 68//427 44//427 527//427
f 528//428 529//428 525//428
f 529//429 530//429 525//429
f 530//430 531//430 525//430
f 531//431 532//431 525//431
f 525//432 532//432 526//432
f 68//433 527//433 525//433
f 527//434 533//434 525//434
f 525//435 533//435 528//435
f 69//436 68//436 353//436
f 68//425 526//425 353//425
f 353//437 526//437 344//437
f 526//438 345//438 344//438
f 526//439 534//439 345//439
f 534//440 535//440 345//440
f 345//441 535//441 536//441
f 536//442 537//442 345//442
f 537//443 538//443 345//443
f 345//444 538//444 524//444
f 524//445 500//445 499//445
f 346//446 524//446 338//446
f 524//447 499//447 338//447
f 338//448 499//448 339//448
f 499//449 498//449 339//449
f 339//450 498//450 340//450
f 340//451 498//451 332//451
f 498//452 497//452 332//452
f 332//453 497//453 333//453
f 496//454 324//454 497//454
f 324//455 334//455 497//455
f 497//456 334//456 333//456
f 347//457 328//457 494//457
f 328//458 327//458 494//458
f 494//459 327//459 496//459
f 327//460 325//460 496//460
f 496//461 325//461 324//461
f 494//462 493//462 347//462
f 493//463 522//463 347//463
f 347//464 522//464 360//464
f 522//465 521//465 360//465
f 360//466 521//466 361//466
f 521//467 520//467 361//467
f 361//468 520//468 362//468
f 520//469 516//469 362//469
f 362//470 516//470 357//470
f 516//471 515//471 357//471
f 357//472 515//472 358//472
f 515//473 514//473 358//473
f 358//474 514//474 359//474
f 514//475 510//475 359//475
f 359//476 510//476 354//476
f 510//477 509//477 354//477
f 354//478 509//478 355//478
f 509//479 508//479 355//479
f 355//480 508//480 356//480
f 508//481 504//481 356//481
f 356//481 504//481 348//481
f 504//482 502//482 348//482
f 348//483 502//483 349//483
f 502//484 501//484 349//484
f 349//485 501//485 341//485
f 501//486 519//486 341//486
f 341//487 519//487 342//487
f 519//488 518//488 342//488
f 342//488 518//488 343//488
f 518//489 517//489 343//489
f 343//490 517//490 335//490
f 517//491 513//491 335//491
f 335//491 513//491 336//491
f 513//492 512//492 336//492
f 336//493 512//493 337//493
f 512//494 511//494 337//494
f 337//494 511//494 329//494
f 511//495 507//495 329//495
f 329//496 507//496 330//496
f 507//497 506//497 330//497
f 330//497 506//497 331//497
f 506//498 505//498 331//498
f 331//499 505//499 326//499
f 505//500 487//500 326//500
f 326//501 487//501 352//501
f 71//62 196//62 72//62
f 196//62 269//62 72//62
f 305//502 304//502 231//502
f 304//503 303//503 231//503
f 231//504 303//504 246//504
f 303//505 302//505 246//505
f 246//506 302//506 247//506
f 302//507 301//507 247//507
f 247//508 301//508 248//508
f 301//509 300//509 248//509
f 248//509 300//509 240//509
f 300//510 299//510 240//510
f 240//511 299//511 241//511
f 299//512 298//512 241//512
f 241//513 298//513 242//513
f 298//514 297//514 242//514
f 242//514 297//514 234//514
f 297//515 296//515 234//515
f 234//516 296//516 235//516
f 296//517 295//517 235//517
f 235//517 295//517 236//517
f 295//518 294//518 236//518
f 236//519 294//519 232//519
f 294//520 293//520 232//520
f 232//520 293//520 233//520
f 293//521 292//521 233//521
f 233//521 292//521 222//521
f 292//522 291//522 222//522
f 222//523 291//523 223//523
f 291//524 290//524 223//524
f 223//525 290//525 224//525
f 290//526 289//526 224//526
f 224//527 289//527 216//527
f 289//528 288//528 216//528
f 216//529 288//529 217//529
f 288//530 287//530 217//530
f 217//531 287//531 218//531
f 287//532 286//532 218//532
f 218//533 286//533 209//533
f 286//534 285//534 209//534
f 209//535 285//535 210//535
f 285//536 284//536 210//536
f 210//537 284//537 211//537
f 284//538 283//538 211//538
f 211//538 283//538 207//538
f 283//539 282//539 207//539
f 207//540 282//540 208//540
f 231//541 206//541 305//541
f 206//542 205//542 305//542
f 305//543 205//543 306//543
f 205//544 204//544 306//544
f 204//545 215//545 306//545
f 306//546 215//546 307//546
f 215//547 214//547 307//547
f 214//548 213//548 307//548
f 213//549 221//549 307//549
f 307//550 221//550 308//550
f 221//551 220//551 308//551
f 220//552 219//552 308//552
f 308//553 219//553 309//553
f 219//554 227//554 309//554
f 227//555 226//555 309//555
f 309//556 226//556 310//556
f 226//557 225//557 310//557
f 225//558 230//558 310//558
f 310//559 230//559 311//559
f 230//560 229//560 311//560
f 229//561 228//561 311//561
f 311//562 228//562 312//562
f 228//563 239//563 312//563
f 239//564 238//564 312//564
f 312//565 238//565 313//565
f 238//566 237//566 313//566
f 237//567 245//567 313//567
f 313//568 245//568 314//568
f 245//569 244//569 314//569
f 244//570 243//570 314//570
f 314//571 243//571 315//571
f 243//572 251//572 315//572
f 251//573 250//573 315//573
f 315//574 250//574 317//574
f 250//575 249//575 317//575
f 317//576 249//576 318//576
f 249//577 254//577 318//577
f 318//577 254//577 319//577
f 254//578 253//578 319//578
f 319//578 253//578 320//578
f 253//579 252//579 320//579
f 320//580 252//580 321//580
f 252//581 256//581 321//581
f 321//582 256//582 322//582
f 203//583 387//583 255//583
f 387//584 256//584 255//584
f 387//585 389//585 256//585
f 389//586 391//586 256//586
f 256//587 391//587 322//587
f 391//587 386//587 322//587
f 322//588 386//588 323//588
f 386//589 316//589 323//589
f 39//590 37//590 73//590
f 37//591 35//591 73//591
f 35//592 24//592 73//592
f 73//593 24//593 28//593
f 73//594 41//594 39//594
f 350//595 395//595 394//595
f 187//596 185//596 89//596
f 185//597 183//597 89//597
f 394//595 187//595 350//595
f 187//595 89//595 350//595
f 350//595 89//595 351//595
f 89//598 91//598 351//598
f 351//599 91//599 93//599
f 183//597 181//597 89//597
f 181//595 179//595 89//595
f 89//600 179//600 177//600
f 93//601 95//601 351//601
f 95//600 97//600 351//600
f 351//602 97//602 99//602
f 177//600 175//600 89//600
f 175//602 173//602 89//602
f 89//597 173//597 171//597
f 99//603 101//603 351//603
f 101//600 103//600 351//600
f 351//602 103//602 105//602
f 171//600 169//600 89//600
f 169//600 167//600 89//600
f 89//604 167//604 87//604
f 105//600 107//600 351//600
f 107//605 109//605 351//605
f 351//596 109//596 111//596
f 167//596 165//596 87//596
f 165//599 163//599 87//599
f 87//606 163//606 161//606
f 111//607 113//607 351//607
f 113//596 115//596 351//596
f 351//608 115//608 117//608
f 161//597 159//597 87//597
f 159//609 157//609 87//609
f 87//602 157//602 155//602
f 117//597 119//597 351//597
f 119//600 121//600 351//600
f 351//608 121//608 123//608
f 155//610 153//610 87//610
f 153//611 152//611 87//611
f 87//612 152//612 149//612
f 123//600 125//600 351//600
f 125//602 127//602 351//602
f 351//600 127//600 129//600
f 129//597 131//597 351//597
f 131//613 133//613 351//613
f 351//597 133//597 135//597
f 135//614 137//614 351//614
f 137//602 139//602 351//602
f 351//600 139//600 141//600
f 141//596 143//596 351//596
f 143//600 145//600 351//600
f 351//597 145//597 83//597
f 83//600 85//600 351//600
f 85//600 86//600 351//600
f 351//595 86//595 195//595
f 524//615 538//615 541//615
f 75//616 74//616 371//616
f 371//617 542//617 75//617
f 542//618 543//618 75//618
f 75//619 543//619 76//619
f 541//620 538//620 544//620
f 538//621 537//621 544//621
f 537//622 536//622 544//622
f 544//623 536//623 545//623
f 61//624 523//624 532//624
f 536//625 535//625 545//625
f 535//626 534//626 545//626
f 545//627 534//627 523//627
f 534//628 526//628 523//628
f 523//629 526//629 532//629
f 528//630 48//630 529//630
f 48//631 56//631 529//631
f 529//632 56//632 530//632
f 56//633 59//633 530//633
f 530//634 59//634 531//634
f 59//635 58//635 531//635
f 531//636 58//636 532//636
f 58//637 62//637 532//637
f 532//638 62//638 61//638
f 44//639 43//639 527//639
f 43//640 53//640 527//640
f 527//641 53//641 533//641
f 53//642 51//642 533//642
f 533//643 51//643 528//643
f 51//644 50//644 528//644
f 528//645 50//645 48//645
f 524//646 541//646 500//646
f 541//647 542//647 500//647
f 500//648 542//648 495//648
f 542//617 371//617 495//617
f 495//649 371//649 503//649
f 371//649 375//649 503//649
f 503//650 375//650 490//650
f 375//651 374//651 490//651
f 374//652 373//652 490//652
f 490//652 373//652 491//652
f 373//653 372//653 491//653
f 367//654 366//654 369//654
f 366//654 488//654 369//654
f 369//655 488//655 370//655
f 488//656 489//656 370//656
f 370//657 489//657 372//657
f 489//658 492//658 372//658
f 372//659 492//659 491//659
f 36//660 198//660 3//660
f 198//661 1//661 3//661
f 36//662 38//662 198//662
f 38//663 40//663 198//663
f 198//664 40//664 42//664
f 394//257 368//257 187//257
f 368//257 188//257 187//257
f 49//665 52//665 479//665
f 380//666 66//666 65//666
f 275//667 200//667 199//667
f 383//668 472//668 464//668
f 383//669 464//669 384//669
f 464//670 398//670 384//670
f 384//671 398//671 397//671
f 472//672 383//672 471//672
f 383//673 382//673 471//673
f 471//674 382//674 468//674
f 468//675 382//675 469//675
f 382//676 381//676 469//676
f 469//677 381//677 473//677
f 473//678 381//678 474//678
f 381//679 380//679 474//679
f 474//680 380//680 484//680
f 380//681 65//681 484//681
f 484//682 65//682 480//682
f 65//683 64//683 480//683
f 480//684 64//684 481//684
f 64//685 63//685 481//685
f 481//686 63//686 482//686
f 63//687 57//687 482//687
f 482//688 57//688 477//688
f 57//689 55//689 477//689
f 55//690 54//690 477//690
f 477//691 54//691 478//691
f 54//692 47//692 478//692
f 478//693 47//693 479//693
f 47//694 46//694 479//694
f 479//695 46//695 49//695
f 278//696 277//696 407//696
f 277//697 276//697 407//697
f 407//698 276//698 415//698
f 276//699 275//699 415//699
f 415//699 275//699 397//699
f 275//700 199//700 397//700
f 397//701 199//701 384//701
f 407//696 406//696 278//696
f 406//702 405//702 278//702
f 278//703 405//703 279//703
f 405//704 402//704 279//704
f 268//705 267//705 401//705
f 267//705 281//705 401//705
f 401//706 281//706 402//706
f 281//707 280//707 402//707
f 402//708 280//708 279//708
f 539//709 270//709 379//709
f 270//709 271//709 379//709
f 269//710 201//710 212//710
f 433//711 435//711 456//711
f 435//712 436//712 456//712
f 456//713 436//713 437//713
f 456//714 457//714 433//714
f 457//712 458//712 433//712
f 433//715 458//715 459//715
f 437//711 438//711 456//711
f 438//716 439//716 456//716
f 456//711 439//711 440//711
f 459//717 460//717 433//717
f 460//718 461//718 433//718
f 433//713 461//713 462//713
f 440//716 441//716 456//716
f 441//712 442//712 456//712
f 456//715 442//715 443//715
f 462//712 463//712 433//712
f 463//711 465//711 433//711
f 433//719 465//719 466//719
f 443//720 444//720 456//720
f 444//721 445//721 456//721
f 456//722 445//722 455//722
f 466//713 467//713 433//713
f 467//711 470//711 433//711
f 433//723 470//723 475//723
f 212//710 434//710 269//710
f 434//724 433//724 269//724
f 269//712 433//712 483//712
f 433//711 475//711 483//711
f 445//711 446//711 455//711
f 446//719 447//719 455//719
f 455//713 447//713 448//713
f 448//712 449//712 455//712
f 449//725 450//725 455//725
f 455//726 450//726 451//726
f 451//727 452//727 455//727
f 452//712 453//712 455//712
f 455//728 453//728 454//728
f 434//201 212//201 189//201
f 191//201 396//201 189//201
f 396//201 400//201 189//201
f 189//201 400//201 434//201
f 350//257 352//257 395//257
f 352//257 487//257 395//257
f 395//257 487//257 377//257
f 487//257 376//257 377//257
f 202//729 269//729 195//729
f 196//729 195//729 269//729
f 574//730 575//730 576//730
f 575//730 577//730 576//730
f 577//731 578//731 576//731
f 578//731 579//731 576//731
f 576//731 579//731 580//731
f 579//731 581//731 580//731
f 575//732 582//732 577//732
f 582//732 578//732 577//732
f 582//733 583//733 578//733
f 583//733 579//733 578//733
f 580//734 547//734 548//734
f 580//734 546//734 547//734
f 548//734 549//734 580//734
f 549//734 550//734 580//734
f 580//734 550//734 551//734
f 551//734 552//734 580//734
f 552//735 553//735 580//735
f 580//736 553//736 554//736
f 554//734 555//734 580//734
f 555//734 556//734 580//734
f 580//735 556//735 557//735
f 574//734 576//734 559//734
f 576//734 580//734 559//734
f 559//735 580//735 558//735
f 580//737 557//737 558//737
f 563//738 562//738 581//738
f 560//738 581//738 561//738
f 581//738 562//738 561//738
f 566//738 565//738 581//738
f 565//738 564//738 581//738
f 581//738 564//738 563//738
f 569//738 568//738 581//738
f 568//738 567//738 581//738
f 581//738 567//738 566//738
f 572//739 571//739 581//739
f 571//740 570//740 581//740
f 581//738 570//738 569//738
f 579//738 583//738 581//738
f 583//738 573//738 581//738
f 581//738 573//738 572//738
f 582//729 575//729 583//729
f 575//729 574//729 583//729
f 583//729 574//729 573//729
f 574//729 559//729 573//729
f 587//741 586//741 615//741
f 617//742 615//742 584//742
f 584//741 615//741 585//741
f 615//741 586//741 585//741
f 590//741 589//741 615//741
f 589//741 588//741 615//741
f 615//741 588//741 587//741
f 593//741 592//741 615//741
f 592//741 591//741 615//741
f 615//743 591//743 590//743
f 596//744 595//744 615//744
f 595//743 594//743 615//743
f 615//741 594//741 593//741
f 618//741 619//741 615//741
f 619//741 597//741 615//741
f 615//743 597//743 596//743
f 620//745 621//745 622//745
f 621//745 623//745 622//745
f 615//731 624//731 625//731
f 622//731 623//731 625//731
f 623//731 618//731 625//731
f 625//731 618//731 615//731
f 621//746 619//746 623//746
f 619//746 618//746 623//746
f 626//747 620//747 625//747
f 620//747 622//747 625//747
f 619//729 621//729 620//729
f 620//729 626//729 619//729
f 626//729 611//729 619//729
f 619//729 611//729 597//729
f 627//748 628//748 612//748
f 612//749 628//749 613//749
f 628//750 629//750 613//750
f 613//750 629//750 614//750
f 629//751 630//751 614//751
f 614//752 630//752 616//752
f 630//753 631//753 616//753
f 616//753 631//753 617//753
f 631//754 624//754 617//754
f 617//755 624//755 615//755
f 624//756 599//756 600//756
f 624//756 598//756 599//756
f 600//756 601//756 624//756
f 601//756 602//756 624//756
f 624//756 602//756 603//756
f 603//756 604//756 624//756
f 604//756 605//756 624//756
f 624//756 605//756 606//756
f 606//756 607//756 624//756
f 607//757 608//757 624//757
f 624//758 608//758 609//758
f 626//756 625//756 611//756
f 625//756 624//756 611//756
f 611//756 624//756 610//756
f 624//757 609//757 610//757
f 662//759 663//759 664//759
f 663//759 665//759 664//759
f 663//760 666//760 665//760
f 666//760 667//760 665//760
f 661//731 660//731 668//731
f 664//731 665//731 668//731
f 665//731 667//731 668//731
f 668//731 667//731 661//731
f 669//761 662//761 668//761
f 662//761 664//761 668//761
f 660//762 633//762 634//762
f 660//762 632//762 633//762
f 634//762 635//762 660//762
f 635//762 636//762 660//762
f 660//762 636//762 637//762
f 637//762 638//762 660//762
f 638//762 639//762 660//762
f 660//762 639//762 640//762
f 640//762 641//762 660//762
f 641//762 642//762 660//762
f 660//763 642//763 643//763
f 669//762 668//762 645//762
f 668//762 660//762 645//762
f 645//762 660//762 644//762
f 660//764 643//764 644//764
f 649//765 648//765 661//765
f 646//765 661//765 647//765
f 661//765 648//765 647//765
f 652//765 651//765 661//765
f 651//765 650//765 661//765
f 661//765 650//765 649//765
f 655//765 654//765 661//765
f 654//765 653//765 661//765
f 661//765 653//765 652//765
f 658//766 657//766 661//766
f 657//767 656//767 661//767
f 661//765 656//765 655//765
f 667//765 666//765 661//765
f 666//765 659//765 661//765
f 661//765 659//765 658//765
f 663//729 662//729 666//729
f 662//729 669//729 666//729
f 666//729 669//729 659//729
f 669//729 645//729 659//729
f 700//768 701//768 702//768
f 701//768 703//768 702//768
f 704//769 700//769 705//769
f 700//769 702//769 705//769
f 699//731 698//731 705//731
f 702//731 703//731 705//731
f 703//731 706//731 705//731
f 705//731 706//731 699//731
f 701//770 707//770 703//770
f 707//770 706//770 703//770
f 698//771 671//771 672//771
f 698//771 670//771 671//771
f 672//771 673//771 698//771
f 673//771 674//771 698//771
f 698//771 674//771 675//771
f 675//771 676//771 698//771
f 676//771 677//771 698//771
f 698//771 677//771 678//771
f 678//771 679//771 698//771
f 679//771 680//771 698//771
f 698//772 680//772 681//772
f 704//771 705//771 683//771
f 705//771 698//771 683//771
f 683//771 698//771 682//771
f 698//773 681//773 682//773
f 687//774 686//774 699//774
f 684//774 699//774 685//774
f 699//774 686//774 685//774
f 690//774 689//774 699//774
f 689//774 688//774 699//774
f 699//774 688//774 687//774
f 693//774 692//774 699//774
f 692//774 691//774 699//774
f 699//774 691//774 690//774
f 696//775 695//775 699//775
f 695//776 694//776 699//776
f 699//774 694//774 693//774
f 706//774 707//774 699//774
f 707//774 697//774 699//774
f 699//774 697//774 696//774
f 701//729 700//729 707//729
f 700//729 704//729 707//729
f 707//729 704//729 697//729
f 704//729 683//729 697//729
f 708//1 709//1 710//1
f 709//2 711//2 710//2
f 710//3 711//3 712//3
f 712//4 713//4 710//4
f 713//5 714//5 710//5
f 710//6 714//6 715//6
f 716//7 717//7 715//7
f 718//8 719//8 710//8
f 715//9 717//9 710//9
f 717//10 720//10 710//10
f 710//11 720//11 718//11
f 715//12 721//12 716//12
f 721//13 722//13 716//13
f 716//14 722//14 723//14
f 719//15 724//15 710//15
f 724//16 725//16 710//16
f 710//17 725//17 726//17
f 726//18 727//18 710//18
f 727//17 728//17 710//17
f 710//19 728//19 729//19
f 729//20 730//20 731//20
f 730//21 732//21 731//21
f 732//22 733//22 731//22
f 733//23 734//23 731//23
f 731//24 734//24 735//24
f 723//25 736//25 716//25
f 736//26 737//26 716//26
f 716//27 737//27 738//27
f 738//28 739//28 716//28
f 739//29 740//29 716//29
f 716//30 740//30 741//30
f 729//31 731//31 710//31
f 731//32 742//32 710//32
f 710//32 742//32 743//32
f 742//33 744//33 743//33
f 743//34 744//34 745//34
f 744//35 746//35 745//35
f 745//36 746//36 747//36
f 746//37 748//37 747//37
f 747//38 748//38 749//38
f 750//39 751//39 752//39
f 753//40 754//40 755//40
f 753//41 755//41 756//41
f 755//42 757//42 756//42
f 756//43 757//43 758//43
f 752//44 759//44 750//44
f 759//45 756//45 750//45
f 750//46 756//46 760//46
f 756//47 758//47 760//47
f 754//48 761//48 755//48
f 761//49 762//49 755//49
f 755//50 762//50 763//50
f 764//51 765//51 762//51
f 765//52 766//52 762//52
f 762//53 766//53 763//53
f 767//54 768//54 769//54
f 764//53 770//53 765//53
f 770//55 771//55 765//55
f 765//56 771//56 769//56
f 771//57 772//57 769//57
f 769//58 772//58 767//58
f 772//59 773//59 767//59
f 773//60 774//60 767//60
f 751//61 775//61 752//61
f 775//62 776//62 752//62
f 752//62 776//62 777//62
f 776//63 778//63 777//63
f 777//62 778//62 779//62
f 780//64 781//64 782//64
f 784//65 785//65 786//65
f 784//66 786//66 787//66
f 786//67 788//67 787//67
f 787//68 788//68 789//68
f 790//69 791//69 792//69
f 791//70 793//70 792//70
f 794//71 795//71 796//71
f 795//72 797//72 796//72
f 796//73 797//73 798//73
f 797//74 799//74 798//74
f 798//75 799//75 800//75
f 799//75 801//75 800//75
f 800//76 801//76 802//76
f 801//77 803//77 802//77
f 802//78 803//78 804//78
f 803//79 805//79 804//79
f 804//80 805//80 806//80
f 805//80 807//80 806//80
f 806//81 807//81 808//81
f 807//82 809//82 808//82
f 808//83 809//83 810//83
f 809//84 811//84 810//84
f 810//85 811//85 812//85
f 811//85 813//85 812//85
f 812//86 813//86 814//86
f 813//87 815//87 814//87
f 814//88 815//88 816//88
f 815//89 817//89 816//89
f 816//90 817//90 818//90
f 817//90 819//90 818//90
f 818//91 819//91 820//91
f 819//92 821//92 820//92
f 820//93 821//93 822//93
f 821//94 823//94 822//94
f 822//95 823//95 824//95
f 823//96 825//96 824//96
f 824//97 825//97 826//97
f 825//98 827//98 826//98
f 826//99 827//99 828//99
f 827//100 829//100 828//100
f 828//101 829//101 830//101
f 829//102 831//102 830//102
f 830//103 831//103 832//103
f 831//104 833//104 832//104
f 832//105 833//105 834//105
f 833//106 835//106 834//106
f 834//107 835//107 836//107
f 835//108 837//108 836//108
f 836//109 837//109 838//109
f 837//110 839//110 838//110
f 838//111 839//111 840//111
f 839//112 841//112 840//112
f 840//113 841//113 842//113
f 841//114 843//114 842//114
f 842//115 843//115 844//115
f 843//116 845//116 844//116
f 844//117 845//117 846//117
f 845//118 847//118 846//118
f 846//119 847//119 848//119
f 847//119 849//119 848//119
f 848//120 849//120 850//120
f 849//120 851//120 850//120
f 850//121 851//121 852//121
f 851//122 853//122 852//122
f 852//123 853//123 790//123
f 853//124 787//124 790//124
f 790//67 787//67 791//67
f 787//125 789//125 791//125
f 854//126 855//126 856//126
f 855//127 857//127 856//127
f 856//128 857//128 794//128
f 857//129 858//129 794//129
f 794//130 858//130 795//130
f 856//131 859//131 854//131
f 859//132 860//132 854//132
f 854//133 860//133 861//133
f 860//134 862//134 861//134
f 861//135 862//135 863//135
f 862//136 864//136 863//136
f 863//136 864//136 865//136
f 864//137 866//137 865//137
f 865//138 866//138 867//138
f 866//139 868//139 867//139
f 867//139 868//139 869//139
f 868//140 870//140 869//140
f 869//141 870//141 871//141
f 870//142 872//142 871//142
f 871//143 872//143 873//143
f 872//144 874//144 873//144
f 873//145 874//145 875//145
f 874//146 876//146 875//146
f 875//146 876//146 877//146
f 876//147 878//147 877//147
f 877//147 878//147 879//147
f 878//148 880//148 879//148
f 879//148 880//148 881//148
f 880//149 882//149 881//149
f 881//150 882//150 883//150
f 882//151 884//151 883//151
f 883//152 884//152 885//152
f 884//153 886//153 885//153
f 885//154 886//154 887//154
f 886//155 888//155 887//155
f 887//156 888//156 889//156
f 888//157 890//157 889//157
f 889//158 890//158 891//158
f 890//159 892//159 891//159
f 891//159 892//159 893//159
f 892//160 894//160 893//160
f 893//161 894//161 895//161
f 896//162 897//162 898//162
f 897//162 899//162 898//162
f 898//162 899//162 900//162
f 899//162 901//162 900//162
f 904//163 906//163 905//163
f 905//163 906//163 907//163
f 908//164 909//164 910//164
f 911//165 912//165 908//165
f 913//166 914//166 915//166
f 916//167 917//167 913//167
f 917//168 918//168 913//168
f 913//165 918//165 914//165
f 912//169 913//169 908//169
f 913//164 915//164 908//164
f 908//164 915//164 919//164
f 915//164 897//164 919//164
f 919//164 897//164 896//164
f 920//170 921//170 908//170
f 921//171 922//171 908//171
f 908//170 922//170 911//170
f 923//168 924//168 913//168
f 924//172 925//172 913//172
f 913//171 925//171 916//171
f 926//168 927//168 908//168
f 927//172 928//172 908//172
f 908//164 928//164 920//164
f 929//171 930//171 913//171
f 930//167 931//167 913//167
f 913//173 931//173 923//173
f 932//172 933//172 908//172
f 933//168 934//168 908//168
f 908//165 934//165 926//165
f 935//174 936//174 908//174
f 936//170 937//170 908//170
f 908//170 937//170 932//170
f 938//175 939//175 913//175
f 939//175 940//175 913//175
f 913//176 940//176 929//176
f 941//177 942//177 938//177
f 942//176 943//176 938//176
f 938//169 943//169 939//169
f 944//165 945//165 908//165
f 945//167 946//167 908//167
f 908//178 946//178 935//178
f 947//176 948//176 938//176
f 948//179 949//179 938//179
f 938//180 949//180 941//180
f 950//165 951//165 908//165
f 951//168 952//168 908//168
f 908//181 952//181 944//181
f 953//182 954//182 938//182
f 954//183 955//183 938//183
f 938//184 955//184 947//184
f 956//168 957//168 908//168
f 957//171 958//171 908//171
f 908//168 958//168 950//168
f 959//165 960//165 908//165
f 960//168 961//168 908//168
f 908//165 961//165 956//165
f 910//168 962//168 908//168
f 962//168 963//168 908//168
f 908//168 963//168 959//168
f 966//185 967//185 968//185
f 732//186 718//186 733//186
f 718//187 720//187 733//187
f 720//188 717//188 733//188
f 717//189 716//189 733//189
f 733//190 716//190 734//190
f 716//191 786//191 734//191
f 734//192 786//192 735//192
f 786//191 785//191 735//191
f 735//191 785//191 780//191
f 729//193 728//193 727//193
f 732//194 726//194 725//194
f 726//195 732//195 727//195
f 732//196 730//196 727//196
f 727//197 730//197 729//197
f 725//198 724//198 732//198
f 724//199 719//199 732//199
f 732//200 719//200 718//200
f 716//191 969//191 786//191
f 969//191 970//191 786//191
f 786//191 970//191 788//191
f 970//191 971//191 788//191
f 788//191 971//191 789//191
f 971//191 972//191 789//191
f 789//191 972//191 791//191
f 972//191 902//191 791//191
f 791//191 902//191 793//191
f 900//201 901//201 973//201
f 901//201 974//201 973//201
f 973//201 974//201 975//201
f 982//202 983//202 984//202
f 982//203 984//203 907//203
f 984//204 985//204 907//204
f 907//205 985//205 986//205
f 986//206 987//206 907//206
f 987//207 988//207 907//207
f 907//208 988//208 974//208
f 974//209 901//209 907//209
f 901//210 899//210 907//210
f 907//210 899//210 989//210
f 989//205 990//205 907//205
f 990//211 991//211 907//211
f 907//205 991//205 992//205
f 992//209 993//209 907//209
f 993//210 994//210 907//210
f 907//205 994//205 995//205
f 995//212 996//212 907//212
f 996//213 997//213 907//213
f 907//214 997//214 998//214
f 998//215 999//215 907//215
f 999//216 1000//216 907//216
f 907//217 1000//217 1001//217
f 1001//218 1002//218 907//218
f 1002//213 1003//213 907//213
f 907//212 1003//212 1004//212
f 1004//213 1005//213 907//213
f 1005//205 1006//205 907//205
f 907//219 1006//219 1007//219
f 1007//220 1008//220 907//220
f 1008//219 1009//219 907//219
f 907//221 1009//221 1010//221
f 1010//209 1011//209 907//209
f 1011//222 1012//222 907//222
f 907//205 1012//205 1013//205
f 1013//223 1014//223 907//223
f 1014//215 1015//215 907//215
f 907//224 1015//224 1016//224
f 1016//225 1017//225 907//225
f 1017//214 1018//214 907//214
f 907//226 1018//226 1019//226
f 1019//227 1020//227 907//227
f 1020//228 1021//228 907//228
f 907//229 1021//229 1022//229
f 1023//230 905//230 907//230
f 1022//231 1024//231 907//231
f 1024//232 1025//232 907//232
f 907//227 1025//227 1023//227
f 1025//233 1026//233 1023//233
f 1023//234 1026//234 1027//234
f 1027//235 1028//235 1023//235
f 1028//236 1029//236 1023//236
f 1023//237 1029//237 1030//237
f 1031//238 1032//238 1033//238
f 1032//239 1034//239 1033//239
f 1033//240 1034//240 1035//240
f 1036//241 1037//241 1035//241
f 1037//239 1038//239 1035//239
f 1035//242 1038//242 1033//242
f 1039//243 1040//243 1033//243
f 1040//244 1041//244 1033//244
f 1033//245 1041//245 1031//245
f 1042//242 1043//242 1035//242
f 1043//246 1044//246 1035//246
f 1035//242 1044//242 1036//242
f 1045//247 1046//247 1033//247
f 1046//242 1047//242 1033//242
f 1033//239 1047//239 1039//239
f 1048//248 1049//248 1035//248
f 1049//239 1050//239 1035//239
f 1035//246 1050//246 1042//246
f 1051//249 1052//249 1033//249
f 1052//242 1053//242 1033//242
f 1033//241 1053//241 1045//241
f 1054//250 1055//250 1035//250
f 1055//251 1056//251 1035//251
f 1035//246 1056//246 1048//246
f 1057//252 1058//252 1059//252
f 1058//252 903//252 1059//252
f 1059//253 903//253 1033//253
f 903//239 1060//239 1033//239
f 1033//242 1060//242 1051//242
f 1061//242 1062//242 1054//242
f 1062//254 1063//254 1054//254
f 1054//239 1063//239 1055//239
f 1064//245 1065//245 1054//245
f 1065//251 1066//251 1054//251
f 1054//239 1066//239 1061//239
f 1067//255 1068//255 1054//255
f 1068//253 1069//253 1054//253
f 1054//256 1069//256 1064//256
f 899//201 897//201 989//201
f 897//201 915//201 989//201
f 1070//257 1071//257 1072//257
f 1071//257 1073//257 1072//257
f 1072//257 1073//257 1074//257
f 902//257 903//257 1058//257
f 781//258 780//258 785//258
f 895//259 1075//259 1072//259
f 1072//259 1074//259 895//259
f 1074//259 1076//259 895//259
f 895//260 1076//260 1077//260
f 807//261 805//261 1078//261
f 1077//259 1079//259 895//259
f 1079//259 1080//259 895//259
f 895//259 1080//259 1081//259
f 813//262 811//262 1078//262
f 811//263 809//263 1078//263
f 1078//264 809//264 807//264
f 889//263 891//263 1081//263
f 891//263 893//263 1081//263
f 1081//260 893//260 895//260
f 857//260 855//260 1082//260
f 855//265 854//265 1082//265
f 873//259 875//259 1082//259
f 819//266 817//266 1078//266
f 817//267 815//267 1078//267
f 1078//268 815//268 813//268
f 797//269 795//269 1082//269
f 795//270 858//270 1082//270
f 1082//271 858//271 857//271
f 873//263 1082//263 871//263
f 883//272 885//272 1081//272
f 885//266 887//266 1081//266
f 1081//263 887//263 889//263
f 825//273 823//273 1078//273
f 823//274 821//274 1078//274
f 1078//275 821//275 819//275
f 805//270 803//270 1078//270
f 803//266 801//266 1078//266
f 1078//259 801//259 1082//259
f 801//276 799//276 1082//276
f 1082//277 799//277 797//277
f 865//263 867//263 1082//263
f 867//278 869//278 1082//278
f 1082//266 869//266 871//266
f 875//260 877//260 1082//260
f 877//260 879//260 1082//260
f 1082//259 879//259 1081//259
f 879//259 881//259 1081//259
f 1081//266 881//266 883//266
f 831//272 829//272 1078//272
f 829//279 827//279 1078//279
f 1078//280 827//280 825//280
f 854//260 861//260 1082//260
f 861//263 863//263 1082//263
f 1082//260 863//260 865//260
f 837//281 835//281 1078//281
f 835//282 833//282 1078//282
f 1078//283 833//283 831//283
f 843//269 841//269 1078//269
f 841//284 839//284 1078//284
f 1078//285 839//285 837//285
f 849//286 847//286 1078//286
f 847//287 845//287 1078//287
f 1078//288 845//288 843//288
f 787//289 853//289 1078//289
f 853//290 851//290 1078//290
f 1078//291 851//291 849//291
f 781//259 785//259 1078//259
f 785//292 784//292 1078//292
f 1078//293 784//293 787//293
f 1083//294 1071//294 1084//294
f 1071//294 1070//294 1084//294
f 978//295 980//295 1086//295
f 980//295 981//295 1086//295
f 1086//295 981//295 1085//295
f 905//296 1023//296 708//296
f 1023//296 1093//296 708//296
f 708//297 1093//297 709//297
f 1093//298 711//298 709//298
f 712//299 739//299 738//299
f 721//300 712//300 722//300
f 712//301 723//301 722//301
f 738//302 737//302 712//302
f 737//303 736//303 712//303
f 712//304 736//304 723//304
f 721//305 715//305 712//305
f 715//306 714//306 712//306
f 712//307 714//307 713//307
f 910//296 909//296 1094//296
f 909//296 1095//296 1094//296
f 1094//296 1095//296 1096//296
f 1095//296 1097//296 1096//296
f 1096//296 1097//296 1098//296
f 1097//296 1099//296 1098//296
f 1098//296 1099//296 1093//296
f 1099//296 1100//296 1093//296
f 1093//296 1100//296 711//296
f 1100//296 741//296 711//296
f 711//308 741//308 712//308
f 741//309 740//309 712//309
f 712//310 740//310 739//310
f 1101//311 1102//311 1084//311
f 1070//311 1072//311 1084//311
f 1072//311 1075//311 1084//311
f 1084//311 1075//311 1101//311
f 1103//312 973//312 975//312
f 1104//313 1105//313 1106//313
f 1103//312 975//312 1107//312
f 975//314 1108//314 1107//314
f 1107//315 1108//315 1109//315
f 1110//312 1111//312 1104//312
f 1109//314 1112//314 1107//314
f 1112//314 1113//314 1107//314
f 1107//312 1113//312 1114//312
f 1106//314 1115//314 1104//314
f 1115//314 1116//314 1104//314
f 1104//312 1116//312 1110//312
f 1117//316 1118//316 1114//316
f 1118//312 1119//312 1114//312
f 1114//317 1119//317 1107//317
f 1120//318 1121//318 1122//318
f 1121//319 1123//319 1122//319
f 1122//320 1123//320 1124//320
f 1125//321 1126//321 1114//321
f 1126//322 1127//322 1114//322
f 1114//323 1127//323 1117//323
f 1128//314 1129//314 1122//314
f 1129//317 1130//317 1122//317
f 1122//313 1130//313 1120//313
f 1124//319 1131//319 1122//319
f 1131//320 1132//320 1122//320
f 1122//312 1132//312 1114//312
f 1132//316 1133//316 1114//316
f 1114//324 1133//324 1125//324
f 1134//325 1135//325 1122//325
f 1135//313 1136//313 1122//313
f 1122//313 1136//313 1128//313
f 1111//312 1137//312 1104//312
f 1137//312 1138//312 1104//312
f 1104//312 1138//312 1122//312
f 1138//326 1139//326 1122//326
f 1122//325 1139//325 1134//325
f 1140//327 1141//327 1107//327
f 1107//328 1119//328 1140//328
f 1119//329 1118//329 1140//329
f 1140//329 1118//329 1142//329
f 1118//330 1117//330 1142//330
f 1142//330 1117//330 1143//330
f 1117//331 1127//331 1143//331
f 1143//332 1127//332 1144//332
f 1127//333 1126//333 1144//333
f 1144//333 1126//333 1145//333
f 1126//334 1125//334 1145//334
f 1145//335 1125//335 1146//335
f 1125//336 1133//336 1146//336
f 1146//336 1133//336 1147//336
f 1133//337 1132//337 1147//337
f 1147//338 1132//338 1148//338
f 1132//339 1131//339 1148//339
f 1148//339 1131//339 1149//339
f 1131//340 1124//340 1149//340
f 1149//341 1124//341 1150//341
f 1124//342 1123//342 1150//342
f 1150//343 1123//343 1151//343
f 1123//344 1121//344 1151//344
f 1151//344 1121//344 1152//344
f 1121//345 1120//345 1152//345
f 1152//346 1120//346 1153//346
f 1120//347 1130//347 1153//347
f 1153//348 1130//348 1154//348
f 1130//349 1129//349 1154//349
f 1154//350 1129//350 1155//350
f 1129//351 1128//351 1155//351
f 1155//352 1128//352 1156//352
f 1128//353 1136//353 1156//353
f 1156//353 1136//353 1157//353
f 1136//354 1135//354 1157//354
f 1157//355 1135//355 1158//355
f 1135//356 1134//356 1158//356
f 1158//357 1134//357 1159//357
f 1134//358 1139//358 1159//358
f 1159//359 1139//359 1160//359
f 1139//360 1138//360 1160//360
f 1160//361 1138//361 1161//361
f 1138//362 1137//362 1161//362
f 1161//363 1137//363 1162//363
f 1162//364 1137//364 1163//364
f 1137//365 1111//365 1163//365
f 1163//366 1111//366 1164//366
f 1164//367 1111//367 1165//367
f 1111//368 1110//368 1165//368
f 1165//369 1110//369 1166//369
f 1166//370 1110//370 1167//370
f 1110//371 1116//371 1167//371
f 1167//372 1116//372 1168//372
f 1168//373 1116//373 1169//373
f 1116//374 1115//374 1169//374
f 1169//375 1115//375 1170//375
f 1106//376 1105//376 1171//376
f 1170//377 1115//377 1172//377
f 1115//378 1106//378 1172//378
f 1172//379 1106//379 1173//379
f 1106//380 1171//380 1173//380
f 1173//381 1171//381 1174//381
f 1175//382 1176//382 1177//382
f 1175//383 1177//383 1178//383
f 1174//384 1171//384 1177//384
f 1171//385 1179//385 1177//385
f 1177//386 1179//386 1178//386
f 1176//387 1180//387 1177//387
f 1180//388 1181//388 1177//388
f 1177//389 1181//389 1182//389
f 1183//390 1184//390 1185//390
f 1185//391 1186//391 1183//391
f 1186//392 759//392 1183//392
f 1183//393 759//393 752//393
f 1187//394 1188//394 1183//394
f 1188//395 1189//395 1183//395
f 1183//396 1189//396 1184//396
f 779//397 976//397 1181//397
f 976//397 1190//397 1181//397
f 1181//398 1190//398 1182//398
f 1187//399 1183//399 1191//399
f 1183//400 752//400 1191//400
f 1191//401 752//401 1181//401
f 752//402 777//402 1181//402
f 1181//403 777//403 779//403
f 973//404 1103//404 900//404
f 1103//404 898//404 900//404
f 966//405 968//405 979//405
f 968//405 1192//405 979//405
f 1087//406 774//406 773//406
f 1071//407 1083//407 1073//407
f 1083//407 1194//407 1073//407
f 1073//408 1194//408 1195//408
f 1194//409 1196//409 1195//409
f 1197//407 1198//407 1194//407
f 1198//407 1199//407 1194//407
f 1194//408 1199//408 1196//408
f 1200//409 1201//409 1202//409
f 1201//407 1203//407 1202//407
f 1202//407 1203//407 1204//407
f 1204//408 1205//408 1202//408
f 1205//408 1206//408 1202//408
f 1202//410 1206//410 1207//410
f 1208//411 1209//411 1210//411
f 1209//412 1211//412 1210//412
f 1194//413 1212//413 1197//413
f 1212//407 1213//407 1197//407
f 1197//413 1213//413 1214//413
f 1211//411 1215//411 1210//411
f 1215//410 1216//410 1210//410
f 1210//414 1216//414 1217//414
f 1214//412 1218//412 1197//412
f 1218//415 1219//415 1197//415
f 1197//416 1219//416 1220//416
f 1217//408 1221//408 1210//408
f 1221//417 1222//417 1210//417
f 1210//408 1222//408 1223//408
f 1220//418 1224//418 1197//418
f 1224//413 1225//413 1197//413
f 1197//407 1225//407 1210//407
f 1225//419 1226//419 1210//419
f 1210//412 1226//412 1208//412
f 1223//420 1227//420 1210//420
f 1227//420 1228//420 1210//420
f 1210//408 1228//408 1202//408
f 1228//408 1229//408 1202//408
f 1202//408 1229//408 1200//408
f 716//421 741//421 1100//421
f 909//421 902//421 1095//421
f 902//421 972//421 1095//421
f 1095//421 972//421 1097//421
f 972//421 971//421 1097//421
f 1097//421 971//421 1099//421
f 971//421 970//421 1099//421
f 1099//421 970//421 1100//421
f 970//421 969//421 1100//421
f 1100//421 969//421 716//421
f 1230//422 768//422 767//422
f 908//201 976//201 909//201
f 1053//423 1052//423 1231//423
f 776//424 1060//424 778//424
f 1060//425 903//425 778//425
f 1232//426 1233//426 775//426
f 775//427 751//427 1234//427
f 1235//428 1236//428 1232//428
f 1236//429 1237//429 1232//429
f 1237//430 1238//430 1232//430
f 1238//431 1239//431 1232//431
f 1232//432 1239//432 1233//432
f 775//433 1234//433 1232//433
f 1234//434 1240//434 1232//434
f 1232//435 1240//435 1235//435
f 776//436 775//436 1060//436
f 775//425 1233//425 1060//425
f 1060//437 1233//437 1051//437
f 1233//438 1052//438 1051//438
f 1233//439 1241//439 1052//439
f 1241//440 1242//440 1052//440
f 1052//441 1242//441 1243//441
f 1243//442 1244//442 1052//442
f 1244//443 1245//443 1052//443
f 1052//444 1245//444 1231//444
f 1231//445 1207//445 1206//445
f 1053//446 1231//446 1045//446
f 1231//447 1206//447 1045//447
f 1045//448 1206//448 1046//448
f 1206//449 1205//449 1046//449
f 1046//450 1205//450 1047//450
f 1047//451 1205//451 1039//451
f 1205//452 1204//452 1039//452
f 1039//453 1204//453 1040//453
f 1203//454 1031//454 1204//454
f 1031//455 1041//455 1204//455
f 1204//456 1041//456 1040//456
f 1054//457 1035//457 1201//457
f 1035//458 1034//458 1201//458
f 1201//459 1034//459 1203//459
f 1034//460 1032//460 1203//460
f 1203//461 1032//461 1031//461
f 1201//462 1200//462 1054//462
f 1200//463 1229//463 1054//463
f 1054//464 1229//464 1067//464
f 1229//465 1228//465 1067//465
f 1067//466 1228//466 1068//466
f 1228//467 1227//467 1068//467
f 1068//468 1227//468 1069//468
f 1227//469 1223//469 1069//469
f 1069//470 1223//470 1064//470
f 1223//471 1222//471 1064//471
f 1064//472 1222//472 1065//472
f 1222//473 1221//473 1065//473
f 1065//474 1221//474 1066//474
f 1221//475 1217//475 1066//475
f 1066//476 1217//476 1061//476
f 1217//477 1216//477 1061//477
f 1061//478 1216//478 1062//478
f 1216//479 1215//479 1062//479
f 1062//480 1215//480 1063//480
f 1215//481 1211//481 1063//481
f 1063//481 1211//481 1055//481
f 1211//482 1209//482 1055//482
f 1055//483 1209//483 1056//483
f 1209//484 1208//484 1056//484
f 1056//485 1208//485 1048//485
f 1208//486 1226//486 1048//486
f 1048//487 1226//487 1049//487
f 1226//488 1225//488 1049//488
f 1049//488 1225//488 1050//488
f 1225//489 1224//489 1050//489
f 1050//490 1224//490 1042//490
f 1224//491 1220//491 1042//491
f 1042//491 1220//491 1043//491
f 1220//492 1219//492 1043//492
f 1043//493 1219//493 1044//493
f 1219//494 1218//494 1044//494
f 1044//494 1218//494 1036//494
f 1218//495 1214//495 1036//495
f 1036//496 1214//496 1037//496
f 1214//497 1213//497 1037//497
f 1037//497 1213//497 1038//497
f 1213//498 1212//498 1038//498
f 1038//499 1212//499 1033//499
f 1212//500 1194//500 1033//500
f 1033//501 1194//501 1059//501
f 778//62 903//62 779//62
f 903//62 976//62 779//62
f 1012//502 1011//502 938//502
f 1011//503 1010//503 938//503
f 938//504 1010//504 953//504
f 1010//505 1009//505 953//505
f 953//506 1009//506 954//506
f 1009//507 1008//507 954//507
f 954//508 1008//508 955//508
f 1008//509 1007//509 955//509
f 955//509 1007//509 947//509
f 1007//510 1006//510 947//510
f 947//511 1006//511 948//511
f 1006//512 1005//512 948//512
f 948//513 1005//513 949//513
f 1005//514 1004//514 949//514
f 949//514 1004//514 941//514
f 1004//515 1003//515 941//515
f 941//516 1003//516 942//516
f 1003//517 1002//517 942//517
f 942//517 1002//517 943//517
f 1002//518 1001//518 943//518
f 943//519 1001//519 939//519
f 1001//520 1000//520 939//520
f 939//520 1000//520 940//520
f 1000//521 999//521 940//521
f 940//521 999//521 929//521
f 999//522 998//522 929//522
f 929//523 998//523 930//523
f 998//524 997//524 930//524
f 930//525 997//525 931//525
f 997//526 996//526 931//526
f 931//527 996//527 923//527
f 996//528 995//528 923//528
f 923//529 995//529 924//529
f 995//530 994//530 924//530
f 924//531 994//531 925//531
f 994//532 993//532 925//532
f 925//533 993//533 916//533
f 993//534 992//534 916//534
f 916//535 992//535 917//535
f 992//536 991//536 917//536
f 917//537 991//537 918//537
f 991//538 990//538 918//538
f 918//538 990//538 914//538
f 990//539 989//539 914//539
f 914//540 989//540 915//540
f 938//541 913//541 1012//541
f 913//542 912//542 1012//542
f 1012//543 912//543 1013//543
f 912//544 911//544 1013//544
f 911//545 922//545 1013//545
f 1013//546 922//546 1014//546
f 922//547 921//547 1014//547
f 921//548 920//548 1014//548
f 920//549 928//549 1014//549
f 1014//550 928//550 1015//550
f 928//551 927//551 1015//551
f 927//552 926//552 1015//552
f 1015//553 926//553 1016//553
f 926//554 934//554 1016//554
f 934//555 933//555 1016//555
f 1016//556 933//556 1017//556
f 933//557 932//557 1017//557
f 932//558 937//558 1017//558
f 1017//559 937//559 1018//559
f 937//560 936//560 1018//560
f 936//561 935//561 1018//561
f 1018//562 935//562 1019//562
f 935//563 946//563 1019//563
f 946//564 945//564 1019//564
f 1019//565 945//565 1020//565
f 945//566 944//566 1020//566
f 944//567 952//567 1020//567
f 1020//568 952//568 1021//568
f 952//569 951//569 1021//569
f 951//570 950//570 1021//570
f 1021//571 950//571 1022//571
f 950//572 958//572 1022//572
f 958//573 957//573 1022//573
f 1022//574 957//574 1024//574
f 957//575 956//575 1024//575
f 1024//576 956//576 1025//576
f 956//577 961//577 1025//577
f 1025//577 961//577 1026//577
f 961//578 960//578 1026//578
f 1026//578 960//578 1027//578
f 960//579 959//579 1027//579
f 1027//580 959//580 1028//580
f 959//581 963//581 1028//581
f 1028//582 963//582 1029//582
f 910//583 1094//583 962//583
f 1094//584 963//584 962//584
f 1094//585 1096//585 963//585
f 1096//586 1098//586 963//586
f 963//587 1098//587 1029//587
f 1098//587 1093//587 1029//587
f 1029//588 1093//588 1030//588
f 1093//589 1023//589 1030//589
f 746//590 744//590 780//590
f 744//591 742//591 780//591
f 742//592 731//592 780//592
f 780//593 731//593 735//593
f 780//594 748//594 746//594
f 1057//595 1102//595 1101//595
f 894//596 892//596 796//596
f 892//597 890//597 796//597
f 1101//595 894//595 1057//595
f 894//595 796//595 1057//595
f 1057//595 796//595 1058//595
f 796//598 798//598 1058//598
f 1058//599 798//599 800//599
f 890//597 888//597 796//597
f 888//595 886//595 796//595
f 796//600 886//600 884//600
f 800//601 802//601 1058//601
f 802//600 804//600 1058//600
f 1058//602 804//602 806//602
f 884//600 882//600 796//600
f 882//602 880//602 796//602
f 796//597 880//597 878//597
f 806//603 808//603 1058//603
f 808//600 810//600 1058//600
f 1058//602 810//602 812//602
f 878//600 876//600 796//600
f 876//600 874//600 796//600
f 796//604 874//604 794//604
f 812//600 814//600 1058//600
f 814//605 816//605 1058//605
f 1058//596 816//596 818//596
f 874//596 872//596 794//596
f 872//599 870//599 794//599
f 794//606 870//606 868//606
f 818//607 820//607 1058//607
f 820//596 822//596 1058//596
f 1058//608 822//608 824//608
f 868//597 866//597 794//597
f 866//609 864//609 794//609
f 794//602 864//602 862//602
f 824//597 826//597 1058//597
f 826//600 828//600 1058//600
f 1058//608 828//608 830//608
f 862//610 860//610 794//610
f 860//611 859//611 794//611
f 794//612 859//612 856//612
f 830//600 832//600 1058//600
f 832//602 834//602 1058//602
f 1058//600 834//600 836//600
f 836//597 838//597 1058//597
f 838//613 840//613 1058//613
f 1058//597 840//597 842//597
f 842//614 844//614 1058//614
f 844//602 846//602 1058//602
f 1058//600 846//600 848//600
f 848//596 850//596 1058//596
f 850//600 852//600 1058//600
f 1058//597 852//597 790//597
f 790//600 792//600 1058//600
f 792//600 793//600 1058//600
f 1058//595 793//595 902//595
f 1231//615 1245//615 1248//615
f 782//616 781//616 1078//616
f 1078//617 1249//617 782//617
f 1249//618 1250//618 782//618
f 782//619 1250//619 783//619
f 1248//620 1245//620 1251//620
f 1245//621 1244//621 1251//621
f 1244//622 1243//622 1251//622
f 1251//623 1243//623 1252//623
f 768//624 1230//624 1239//624
f 1243//625 1242//625 1252//625
f 1242//626 1241//626 1252//626
f 1252//627 1241//627 1230//627
f 1241//628 1233//628 1230//628
f 1230//629 1233//629 1239//629
f 1235//630 755//630 1236//630
f 755//631 763//631 1236//631
f 1236//632 763//632 1237//632
f 763//633 766//633 1237//633
f 1237//634 766//634 1238//634
f 766//635 765//635 1238//635
f 1238//636 765//636 1239//636
f 765//637 769//637 1239//637
f 1239//638 769//638 768//638
f 751//639 750//639 1234//639
f 750//640 760//640 1234//640
f 1234//641 760//641 1240//641
f 760//642 758//642 1240//642
f 1240//643 758//643 1235//643
f 758//644 757//644 1235//644
f 1235//645 757//645 755//645
f 1231//646 1248//646 1207//646
f 1248//647 1249//647 1207//647
f 1207//648 1249//648 1202//648
f 1249//617 1078//617 1202//617
f 1202//649 1078//649 1210//649
f 1078//649 1082//649 1210//649
f 1210//650 1082//650 1197//650
f 1082//651 1081//651 1197//651
f 1081//652 1080//652 1197//652
f 1197//652 1080//652 1198//652
f 1080//653 1079//653 1198//653
f 1074//654 1073//654 1076//654
f 1073//654 1195//654 1076//654
f 1076//655 1195//655 1077//655
f 1195//656 1196//656 1077//656
f 1077//657 1196//657 1079//657
f 1196//658 1199//658 1079//658
f 1079//659 1199//659 1198//659
f 743//660 905//660 710//660
f 905//661 708//661 710//661
f 743//662 745//662 905//662
f 745//663 747//663 905//663
f 905//664 747//664 749//664
f 1101//257 1075//257 894//257
f 1075//257 895//257 894//257
f 756//665 759//665 1186//665
f 1087//666 773//666 772//666
f 982//667 907//667 906//667
f 1090//668 1179//668 1171//668
f 1090//669 1171//669 1091//669
f 1171//670 1105//670 1091//670
f 1091//671 1105//671 1104//671
f 1179//672 1090//672 1178//672
f 1090//673 1089//673 1178//673
f 1178//674 1089//674 1175//674
f 1175//675 1089//675 1176//675
f 1089//676 1088//676 1176//676
f 1176//677 1088//677 1180//677
f 1180//678 1088//678 1181//678
f 1088//679 1087//679 1181//679
f 1181//680 1087//680 1191//680
f 1087//681 772//681 1191//681
f 1191//682 772//682 1187//682
f 772//683 771//683 1187//683
f 1187//684 771//684 1188//684
f 771//685 770//685 1188//685
f 1188//686 770//686 1189//686
f 770//687 764//687 1189//687
f 1189//688 764//688 1184//688
f 764//689 762//689 1184//689
f 762//690 761//690 1184//690
f 1184//691 761//691 1185//691
f 761//692 754//692 1185//692
f 1185//693 754//693 1186//693
f 754//694 753//694 1186//694
f 1186//695 753//695 756//695
f 985//696 984//696 1114//696
f 984//697 983//697 1114//697
f 1114//698 983//698 1122//698
f 983//699 982//699 1122//699
f 1122//699 982//699 1104//699
f 982//700 906//700 1104//700
f 1104//701 906//701 1091//701
f 1114//696 1113//696 985//696
f 1113//702 1112//702 985//702
f 985//703 1112//703 986//703
f 1112//704 1109//704 986//704
f 975//705 974//705 1108//705
f 974//705 988//705 1108//705
f 1108//706 988//706 1109//706
f 988//707 987//707 1109//707
f 1109//708 987//708 986//708
f 1246//709 977//709 1086//709
f 977//709 978//709 1086//709
f 976//710 908//710 919//710
f 1140//711 1142//711 1163//711
f 1142//712 1143//712 1163//712
f 1163//713 1143//713 1144//713
f 1163//714 1164//714 1140//714
f 1164//712 1165//712 1140//712
f 1140//715 1165//715 1166//715
f 1144//711 1145//711 1163//711
f 1145//716 1146//716 1163//716
f 1163//711 1146//711 1147//711
f 1166//717 1167//717 1140//717
f 1167//718 1168//718 1140//718
f 1140//713 1168//713 1169//713
f 1147//716 1148//716 1163//716
f 1148//712 1149//712 1163//712
f 1163//715 1149//715 1150//715
f 1169//712 1170//712 1140//712
f 1170//711 1172//711 1140//711
f 1140//719 1172//719 1173//719
f 1150//720 1151//720 1163//720
f 1151//721 1152//721 1163//721
f 1163//722 1152//722 1162//722
f 1173//713 1174//713 1140//713
f 1174//711 1177//711 1140//711
f 1140//723 1177//723 1182//723
f 919//710 1141//710 976//710
f 1141//724 1140//724 976//724
f 976//712 1140//712 1190//712
f 1140//711 1182//711 1190//711
f 1152//711 1153//711 1162//711
f 1153//719 1154//719 1162//719
f 1162//713 1154//713 1155//713
f 1155//712 1156//712 1162//712
f 1156//725 1157//725 1162//725
f 1162//726 1157//726 1158//726
f 1158//727 1159//727 1162//727
f 1159//712 1160//712 1162//712
f 1162//728 1160//728 1161//728
f 1141//201 919//201 896//201
f 898//201 1103//201 896//201
f 1103//201 1107//201 896//201
f 896//201 1107//201 1141//201
f 1057//257 1059//257 1102//257
f 1059//257 1194//257 1102//257
f 1102//257 1194//257 1084//257
f 1194//257 1083//257 1084//257
f 909//729 976//729 902//729
f 903//729 902//729 976//729
f 1281//730 1282//730 1283//730
f 1282//730 1284//730 1283//730
f 1284//731 1285//731 1283//731
f 1285//731 1286//731 1283//731
f 1283//731 1286//731 1287//731
f 1286//731 1288//731 1287//731
f 1282//732 1289//732 1284//732
f 1289//732 1285//732 1284//732
f 1289//733 1290//733 1285//733
f 1290//733 1286//733 1285//733
f 1287//734 1254//734 1255//734
f 1287//734 1253//734 1254//734
f 1255//734 1256//734 1287//734
f 1256//734 1257//734 1287//734
f 1287//734 1257//734 1258//734
f 1258//734 1259//734 1287//734
f 1259//735 1260//735 1287//735
f 1287//736 1260//736 1261//736
f 1261//734 1262//734 1287//734
f 1262//734 1263//734 1287//734
f 1287//735 1263//735 1264//735
f 1281//734 1283//734 1266//734
f 1283//734 1287//734 1266//734
f 1266//735 1287//735 1265//735
f 1287//737 1264//737 1265//737
f 1270//738 1269//738 1288//738
f 1267//738 1288//738 1268//738
f 1288//738 1269//738 1268//738
f 1273//738 1272//738 1288//738
f 1272//738 1271//738 1288//738
f 1288//738 1271//738 1270//738
f 1276//738 1275//738 1288//738
f 1275//738 1274//738 1288//738
f 1288//738 1274//738 1273//738
f 1279//739 1278//739 1288//739
f 1278//740 1277//740 1288//740
f 1288//738 1277//738 1276//738
f 1286//738 1290//738 1288//738
f 1290//738 1280//738 1288//738
f 1288//738 1280//738 1279//738
f 1289//729 1282//729 1290//729
f 1282//729 1281//729 1290//729
f 1290//729 1281//729 1280//729
f 1281//729 1266//729 1280//729
f 1294//741 1293//741 1322//741
f 1324//742 1322//742 1291//742
f 1291//741 1322//741 1292//741
f 1322//741 1293//741 1292//741
f 1297//741 1296//741 1322//741
f 1296//741 1295//741 1322//741
f 1322//741 1295//741 1294//741
f 1300//741 1299//741 1322//741
f 1299//741 1298//741 1322//741
f 1322//743 1298//743 1297//743
f 1303//744 1302//744 1322//744
f 1302//743 1301//743 1322//743
f 1322//741 1301//741 1300//741
f 1325//741 1326//741 1322//741
f 1326//741 1304//741 1322//741
f 1322//743 1304//743 1303//743
f 1327//745 1328//745 1329//745
f 1328//745 1330//745 1329//745
f 1322//731 1331//731 1332//731
f 1329//731 1330//731 1332//731
f 1330//731 1325//731 1332//731
f 1332//731 1325//731 1322//731
f 1328//746 1326//746 1330//746
f 1326//746 1325//746 1330//746
f 1333//747 1327//747 1332//747
f 1327//747 1329//747 1332//747
f 1326//729 1328//729 1327//729
f 1327//729 1333//729 1326//729
f 1333//729 1318//729 1326//729
f 1326//729 1318//729 1304//729
f 1334//748 1335//748 1319//748
f 1319//749 1335//749 1320//749
f 1335//750 1336//750 1320//750
f 1320//750 1336//750 1321//750
f 1336//751 1337//751 1321//751
f 1321//752 1337//752 1323//752
f 1337//753 1338//753 1323//753
f 1323//753 1338//753 1324//753
f 1338//754 1331//754 1324//754
f 1324//755 1331//755 1322//755
f 1331//756 1306//756 1307//756
f 1331//756 1305//756 1306//756
f 1307//756 1308//756 1331//756
f 1308//756 1309//756 1331//756
f 1331//756 1309//756 1310//756
f 1310//756 1311//756 1331//756
f 1311//756 1312//756 1331//756
f 1331//756 1312//756 1313//756
f 1313//756 1314//756 1331//756
f 1314//757 1315//757 1331//757
f 1331//758 1315//758 1316//758
f 1333//756 1332//756 1318//756
f 1332//756 1331//756 1318//756
f 1318//756 1331//756 1317//756
f 1331//757 1316//757 1317//757
f 1369//759 1370//759 1371//759
f 1370//759 1372//759 1371//759
f 1370//760 1373//760 1372//760
f 1373//760 1374//760 1372//760
f 1368//731 1367//731 1375//731
f 1371//731 1372//731 1375//731
f 1372//731 1374//731 1375//731
f 1375//731 1374//731 1368//731
f 1376//761 1369//761 1375//761
f 1369//761 1371//761 1375//761
f 1367//762 1340//762 1341//762
f 1367//762 1339//762 1340//762
f 1341//762 1342//762 1367//762
f 1342//762 1343//762 1367//762
f 1367//762 1343//762 1344//762
f 1344//762 1345//762 1367//762
f 1345//762 1346//762 1367//762
f 1367//762 1346//762 1347//762
f 1347//762 1348//762 1367//762
f 1348//762 1349//762 1367//762
f 1367//763 1349//763 1350//763
f 1376//762 1375//762 1352//762
f 1375//762 1367//762 1352//762
f 1352//762 1367//762 1351//762
f 1367//764 1350//764 1351//764
f 1356//765 1355//765 1368//765
f 1353//765 1368//765 1354//765
f 1368//765 1355//765 1354//765
f 1359//765 1358//765 1368//765
f 1358//765 1357//765 1368//765
f 1368//765 1357//765 1356//765
f 1362//765 1361//765 1368//765
f 1361//765 1360//765 1368//765
f 1368//765 1360//765 1359//765
f 1365//766 1364//766 1368//766
f 1364//767 1363//767 1368//767
f 1368//765 1363//765 1362//765
f 1374//765 1373//765 1368//765
f 1373//765 1366//765 1368//765
f 1368//765 1366//765 1365//765
f 1370//729 1369//729 1373//729
f 1369//729 1376//729 1373//729
f 1373//729 1376//729 1366//729
f 1376//729 1352//729 1366//729
f 1407//768 1408//768 1409//768
f 1408//768 1410//768 1409//768
f 1411//769 1407//769 1412//769
f 1407//769 1409//769 1412//769
f 1406//731 1405//731 1412//731
f 1409//731 1410//731 1412//731
f 1410//731 1413//731 1412//731
f 1412//731 1413//731 1406//731
f 1408//770 1414//770 1410//770
f 1414//770 1413//770 1410//770
f 1405//771 1378//771 1379//771
f 1405//771 1377//771 1378//771
f 1379//771 1380//771 1405//771
f 1380//771 1381//771 1405//771
f 1405//771 1381//771 1382//771
f 1382//771 1383//771 1405//771
f 1383//771 1384//771 1405//771
f 1405//771 1384//771 1385//771
f 1385//771 1386//771 1405//771
f 1386//771 1387//771 1405//771
f 1405//772 1387//772 1388//772
f 1411//771 1412//771 1390//771
f 1412//771 1405//771 1390//771
f 1390//771 1405//771 1389//771
f 1405//773 1388//773 1389//773
f 1394//774 1393//774 1406//774
f 1391//774 1406//774 1392//774
f 1406//774 1393//774 1392//774
f 1397//774 1396//774 1406//774
f 1396//774 1395//774 1406//774
f 1406//774 1395//774 1394//774
f 1400//774 1399//774 1406//774
f 1399//774 1398//774 1406//774
f 1406//774 1398//774 1397//774
f 1403//775 1402//775 1406//775
f 1402//776 1401//776 1406//776
f 1406//774 1401//774 1400//774
f 1413//774 1414//774 1406//774
f 1414//774 1404//774 1406//774
f 1406//774 1404//774 1403//774
f 1408//729 1407//729 1414//729
f 1407//729 1411//729 1414//729
f 1414//729 1411//729 1404//729
f 1411//729 1390//729 1404//729
l 378 486
l 539 540
l 485 486
l 257 258
l 258 261
l 258 540
l 384 385
l 1085 1193
l 1246 1247
l 1192 1193
l 964 965
l 965 968
l 965 1247
l 1091 1092
