# Blender 5.1.1
# www.blender.org
mtllib bowl.mtl
o NurbsPath
v 0.000000 0.088382 0.030015
v 0.000000 0.087615 0.025689
v 0.000000 0.086878 0.021900
v 0.000000 0.086169 0.018600
v 0.000000 0.085486 0.015747
v 0.000000 0.084828 0.013297
v 0.000000 0.084192 0.011210
v 0.000000 0.083576 0.009450
v 0.000000 0.082980 0.007979
v 0.000000 0.082400 0.006765
v 0.000000 0.081835 0.005775
v 0.000000 0.081282 0.004980
v 0.000000 0.080740 0.004353
v 0.000000 0.080206 0.003867
v 0.000000 0.079678 0.003501
v 0.000000 0.079155 0.003232
v 0.000000 0.078633 0.003042
v 0.000000 0.078111 0.002914
v 0.000000 0.077585 0.002832
v 0.000000 0.077055 0.002783
v 0.000000 0.076517 0.002758
v 0.000000 0.075969 0.002746
v 0.000000 0.075409 0.002743
v 0.000000 0.074834 0.002742
v 0.000000 0.074241 0.002742
v 0.000000 0.073628 0.002742
v 0.000000 0.072993 0.002742
v 0.000000 0.072333 0.002742
v 0.000000 0.071646 0.002742
v 0.000000 0.070930 0.002742
v 0.000000 0.070182 0.002742
v 0.000000 0.069401 0.002742
v 0.000000 0.068585 0.002742
v 0.000000 0.067733 0.002742
v 0.000000 0.066842 0.002742
v 0.000000 0.065911 0.002742
v 0.000000 0.064939 0.002742
v 0.000000 0.063924 0.002742
v 0.000000 0.062866 0.002742
v 0.000000 0.061763 0.002742
v 0.000000 0.060615 0.002742
v 0.000000 0.059421 0.002742
v 0.000000 0.058179 0.002742
v 0.000000 0.056889 0.002742
v 0.000000 0.055552 0.002742
v 0.000000 0.054165 0.002742
v 0.000000 0.052730 0.002742
v 0.000000 0.051246 0.002742
v 0.000000 0.049713 0.002742
v 0.000000 0.048131 0.002742
v 0.000000 0.046500 0.002742
v 0.000000 0.044819 0.002742
v 0.000000 0.043089 0.002742
v 0.000000 0.041309 0.002742
v 0.000000 0.039478 0.002742
v 0.000000 0.037597 0.002742
v 0.000000 0.035663 0.002742
v 0.000000 0.033676 0.002742
v 0.000000 0.031636 0.002742
v 0.000000 0.029541 0.002742
v 0.000000 0.027390 0.002742
v 0.000000 0.025181 0.002742
v 0.000000 0.022914 0.002742
v 0.000000 0.020586 0.002742
v 0.000000 0.018197 0.002742
v 0.000000 0.015744 0.002742
v 0.000000 0.013226 0.002742
v 0.000000 0.010640 0.002742
v 0.000000 0.007985 0.002742
v 0.000000 0.005258 0.002742
v 0.000000 0.002457 0.002742
v 0.000000 -0.000421 0.002742
v 0.017242 0.086684 0.030015
v 0.017093 0.085932 0.025689
v 0.016949 0.085209 0.021900
v 0.016811 0.084513 0.018600
v 0.016677 0.083843 0.015747
v 0.016549 0.083198 0.013297
v 0.016425 0.082574 0.011210
v 0.016305 0.081970 0.009450
v 0.016189 0.081385 0.007979
v 0.016075 0.080816 0.006765
v 0.015965 0.080262 0.005775
v 0.015857 0.079720 0.004980
v 0.015752 0.079188 0.004353
v 0.015647 0.078665 0.003867
v 0.015544 0.078147 0.003501
v 0.015442 0.077634 0.003232
v 0.015341 0.077122 0.003042
v 0.015239 0.076610 0.002914
v 0.015136 0.076095 0.002832
v 0.015033 0.075574 0.002783
v 0.014928 0.075047 0.002758
v 0.014821 0.074510 0.002746
v 0.014712 0.073960 0.002743
v 0.014599 0.073396 0.002742
v 0.014484 0.072815 0.002742
v 0.014364 0.072214 0.002742
v 0.014240 0.071591 0.002742
v 0.014112 0.070943 0.002742
v 0.013977 0.070269 0.002742
v 0.013838 0.069567 0.002742
v 0.013692 0.068834 0.002742
v 0.013539 0.068068 0.002742
v 0.013380 0.067267 0.002742
v 0.013214 0.066431 0.002742
v 0.013040 0.065557 0.002742
v 0.012859 0.064644 0.002742
v 0.012669 0.063691 0.002742
v 0.012471 0.062696 0.002742
v 0.012265 0.061658 0.002742
v 0.012049 0.060577 0.002742
v 0.011825 0.059450 0.002742
v 0.011592 0.058279 0.002742
v 0.011350 0.057061 0.002742
v 0.011099 0.055796 0.002742
v 0.010838 0.054484 0.002742
v 0.010567 0.053125 0.002742
v 0.010287 0.051717 0.002742
v 0.009998 0.050262 0.002742
v 0.009699 0.048758 0.002742
v 0.009390 0.047206 0.002742
v 0.009072 0.045606 0.002742
v 0.008744 0.043958 0.002742
v 0.008406 0.042261 0.002742
v 0.008059 0.040515 0.002742
v 0.007702 0.038720 0.002742
v 0.007335 0.036874 0.002742
v 0.006957 0.034978 0.002742
v 0.006570 0.033029 0.002742
v 0.006172 0.031028 0.002742
v 0.005763 0.028973 0.002742
v 0.005343 0.026863 0.002742
v 0.004913 0.024697 0.002742
v 0.004470 0.022474 0.002742
v 0.004016 0.020191 0.002742
v 0.003550 0.017847 0.002742
v 0.003072 0.015442 0.002742
v 0.002580 0.012972 0.002742
v 0.002076 0.010435 0.002742
v 0.001558 0.007831 0.002742
v 0.001026 0.005157 0.002742
v 0.000479 0.002409 0.002742
v -0.000082 -0.000413 0.002742
v 0.033822 0.081654 0.030015
v 0.033529 0.080946 0.025689
v 0.033247 0.080265 0.021900
v 0.032975 0.079610 0.018600
v 0.032714 0.078979 0.015747
v 0.032462 0.078370 0.013297
v 0.032219 0.077783 0.011210
v 0.031983 0.077214 0.009450
v 0.031755 0.076663 0.007979
v 0.031533 0.076127 0.006765
v 0.031317 0.075605 0.005775
v 0.031105 0.075095 0.004980
v 0.030898 0.074594 0.004353
v 0.030693 0.074101 0.003867
v 0.030492 0.073613 0.003501
v 0.030291 0.073129 0.003232
v 0.030091 0.072647 0.003042
v 0.029892 0.072165 0.002914
v 0.029691 0.071680 0.002832
v 0.029488 0.071190 0.002783
v 0.029282 0.070693 0.002758
v 0.029072 0.070186 0.002746
v 0.028858 0.069669 0.002743
v 0.028638 0.069137 0.002742
v 0.028411 0.068590 0.002742
v 0.028176 0.068024 0.002742
v 0.027933 0.067437 0.002742
v 0.027681 0.066827 0.002742
v 0.027418 0.066192 0.002742
v 0.027144 0.065531 0.002742
v 0.026857 0.064840 0.002742
v 0.026559 0.064118 0.002742
v 0.026246 0.063364 0.002742
v 0.025920 0.062577 0.002742
v 0.025579 0.061754 0.002742
v 0.025223 0.060894 0.002742
v 0.024851 0.059996 0.002742
v 0.024463 0.059058 0.002742
v 0.024058 0.058081 0.002742
v 0.023636 0.057062 0.002742
v 0.023196 0.056001 0.002742
v 0.022739 0.054897 0.002742
v 0.022264 0.053750 0.002742
v 0.021771 0.052559 0.002742
v 0.021259 0.051323 0.002742
v 0.020728 0.050042 0.002742
v 0.020179 0.048716 0.002742
v 0.019611 0.047345 0.002742
v 0.019024 0.045929 0.002742
v 0.018419 0.044467 0.002742
v 0.017795 0.042960 0.002742
v 0.017152 0.041408 0.002742
v 0.016490 0.039809 0.002742
v 0.015808 0.038165 0.002742
v 0.015108 0.036473 0.002742
v 0.014388 0.034735 0.002742
v 0.013648 0.032948 0.002742
v 0.012887 0.031113 0.002742
v 0.012107 0.029228 0.002742
v 0.011305 0.027292 0.002742
v 0.010482 0.025305 0.002742
v 0.009636 0.023264 0.002742
v 0.008769 0.021170 0.002742
v 0.007878 0.019019 0.002742
v 0.006964 0.016812 0.002742
v 0.006025 0.014546 0.002742
v 0.005061 0.012219 0.002742
v 0.004072 0.009830 0.002742
v 0.003056 0.007377 0.002742
v 0.002012 0.004857 0.002742
v 0.000940 0.002270 0.002742
v -0.000161 -0.000389 0.002742
v 0.049102 0.073487 0.030015
v 0.048676 0.072849 0.025689
v 0.048267 0.072236 0.021900
v 0.047873 0.071647 0.018600
v 0.047493 0.071079 0.015747
v 0.047128 0.070532 0.013297
v 0.046774 0.070003 0.011210
v 0.046433 0.069491 0.009450
v 0.046101 0.068995 0.007979
v 0.045779 0.068513 0.006765
v 0.045465 0.068043 0.005775
v 0.045158 0.067583 0.004980
v 0.044857 0.067133 0.004353
v 0.044560 0.066689 0.003867
v 0.044267 0.066250 0.003501
v 0.043976 0.065815 0.003232
v 0.043686 0.065381 0.003042
v 0.043396 0.064947 0.002914
v 0.043104 0.064510 0.002832
v 0.042809 0.064069 0.002783
v 0.042511 0.063622 0.002758
v 0.042206 0.063166 0.002746
v 0.041895 0.062700 0.002743
v 0.041575 0.062222 0.002742
v 0.041246 0.061729 0.002742
v 0.040906 0.061220 0.002742
v 0.040553 0.060692 0.002742
v 0.040186 0.060143 0.002742
v 0.039804 0.059572 0.002742
v 0.039406 0.058976 0.002742
v 0.038991 0.058354 0.002742
v 0.038557 0.057705 0.002742
v 0.038104 0.057027 0.002742
v 0.037630 0.056318 0.002742
v 0.037135 0.055577 0.002742
v 0.036618 0.054803 0.002742
v 0.036078 0.053995 0.002742
v 0.035514 0.053151 0.002742
v 0.034927 0.052271 0.002742
v 0.034314 0.051354 0.002742
v 0.033676 0.050400 0.002742
v 0.033012 0.049406 0.002742
v 0.032322 0.048374 0.002742
v 0.031606 0.047302 0.002742
v 0.030863 0.046189 0.002742
v 0.030093 0.045037 0.002742
v 0.029295 0.043844 0.002742
v 0.028471 0.042610 0.002742
v 0.027619 0.041335 0.002742
v 0.026740 0.040020 0.002742
v 0.025834 0.038663 0.002742
v 0.024900 0.037266 0.002742
v 0.023939 0.035827 0.002742
v 0.022950 0.034347 0.002742
v 0.021933 0.032825 0.002742
v 0.020888 0.031260 0.002742
v 0.019813 0.029653 0.002742
v 0.018709 0.028001 0.002742
v 0.017576 0.026304 0.002742
v 0.016412 0.024562 0.002742
v 0.015217 0.022774 0.002742
v 0.013990 0.020937 0.002742
v 0.012730 0.019052 0.002742
v 0.011437 0.017117 0.002742
v 0.010110 0.015130 0.002742
v 0.008747 0.013091 0.002742
v 0.007348 0.010997 0.002742
v 0.005911 0.008847 0.002742
v 0.004436 0.006639 0.002742
v 0.002921 0.004371 0.002742
v 0.001365 0.002043 0.002742
v -0.000234 -0.000350 0.002742
v 0.062495 0.062495 0.030015
v 0.061953 0.061953 0.025689
v 0.061432 0.061432 0.021900
v 0.060931 0.060931 0.018600
v 0.060448 0.060448 0.015747
v 0.059982 0.059982 0.013297
v 0.059532 0.059532 0.011210
v 0.059097 0.059097 0.009450
v 0.058676 0.058676 0.007979
v 0.058265 0.058265 0.006765
v 0.057866 0.057866 0.005775
v 0.057475 0.057475 0.004980
v 0.057092 0.057092 0.004353
v 0.056714 0.056714 0.003867
v 0.056341 0.056341 0.003501
v 0.055971 0.055971 0.003232
v 0.055602 0.055602 0.003042
v 0.055232 0.055232 0.002914
v 0.054861 0.054861 0.002832
v 0.054486 0.054486 0.002783
v 0.054106 0.054106 0.002758
v 0.053718 0.053718 0.002746
v 0.053322 0.053322 0.002743
v 0.052915 0.052915 0.002742
v 0.052496 0.052496 0.002742
v 0.052063 0.052063 0.002742
v 0.051614 0.051614 0.002742
v 0.051147 0.051147 0.002742
v 0.050661 0.050661 0.002742
v 0.050155 0.050155 0.002742
v 0.049626 0.049626 0.002742
v 0.049074 0.049074 0.002742
v 0.048497 0.048497 0.002742
v 0.047894 0.047894 0.002742
v 0.047264 0.047264 0.002742
v 0.046606 0.046606 0.002742
v 0.045919 0.045919 0.002742
v 0.045201 0.045201 0.002742
v 0.044453 0.044453 0.002742
v 0.043673 0.043673 0.002742
v 0.042861 0.042861 0.002742
v 0.042017 0.042017 0.002742
v 0.041139 0.041139 0.002742
v 0.040227 0.040227 0.002742
v 0.039281 0.039281 0.002742
v 0.038301 0.038301 0.002742
v 0.037286 0.037286 0.002742
v 0.036237 0.036237 0.002742
v 0.035153 0.035153 0.002742
v 0.034034 0.034034 0.002742
v 0.032880 0.032880 0.002742
v 0.031692 0.031692 0.002742
v 0.030469 0.030469 0.002742
v 0.029210 0.029210 0.002742
v 0.027915 0.027915 0.002742
v 0.026585 0.026585 0.002742
v 0.025217 0.025217 0.002742
v 0.023813 0.023813 0.002742
v 0.022370 0.022370 0.002742
v 0.020888 0.020888 0.002742
v 0.019367 0.019367 0.002742
v 0.017806 0.017806 0.002742
v 0.016203 0.016203 0.002742
v 0.014557 0.014557 0.002742
v 0.012867 0.012867 0.002742
v 0.011133 0.011133 0.002742
v 0.009352 0.009352 0.002742
v 0.007524 0.007524 0.002742
v 0.005646 0.005646 0.002742
v 0.003718 0.003718 0.002742
v 0.001737 0.001737 0.002742
v -0.000298 -0.000298 0.002742
v 0.073487 0.049102 0.030015
v 0.072849 0.048676 0.025689
v 0.072236 0.048267 0.021900
v 0.071647 0.047873 0.018600
v 0.071079 0.047493 0.015747
v 0.070531 0.047128 0.013297
v 0.070003 0.046774 0.011210
v 0.069491 0.046433 0.009450
v 0.068995 0.046101 0.007979
v 0.068513 0.045779 0.006765
v 0.068043 0.045465 0.005775
v 0.067583 0.045158 0.004980
v 0.067133 0.044857 0.004353
v 0.066689 0.044560 0.003867
v 0.066250 0.044267 0.003501
v 0.065815 0.043976 0.003232
v 0.065381 0.043686 0.003042
v 0.064947 0.043396 0.002914
v 0.064510 0.043104 0.002832
v 0.064069 0.042810 0.002783
v 0.063622 0.042511 0.002758
v 0.063166 0.042206 0.002746
v 0.062700 0.041895 0.002743
v 0.062222 0.041575 0.002742
v 0.061729 0.041246 0.002742
v 0.061220 0.040906 0.002742
v 0.060692 0.040553 0.002742
v 0.060143 0.040186 0.002742
v 0.059572 0.039804 0.002742
v 0.058976 0.039406 0.002742
v 0.058354 0.038991 0.002742
v 0.057705 0.038557 0.002742
v 0.057027 0.038104 0.002742
v 0.056318 0.037630 0.002742
v 0.055577 0.037135 0.002742
v 0.054803 0.036618 0.002742
v 0.053995 0.036078 0.002742
v 0.053151 0.035514 0.002742
v 0.052271 0.034927 0.002742
v 0.051354 0.034314 0.002742
v 0.050400 0.033676 0.002742
v 0.049406 0.033012 0.002742
v 0.048374 0.032322 0.002742
v 0.047302 0.031606 0.002742
v 0.046189 0.030863 0.002742
v 0.045037 0.030093 0.002742
v 0.043844 0.029295 0.002742
v 0.042610 0.028471 0.002742
v 0.041335 0.027619 0.002742
v 0.040020 0.026740 0.002742
v 0.038663 0.025834 0.002742
v 0.037266 0.024900 0.002742
v 0.035827 0.023939 0.002742
v 0.034347 0.022950 0.002742
v 0.032825 0.021933 0.002742
v 0.031260 0.020888 0.002742
v 0.029653 0.019813 0.002742
v 0.028001 0.018709 0.002742
v 0.026304 0.017576 0.002742
v 0.024562 0.016412 0.002742
v 0.022774 0.015217 0.002742
v 0.020937 0.013990 0.002742
v 0.019052 0.012730 0.002742
v 0.017117 0.011437 0.002742
v 0.015130 0.010110 0.002742
v 0.013091 0.008747 0.002742
v 0.010997 0.007348 0.002742
v 0.008847 0.005911 0.002742
v 0.006639 0.004436 0.002742
v 0.004371 0.002921 0.002742
v 0.002043 0.001365 0.002742
v -0.000350 -0.000234 0.002742
v 0.081654 0.033822 0.030015
v 0.080946 0.033529 0.025689
v 0.080265 0.033247 0.021900
v 0.079610 0.032975 0.018600
v 0.078979 0.032714 0.015747
v 0.078370 0.032462 0.013297
v 0.077783 0.032219 0.011210
v 0.077214 0.031983 0.009450
v 0.076663 0.031755 0.007979
v 0.076127 0.031533 0.006765
v 0.075605 0.031317 0.005775
v 0.075095 0.031105 0.004980
v 0.074594 0.030898 0.004353
v 0.074101 0.030693 0.003867
v 0.073613 0.030492 0.003501
v 0.073129 0.030291 0.003232
v 0.072647 0.030092 0.003042
v 0.072165 0.029892 0.002914
v 0.071680 0.029691 0.002832
v 0.071190 0.029488 0.002783
v 0.070693 0.029282 0.002758
v 0.070186 0.029072 0.002746
v 0.069669 0.028858 0.002743
v 0.069137 0.028638 0.002742
v 0.068590 0.028411 0.002742
v 0.068024 0.028176 0.002742
v 0.067437 0.027933 0.002742
v 0.066827 0.027681 0.002742
v 0.066192 0.027418 0.002742
v 0.065531 0.027144 0.002742
v 0.064840 0.026858 0.002742
v 0.064118 0.026559 0.002742
v 0.063364 0.026246 0.002742
v 0.062577 0.025920 0.002742
v 0.061754 0.025579 0.002742
v 0.060894 0.025223 0.002742
v 0.059996 0.024851 0.002742
v 0.059058 0.024463 0.002742
v 0.058081 0.024058 0.002742
v 0.057062 0.023636 0.002742
v 0.056001 0.023196 0.002742
v 0.054897 0.022739 0.002742
v 0.053750 0.022264 0.002742
v 0.052559 0.021771 0.002742
v 0.051323 0.021259 0.002742
v 0.050042 0.020728 0.002742
v 0.048716 0.020179 0.002742
v 0.047345 0.019611 0.002742
v 0.045929 0.019024 0.002742
v 0.044467 0.018419 0.002742
v 0.042960 0.017795 0.002742
v 0.041408 0.017152 0.002742
v 0.039809 0.016490 0.002742
v 0.038165 0.015808 0.002742
v 0.036473 0.015108 0.002742
v 0.034735 0.014388 0.002742
v 0.032948 0.013648 0.002742
v 0.031113 0.012887 0.002742
v 0.029228 0.012107 0.002742
v 0.027292 0.011305 0.002742
v 0.025305 0.010482 0.002742
v 0.023264 0.009636 0.002742
v 0.021170 0.008769 0.002742
v 0.019019 0.007878 0.002742
v 0.016812 0.006964 0.002742
v 0.014546 0.006025 0.002742
v 0.012219 0.005061 0.002742
v 0.009830 0.004072 0.002742
v 0.007377 0.003056 0.002742
v 0.004857 0.002012 0.002742
v 0.002270 0.000940 0.002742
v -0.000389 -0.000161 0.002742
v 0.086684 0.017242 0.030015
v 0.085931 0.017093 0.025689
v 0.085209 0.016949 0.021900
v 0.084513 0.016811 0.018600
v 0.083843 0.016677 0.015747
v 0.083198 0.016549 0.013297
v 0.082574 0.016425 0.011210
v 0.081970 0.016305 0.009450
v 0.081385 0.016189 0.007979
v 0.080816 0.016075 0.006765
v 0.080262 0.015965 0.005775
v 0.079720 0.015857 0.004980
v 0.079188 0.015752 0.004353
v 0.078665 0.015647 0.003867
v 0.078147 0.015544 0.003501
v 0.077634 0.015442 0.003232
v 0.077122 0.015341 0.003042
v 0.076610 0.015239 0.002914
v 0.076095 0.015136 0.002832
v 0.075574 0.015033 0.002783
v 0.075047 0.014928 0.002758
v 0.074510 0.014821 0.002746
v 0.073960 0.014712 0.002743
v 0.073396 0.014599 0.002742
v 0.072815 0.014484 0.002742
v 0.072214 0.014364 0.002742
v 0.071591 0.014240 0.002742
v 0.070943 0.014112 0.002742
v 0.070269 0.013977 0.002742
v 0.069567 0.013838 0.002742
v 0.068834 0.013692 0.002742
v 0.068068 0.013539 0.002742
v 0.067267 0.013380 0.002742
v 0.066431 0.013214 0.002742
v 0.065557 0.013040 0.002742
v 0.064644 0.012859 0.002742
v 0.063691 0.012669 0.002742
v 0.062696 0.012471 0.002742
v 0.061658 0.012265 0.002742
v 0.060577 0.012049 0.002742
v 0.059450 0.011825 0.002742
v 0.058279 0.011592 0.002742
v 0.057061 0.011350 0.002742
v 0.055796 0.011099 0.002742
v 0.054484 0.010838 0.002742
v 0.053125 0.010567 0.002742
v 0.051717 0.010287 0.002742
v 0.050262 0.009998 0.002742
v 0.048758 0.009699 0.002742
v 0.047206 0.009390 0.002742
v 0.045606 0.009072 0.002742
v 0.043958 0.008744 0.002742
v 0.042261 0.008406 0.002742
v 0.040515 0.008059 0.002742
v 0.038720 0.007702 0.002742
v 0.036874 0.007335 0.002742
v 0.034978 0.006957 0.002742
v 0.033029 0.006570 0.002742
v 0.031028 0.006172 0.002742
v 0.028973 0.005763 0.002742
v 0.026863 0.005343 0.002742
v 0.024697 0.004913 0.002742
v 0.022474 0.004470 0.002742
v 0.020191 0.004016 0.002742
v 0.017847 0.003550 0.002742
v 0.015442 0.003072 0.002742
v 0.012972 0.002580 0.002742
v 0.010435 0.002076 0.002742
v 0.007831 0.001558 0.002742
v 0.005157 0.001026 0.002742
v 0.002409 0.000479 0.002742
v -0.000413 -0.000082 0.002742
v 0.088382 0.000000 0.030015
v 0.087615 0.000000 0.025689
v 0.086878 0.000000 0.021900
v 0.086169 0.000000 0.018600
v 0.085486 0.000000 0.015747
v 0.084828 0.000000 0.013297
v 0.084192 0.000000 0.011210
v 0.083576 0.000000 0.009450
v 0.082980 0.000000 0.007979
v 0.082400 0.000000 0.006765
v 0.081835 0.000000 0.005775
v 0.081282 0.000000 0.004980
v 0.080740 0.000000 0.004353
v 0.080206 0.000000 0.003867
v 0.079678 0.000000 0.003501
v 0.079155 0.000000 0.003232
v 0.078633 0.000000 0.003042
v 0.078111 0.000000 0.002914
v 0.077585 0.000000 0.002832
v 0.077055 0.000000 0.002783
v 0.076517 0.000000 0.002758
v 0.075969 0.000000 0.002746
v 0.075409 0.000000 0.002743
v 0.074834 0.000000 0.002742
v 0.074241 0.000000 0.002742
v 0.073628 0.000000 0.002742
v 0.072993 0.000000 0.002742
v 0.072333 0.000000 0.002742
v 0.071646 0.000000 0.002742
v 0.070930 0.000000 0.002742
v 0.070182 0.000000 0.002742
v 0.069401 0.000000 0.002742
v 0.068585 0.000000 0.002742
v 0.067733 0.000000 0.002742
v 0.066842 0.000000 0.002742
v 0.065911 0.000000 0.002742
v 0.064939 0.000000 0.002742
v 0.063924 0.000000 0.002742
v 0.062866 0.000000 0.002742
v 0.061763 0.000000 0.002742
v 0.060615 0.000000 0.002742
v 0.059421 0.000000 0.002742
v 0.058179 0.000000 0.002742
v 0.056889 0.000000 0.002742
v 0.055552 0.000000 0.002742
v 0.054165 0.000000 0.002742
v 0.052730 0.000000 0.002742
v 0.051246 0.000000 0.002742
v 0.049713 0.000000 0.002742
v 0.048131 0.000000 0.002742
v 0.046500 0.000000 0.002742
v 0.044819 0.000000 0.002742
v 0.043089 0.000000 0.002742
v 0.041309 0.000000 0.002742
v 0.039478 0.000000 0.002742
v 0.037597 0.000000 0.002742
v 0.035663 0.000000 0.002742
v 0.033676 0.000000 0.002742
v 0.031636 0.000000 0.002742
v 0.029541 0.000000 0.002742
v 0.027390 0.000000 0.002742
v 0.025181 0.000000 0.002742
v 0.022914 0.000000 0.002742
v 0.020586 0.000000 0.002742
v 0.018197 0.000000 0.002742
v 0.015744 0.000000 0.002742
v 0.013226 0.000000 0.002742
v 0.010640 0.000000 0.002742
v 0.007985 0.000000 0.002742
v 0.005258 0.000000 0.002742
v 0.002457 0.000000 0.002742
v -0.000421 0.000000 0.002742
v 0.086684 -0.017242 0.030015
v 0.085932 -0.017093 0.025689
v 0.085209 -0.016949 0.021900
v 0.084513 -0.016811 0.018600
v 0.083843 -0.016677 0.015747
v 0.083198 -0.016549 0.013297
v 0.082574 -0.016425 0.011210
v 0.081970 -0.016305 0.009450
v 0.081385 -0.016189 0.007979
v 0.080816 -0.016075 0.006765
v 0.080262 -0.015965 0.005775
v 0.079720 -0.015857 0.004980
v 0.079188 -0.015752 0.004353
v 0.078665 -0.015647 0.003867
v 0.078147 -0.015544 0.003501
v 0.077634 -0.015442 0.003232
v 0.077122 -0.015340 0.003042
v 0.076610 -0.015239 0.002914
v 0.076095 -0.015136 0.002832
v 0.075574 -0.015033 0.002783
v 0.075047 -0.014928 0.002758
v 0.074510 -0.014821 0.002746
v 0.073960 -0.014712 0.002743
v 0.073396 -0.014599 0.002742
v 0.072815 -0.014484 0.002742
v 0.072214 -0.014364 0.002742
v 0.071591 -0.014240 0.002742
v 0.070943 -0.014112 0.002742
v 0.070269 -0.013977 0.002742
v 0.069567 -0.013838 0.002742
v 0.068834 -0.013692 0.002742
v 0.068068 -0.013539 0.002742
v 0.067267 -0.013380 0.002742
v 0.066431 -0.013214 0.002742
v 0.065557 -0.013040 0.002742
v 0.064644 -0.012859 0.002742
v 0.063691 -0.012669 0.002742
v 0.062696 -0.012471 0.002742
v 0.061658 -0.012265 0.002742
v 0.060577 -0.012049 0.002742
v 0.059450 -0.011825 0.002742
v 0.058279 -0.011592 0.002742
v 0.057061 -0.011350 0.002742
v 0.055796 -0.011099 0.002742
v 0.054484 -0.010838 0.002742
v 0.053125 -0.010567 0.002742
v 0.051717 -0.010287 0.002742
v 0.050262 -0.009998 0.002742
v 0.048758 -0.009699 0.002742
v 0.047206 -0.009390 0.002742
v 0.045606 -0.009072 0.002742
v 0.043958 -0.008744 0.002742
v 0.042261 -0.008406 0.002742
v 0.040515 -0.008059 0.002742
v 0.038720 -0.007702 0.002742
v 0.036874 -0.007335 0.002742
v 0.034978 -0.006957 0.002742
v 0.033029 -0.006570 0.002742
v 0.031028 -0.006172 0.002742
v 0.028973 -0.005763 0.002742
v 0.026863 -0.005343 0.002742
v 0.024697 -0.004913 0.002742
v 0.022474 -0.004470 0.002742
v 0.020191 -0.004016 0.002742
v 0.017847 -0.003550 0.002742
v 0.015442 -0.003072 0.002742
v 0.012972 -0.002580 0.002742
v 0.010435 -0.002076 0.002742
v 0.007831 -0.001558 0.002742
v 0.005157 -0.001026 0.002742
v 0.002409 -0.000479 0.002742
v -0.000413 0.000082 0.002742
v 0.081654 -0.033822 0.030015
v 0.080946 -0.033529 0.025689
v 0.080265 -0.033247 0.021900
v 0.079610 -0.032975 0.018600
v 0.078979 -0.032714 0.015747
v 0.078370 -0.032462 0.013297
v 0.077783 -0.032219 0.011210
v 0.077214 -0.031983 0.009450
v 0.076663 -0.031755 0.007979
v 0.076127 -0.031533 0.006765
v 0.075605 -0.031317 0.005775
v 0.075095 -0.031105 0.004980
v 0.074594 -0.030898 0.004353
v 0.074101 -0.030693 0.003867
v 0.073613 -0.030492 0.003501
v 0.073129 -0.030291 0.003232
v 0.072647 -0.030091 0.003042
v 0.072165 -0.029892 0.002914
v 0.071680 -0.029691 0.002832
v 0.071190 -0.029488 0.002783
v 0.070693 -0.029282 0.002758
v 0.070187 -0.029072 0.002746
v 0.069669 -0.028858 0.002743
v 0.069137 -0.028638 0.002742
v 0.068590 -0.028411 0.002742
v 0.068024 -0.028176 0.002742
v 0.067437 -0.027933 0.002742
v 0.066827 -0.027681 0.002742
v 0.066192 -0.027418 0.002742
v 0.065531 -0.027144 0.002742
v 0.064840 -0.026857 0.002742
v 0.064118 -0.026559 0.002742
v 0.063364 -0.026246 0.002742
v 0.062577 -0.025920 0.002742
v 0.061754 -0.025579 0.002742
v 0.060894 -0.025223 0.002742
v 0.059996 -0.024851 0.002742
v 0.059058 -0.024463 0.002742
v 0.058081 -0.024058 0.002742
v 0.057062 -0.023636 0.002742
v 0.056001 -0.023196 0.002742
v 0.054897 -0.022739 0.002742
v 0.053750 -0.022264 0.002742
v 0.052559 -0.021771 0.002742
v 0.051323 -0.021259 0.002742
v 0.050042 -0.020728 0.002742
v 0.048716 -0.020179 0.002742
v 0.047345 -0.019611 0.002742
v 0.045929 -0.019024 0.002742
v 0.044467 -0.018419 0.002742
v 0.042960 -0.017795 0.002742
v 0.041408 -0.017152 0.002742
v 0.039809 -0.016490 0.002742
v 0.038165 -0.015808 0.002742
v 0.036473 -0.015108 0.002742
v 0.034735 -0.014388 0.002742
v 0.032948 -0.013648 0.002742
v 0.031113 -0.012887 0.002742
v 0.029228 -0.012107 0.002742
v 0.027292 -0.011305 0.002742
v 0.025305 -0.010482 0.002742
v 0.023264 -0.009636 0.002742
v 0.021170 -0.008769 0.002742
v 0.019019 -0.007878 0.002742
v 0.016812 -0.006964 0.002742
v 0.014546 -0.006025 0.002742
v 0.012219 -0.005061 0.002742
v 0.009830 -0.004072 0.002742
v 0.007377 -0.003056 0.002742
v 0.004857 -0.002012 0.002742
v 0.002270 -0.000940 0.002742
v -0.000389 0.000161 0.002742
v 0.073487 -0.049102 0.030015
v 0.072849 -0.048676 0.025689
v 0.072236 -0.048267 0.021900
v 0.071647 -0.047873 0.018600
v 0.071079 -0.047493 0.015747
v 0.070532 -0.047128 0.013297
v 0.070003 -0.046774 0.011210
v 0.069491 -0.046433 0.009450
v 0.068995 -0.046101 0.007979
v 0.068513 -0.045779 0.006765
v 0.068043 -0.045465 0.005775
v 0.067583 -0.045158 0.004980
v 0.067133 -0.044857 0.004353
v 0.066689 -0.044560 0.003867
v 0.066250 -0.044267 0.003501
v 0.065815 -0.043976 0.003232
v 0.065381 -0.043686 0.003042
v 0.064947 -0.043396 0.002914
v 0.064510 -0.043104 0.002832
v 0.064069 -0.042810 0.002783
v 0.063622 -0.042511 0.002758
v 0.063166 -0.042206 0.002746
v 0.062700 -0.041895 0.002743
v 0.062222 -0.041575 0.002742
v 0.061729 -0.041246 0.002742
v 0.061220 -0.040906 0.002742
v 0.060692 -0.040553 0.002742
v 0.060143 -0.040186 0.002742
v 0.059572 -0.039804 0.002742
v 0.058976 -0.039406 0.002742
v 0.058354 -0.038991 0.002742
v 0.057705 -0.038557 0.002742
v 0.057027 -0.038104 0.002742
v 0.056318 -0.037630 0.002742
v 0.055577 -0.037135 0.002742
v 0.054803 -0.036618 0.002742
v 0.053995 -0.036078 0.002742
v 0.053151 -0.035514 0.002742
v 0.052271 -0.034927 0.002742
v 0.051354 -0.034314 0.002742
v 0.050400 -0.033676 0.002742
v 0.049406 -0.033012 0.002742
v 0.048374 -0.032322 0.002742
v 0.047302 -0.031606 0.002742
v 0.046189 -0.030863 0.002742
v 0.045037 -0.030093 0.002742
v 0.043844 -0.029295 0.002742
v 0.042610 -0.028471 0.002742
v 0.041335 -0.027619 0.002742
v 0.040020 -0.026740 0.002742
v 0.038663 -0.025834 0.002742
v 0.037266 -0.024900 0.002742
v 0.035827 -0.023939 0.002742
v 0.034347 -0.022950 0.002742
v 0.032825 -0.021933 0.002742
v 0.031260 -0.020888 0.002742
v 0.029653 -0.019813 0.002742
v 0.028001 -0.018709 0.002742
v 0.026304 -0.017576 0.002742
v 0.024562 -0.016412 0.002742
v 0.022774 -0.015217 0.002742
v 0.020937 -0.013990 0.002742
v 0.019052 -0.012730 0.002742
v 0.017117 -0.011437 0.002742
v 0.015130 -0.010110 0.002742
v 0.013091 -0.008747 0.002742
v 0.010997 -0.007348 0.002742
v 0.008847 -0.005911 0.002742
v 0.006639 -0.004436 0.002742
v 0.004371 -0.002921 0.002742
v 0.002043 -0.001365 0.002742
v -0.000350 0.000234 0.002742
v 0.062495 -0.062495 0.030015
v 0.061953 -0.061953 0.025689
v 0.061432 -0.061432 0.021900
v 0.060931 -0.060931 0.018600
v 0.060448 -0.060448 0.015747
v 0.059982 -0.059982 0.013297
v 0.059532 -0.059532 0.011210
v 0.059097 -0.059097 0.009450
v 0.058676 -0.058676 0.007979
v 0.058265 -0.058265 0.006765
v 0.057866 -0.057866 0.005775
v 0.057475 -0.057475 0.004980
v 0.057092 -0.057092 0.004353
v 0.056714 -0.056714 0.003867
v 0.056341 -0.056341 0.003501
v 0.055971 -0.055971 0.003232
v 0.055602 -0.055602 0.003042
v 0.055233 -0.055232 0.002914
v 0.054861 -0.054861 0.002832
v 0.054486 -0.054486 0.002783
v 0.054106 -0.054106 0.002758
v 0.053718 -0.053718 0.002746
v 0.053322 -0.053322 0.002743
v 0.052916 -0.052915 0.002742
v 0.052496 -0.052496 0.002742
v 0.052063 -0.052063 0.002742
v 0.051614 -0.051614 0.002742
v 0.051147 -0.051147 0.002742
v 0.050661 -0.050661 0.002742
v 0.050155 -0.050155 0.002742
v 0.049626 -0.049626 0.002742
v 0.049074 -0.049074 0.002742
v 0.048497 -0.048497 0.002742
v 0.047894 -0.047894 0.002742
v 0.047264 -0.047264 0.002742
v 0.046606 -0.046606 0.002742
v 0.045919 -0.045919 0.002742
v 0.045201 -0.045201 0.002742
v 0.044453 -0.044453 0.002742
v 0.043673 -0.043673 0.002742
v 0.042861 -0.042861 0.002742
v 0.042017 -0.042017 0.002742
v 0.041139 -0.041139 0.002742
v 0.040227 -0.040227 0.002742
v 0.039281 -0.039281 0.002742
v 0.038301 -0.038301 0.002742
v 0.037286 -0.037286 0.002742
v 0.036237 -0.036237 0.002742
v 0.035153 -0.035153 0.002742
v 0.034034 -0.034034 0.002742
v 0.032880 -0.032880 0.002742
v 0.031692 -0.031692 0.002742
v 0.030469 -0.030469 0.002742
v 0.029210 -0.029210 0.002742
v 0.027915 -0.027915 0.002742
v 0.026585 -0.026585 0.002742
v 0.025217 -0.025217 0.002742
v 0.023813 -0.023813 0.002742
v 0.022370 -0.022370 0.002742
v 0.020888 -0.020888 0.002742
v 0.019367 -0.019367 0.002742
v 0.017806 -0.017806 0.002742
v 0.016203 -0.016203 0.002742
v 0.014557 -0.014557 0.002742
v 0.012867 -0.012867 0.002742
v 0.011133 -0.011133 0.002742
v 0.009352 -0.009352 0.002742
v 0.007524 -0.007524 0.002742
v 0.005646 -0.005646 0.002742
v 0.003718 -0.003718 0.002742
v 0.001737 -0.001737 0.002742
v -0.000298 0.000298 0.002742
v 0.049102 -0.073487 0.030015
v 0.048676 -0.072849 0.025689
v 0.048267 -0.072236 0.021900
v 0.047873 -0.071647 0.018600
v 0.047493 -0.071079 0.015747
v 0.047128 -0.070532 0.013297
v 0.046774 -0.070003 0.011210
v 0.046433 -0.069491 0.009450
v 0.046101 -0.068995 0.007979
v 0.045779 -0.068513 0.006765
v 0.045465 -0.068043 0.005775
v 0.045158 -0.067583 0.004980
v 0.044857 -0.067133 0.004353
v 0.044560 -0.066689 0.003867
v 0.044267 -0.066250 0.003501
v 0.043976 -0.065815 0.003232
v 0.043686 -0.065381 0.003042
v 0.043396 -0.064947 0.002914
v 0.043104 -0.064510 0.002832
v 0.042810 -0.064069 0.002783
v 0.042511 -0.063622 0.002758
v 0.042206 -0.063166 0.002746
v 0.041895 -0.062700 0.002743
v 0.041575 -0.062222 0.002742
v 0.041246 -0.061729 0.002742
v 0.040906 -0.061220 0.002742
v 0.040553 -0.060692 0.002742
v 0.040186 -0.060143 0.002742
v 0.039804 -0.059572 0.002742
v 0.039406 -0.058976 0.002742
v 0.038991 -0.058354 0.002742
v 0.038557 -0.057705 0.002742
v 0.038104 -0.057027 0.002742
v 0.037630 -0.056318 0.002742
v 0.037135 -0.055577 0.002742
v 0.036618 -0.054803 0.002742
v 0.036078 -0.053995 0.002742
v 0.035514 -0.053151 0.002742
v 0.034927 -0.052271 0.002742
v 0.034314 -0.051354 0.002742
v 0.033676 -0.050400 0.002742
v 0.033012 -0.049406 0.002742
v 0.032322 -0.048374 0.002742
v 0.031606 -0.047302 0.002742
v 0.030863 -0.046189 0.002742
v 0.030093 -0.045037 0.002742
v 0.029295 -0.043844 0.002742
v 0.028471 -0.042610 0.002742
v 0.027619 -0.041335 0.002742
v 0.026740 -0.040020 0.002742
v 0.025834 -0.038663 0.002742
v 0.024900 -0.037266 0.002742
v 0.023939 -0.035827 0.002742
v 0.022950 -0.034347 0.002742
v 0.021933 -0.032825 0.002742
v 0.020888 -0.031260 0.002742
v 0.019813 -0.029653 0.002742
v 0.018709 -0.028001 0.002742
v 0.017576 -0.026304 0.002742
v 0.016412 -0.024562 0.002742
v 0.015217 -0.022774 0.002742
v 0.013990 -0.020937 0.002742
v 0.012730 -0.019052 0.002742
v 0.011437 -0.017117 0.002742
v 0.010110 -0.015130 0.002742
v 0.008747 -0.013091 0.002742
v 0.007348 -0.010997 0.002742
v 0.005911 -0.008847 0.002742
v 0.004436 -0.006639 0.002742
v 0.002921 -0.004371 0.002742
v 0.001365 -0.002043 0.002742
v -0.000234 0.000350 0.002742
v 0.033822 -0.081654 0.030015
v 0.033529 -0.080946 0.025689
v 0.033247 -0.080265 0.021900
v 0.032975 -0.079610 0.018600
v 0.032714 -0.078979 0.015747
v 0.032462 -0.078370 0.013297
v 0.032219 -0.077783 0.011210
v 0.031983 -0.077214 0.009450
v 0.031755 -0.076663 0.007979
v 0.031533 -0.076127 0.006765
v 0.031317 -0.075605 0.005775
v 0.031105 -0.075095 0.004980
v 0.030898 -0.074594 0.004353
v 0.030693 -0.074101 0.003867
v 0.030492 -0.073613 0.003501
v 0.030291 -0.073129 0.003232
v 0.030092 -0.072647 0.003042
v 0.029892 -0.072165 0.002914
v 0.029691 -0.071680 0.002832
v 0.029488 -0.071190 0.002783
v 0.029282 -0.070693 0.002758
v 0.029072 -0.070187 0.002746
v 0.028858 -0.069669 0.002743
v 0.028638 -0.069137 0.002742
v 0.028411 -0.068590 0.002742
v 0.028176 -0.068024 0.002742
v 0.027933 -0.067437 0.002742
v 0.027681 -0.066827 0.002742
v 0.027418 -0.066192 0.002742
v 0.027144 -0.065531 0.002742
v 0.026858 -0.064840 0.002742
v 0.026559 -0.064118 0.002742
v 0.026246 -0.063364 0.002742
v 0.025920 -0.062577 0.002742
v 0.025579 -0.061754 0.002742
v 0.025223 -0.060894 0.002742
v 0.024851 -0.059996 0.002742
v 0.024463 -0.059058 0.002742
v 0.024058 -0.058081 0.002742
v 0.023636 -0.057062 0.002742
v 0.023196 -0.056001 0.002742
v 0.022739 -0.054897 0.002742
v 0.022264 -0.053750 0.002742
v 0.021771 -0.052559 0.002742
v 0.021259 -0.051323 0.002742
v 0.020728 -0.050042 0.002742
v 0.020179 -0.048716 0.002742
v 0.019611 -0.047345 0.002742
v 0.019024 -0.045929 0.002742
v 0.018419 -0.044467 0.002742
v 0.017795 -0.042960 0.002742
v 0.017152 -0.041408 0.002742
v 0.016490 -0.039809 0.002742
v 0.015808 -0.038165 0.002742
v 0.015108 -0.036473 0.002742
v 0.014388 -0.034735 0.002742
v 0.013648 -0.032948 0.002742
v 0.012887 -0.031113 0.002742
v 0.012107 -0.029228 0.002742
v 0.011305 -0.027292 0.002742
v 0.010482 -0.025305 0.002742
v 0.009636 -0.023264 0.002742
v 0.008769 -0.021170 0.002742
v 0.007878 -0.019019 0.002742
v 0.006964 -0.016812 0.002742
v 0.006025 -0.014546 0.002742
v 0.005061 -0.012219 0.002742
v 0.004072 -0.009830 0.002742
v 0.003056 -0.007377 0.002742
v 0.002012 -0.004857 0.002742
v 0.000940 -0.002270 0.002742
v -0.000161 0.000389 0.002742
v 0.017242 -0.086684 0.030015
v 0.017093 -0.085932 0.025689
v 0.016949 -0.085209 0.021900
v 0.016811 -0.084513 0.018600
v 0.016678 -0.083843 0.015747
v 0.016549 -0.083198 0.013297
v 0.016425 -0.082574 0.011210
v 0.016305 -0.081970 0.009450
v 0.016189 -0.081385 0.007979
v 0.016075 -0.080817 0.006765
v 0.015965 -0.080262 0.005775
v 0.015857 -0.079720 0.004980
v 0.015752 -0.079188 0.004353
v 0.015647 -0.078665 0.003867
v 0.015544 -0.078147 0.003501
v 0.015442 -0.077634 0.003232
v 0.015341 -0.077122 0.003042
v 0.015239 -0.076610 0.002914
v 0.015136 -0.076095 0.002832
v 0.015033 -0.075574 0.002783
v 0.014928 -0.075047 0.002758
v 0.014821 -0.074510 0.002746
v 0.014712 -0.073960 0.002743
v 0.014599 -0.073396 0.002742
v 0.014484 -0.072815 0.002742
v 0.014364 -0.072214 0.002742
v 0.014240 -0.071591 0.002742
v 0.014112 -0.070943 0.002742
v 0.013977 -0.070269 0.002742
v 0.013838 -0.069567 0.002742
v 0.013692 -0.068834 0.002742
v 0.013540 -0.068068 0.002742
v 0.013380 -0.067267 0.002742
v 0.013214 -0.066431 0.002742
v 0.013040 -0.065557 0.002742
v 0.012859 -0.064644 0.002742
v 0.012669 -0.063691 0.002742
v 0.012471 -0.062696 0.002742
v 0.012265 -0.061658 0.002742
v 0.012049 -0.060577 0.002742
v 0.011825 -0.059451 0.002742
v 0.011592 -0.058279 0.002742
v 0.011350 -0.057061 0.002742
v 0.011099 -0.055796 0.002742
v 0.010838 -0.054484 0.002742
v 0.010567 -0.053125 0.002742
v 0.010287 -0.051717 0.002742
v 0.009998 -0.050262 0.002742
v 0.009699 -0.048758 0.002742
v 0.009390 -0.047206 0.002742
v 0.009072 -0.045606 0.002742
v 0.008744 -0.043958 0.002742
v 0.008406 -0.042261 0.002742
v 0.008059 -0.040515 0.002742
v 0.007702 -0.038720 0.002742
v 0.007335 -0.036874 0.002742
v 0.006957 -0.034978 0.002742
v 0.006570 -0.033029 0.002742
v 0.006172 -0.031028 0.002742
v 0.005763 -0.028973 0.002742
v 0.005343 -0.026863 0.002742
v 0.004913 -0.024697 0.002742
v 0.004470 -0.022474 0.002742
v 0.004016 -0.020191 0.002742
v 0.003550 -0.017847 0.002742
v 0.003072 -0.015442 0.002742
v 0.002580 -0.012972 0.002742
v 0.002076 -0.010435 0.002742
v 0.001558 -0.007831 0.002742
v 0.001026 -0.005157 0.002742
v 0.000479 -0.002409 0.002742
v -0.000082 0.000413 0.002742
v 0.000000 -0.088382 0.030015
v 0.000000 -0.087615 0.025689
v 0.000000 -0.086878 0.021900
v 0.000000 -0.086169 0.018600
v 0.000000 -0.085486 0.015747
v 0.000000 -0.084828 0.013297
v 0.000000 -0.084192 0.011210
v 0.000000 -0.083576 0.009450
v 0.000000 -0.082980 0.007979
v 0.000000 -0.082400 0.006765
v 0.000000 -0.081835 0.005775
v 0.000000 -0.081282 0.004980
v 0.000000 -0.080740 0.004353
v 0.000000 -0.080206 0.003867
v 0.000000 -0.079678 0.003501
v 0.000000 -0.079155 0.003232
v 0.000000 -0.078633 0.003042
v 0.000000 -0.078111 0.002914
v 0.000000 -0.077585 0.002832
v 0.000000 -0.077055 0.002783
v 0.000000 -0.076517 0.002758
v 0.000000 -0.075969 0.002746
v 0.000000 -0.075409 0.002743
v 0.000000 -0.074834 0.002742
v 0.000000 -0.074241 0.002742
v 0.000000 -0.073628 0.002742
v 0.000000 -0.072993 0.002742
v 0.000000 -0.072333 0.002742
v 0.000000 -0.071646 0.002742
v 0.000000 -0.070930 0.002742
v 0.000000 -0.070182 0.002742
v 0.000000 -0.069401 0.002742
v 0.000000 -0.068585 0.002742
v 0.000000 -0.067733 0.002742
v 0.000000 -0.066842 0.002742
v 0.000000 -0.065911 0.002742
v 0.000000 -0.064939 0.002742
v 0.000000 -0.063924 0.002742
v 0.000000 -0.062866 0.002742
v 0.000000 -0.061764 0.002742
v 0.000000 -0.060615 0.002742
v 0.000000 -0.059421 0.002742
v 0.000000 -0.058179 0.002742
v 0.000000 -0.056889 0.002742
v 0.000000 -0.055552 0.002742
v 0.000000 -0.054165 0.002742
v 0.000000 -0.052730 0.002742
v 0.000000 -0.051246 0.002742
v 0.000000 -0.049713 0.002742
v 0.000000 -0.048131 0.002742
v 0.000000 -0.046500 0.002742
v 0.000000 -0.044819 0.002742
v 0.000000 -0.043089 0.002742
v 0.000000 -0.041309 0.002742
v 0.000000 -0.039478 0.002742
v 0.000000 -0.037597 0.002742
v 0.000000 -0.035663 0.002742
v 0.000000 -0.033676 0.002742
v 0.000000 -0.031636 0.002742
v 0.000000 -0.029541 0.002742
v 0.000000 -0.027390 0.002742
v 0.000000 -0.025181 0.002742
v 0.000000 -0.022914 0.002742
v 0.000000 -0.020586 0.002742
v 0.000000 -0.018197 0.002742
v 0.000000 -0.015744 0.002742
v 0.000000 -0.013226 0.002742
v 0.000000 -0.010640 0.002742
v 0.000000 -0.007985 0.002742
v 0.000000 -0.005258 0.002742
v 0.000000 -0.002457 0.002742
v 0.000000 0.000421 0.002742
v -0.017242 -0.086684 0.030015
v -0.017093 -0.085932 0.025689
v -0.016949 -0.085209 0.021900
v -0.016811 -0.084513 0.018600
v -0.016677 -0.083843 0.015747
v -0.016549 -0.083198 0.013297
v -0.016425 -0.082574 0.011210
v -0.016305 -0.081970 0.009450
v -0.016189 -0.081385 0.007979
v -0.016075 -0.080817 0.006765
v -0.015965 -0.080262 0.005775
v -0.015857 -0.079720 0.004980
v -0.015752 -0.079188 0.004353
v -0.015647 -0.078665 0.003867
v -0.015544 -0.078147 0.003501
v -0.015442 -0.077634 0.003232
v -0.015340 -0.077122 0.003042
v -0.015239 -0.076610 0.002914
v -0.015136 -0.076095 0.002832
v -0.015033 -0.075575 0.002783
v -0.014928 -0.075047 0.002758
v -0.014821 -0.074510 0.002746
v -0.014712 -0.073960 0.002743
v -0.014599 -0.073396 0.002742
v -0.014484 -0.072815 0.002742
v -0.014364 -0.072214 0.002742
v -0.014240 -0.071591 0.002742
v -0.014111 -0.070943 0.002742
v -0.013977 -0.070269 0.002742
v -0.013838 -0.069567 0.002742
v -0.013692 -0.068834 0.002742
v -0.013539 -0.068068 0.002742
v -0.013380 -0.067267 0.002742
v -0.013214 -0.066431 0.002742
v -0.013040 -0.065557 0.002742
v -0.012859 -0.064644 0.002742
v -0.012669 -0.063691 0.002742
v -0.012471 -0.062696 0.002742
v -0.012265 -0.061658 0.002742
v -0.012049 -0.060577 0.002742
v -0.011825 -0.059451 0.002742
v -0.011592 -0.058279 0.002742
v -0.011350 -0.057061 0.002742
v -0.011099 -0.055796 0.002742
v -0.010838 -0.054484 0.002742
v -0.010567 -0.053125 0.002742
v -0.010287 -0.051717 0.002742
v -0.009998 -0.050262 0.002742
v -0.009699 -0.048758 0.002742
v -0.009390 -0.047206 0.002742
v -0.009072 -0.045606 0.002742
v -0.008744 -0.043958 0.002742
v -0.008406 -0.042261 0.002742
v -0.008059 -0.040515 0.002742
v -0.007702 -0.038720 0.002742
v -0.007335 -0.036874 0.002742
v -0.006957 -0.034978 0.002742
v -0.006570 -0.033029 0.002742
v -0.006172 -0.031028 0.002742
v -0.005763 -0.028973 0.002742
v -0.005343 -0.026863 0.002742
v -0.004913 -0.024697 0.002742
v -0.004470 -0.022474 0.002742
v -0.004016 -0.020191 0.002742
v -0.003550 -0.017847 0.002742
v -0.003072 -0.015442 0.002742
v -0.002580 -0.012972 0.002742
v -0.002076 -0.010435 0.002742
v -0.001558 -0.007831 0.002742
v -0.001026 -0.005157 0.002742
v -0.000479 -0.002409 0.002742
v 0.000082 0.000413 0.002742
v -0.033822 -0.081654 0.030015
v -0.033529 -0.080946 0.025689
v -0.033247 -0.080265 0.021900
v -0.032975 -0.079610 0.018600
v -0.032714 -0.078979 0.015747
v -0.032462 -0.078370 0.013297
v -0.032219 -0.077783 0.011210
v -0.031983 -0.077215 0.009450
v -0.031755 -0.076663 0.007979
v -0.031533 -0.076128 0.006765
v -0.031317 -0.075605 0.005775
v -0.031105 -0.075095 0.004980
v -0.030898 -0.074594 0.004353
v -0.030693 -0.074101 0.003867
v -0.030492 -0.073613 0.003501
v -0.030291 -0.073129 0.003232
v -0.030091 -0.072647 0.003042
v -0.029892 -0.072165 0.002914
v -0.029691 -0.071680 0.002832
v -0.029488 -0.071190 0.002783
v -0.029282 -0.070693 0.002758
v -0.029072 -0.070187 0.002746
v -0.028858 -0.069669 0.002743
v -0.028638 -0.069137 0.002742
v -0.028411 -0.068590 0.002742
v -0.028176 -0.068024 0.002742
v -0.027933 -0.067437 0.002742
v -0.027681 -0.066827 0.002742
v -0.027418 -0.066192 0.002742
v -0.027144 -0.065531 0.002742
v -0.026857 -0.064840 0.002742
v -0.026559 -0.064118 0.002742
v -0.026246 -0.063365 0.002742
v -0.025920 -0.062577 0.002742
v -0.025579 -0.061754 0.002742
v -0.025223 -0.060894 0.002742
v -0.024851 -0.059996 0.002742
v -0.024463 -0.059058 0.002742
v -0.024058 -0.058081 0.002742
v -0.023636 -0.057062 0.002742
v -0.023196 -0.056001 0.002742
v -0.022739 -0.054897 0.002742
v -0.022264 -0.053750 0.002742
v -0.021771 -0.052559 0.002742
v -0.021259 -0.051323 0.002742
v -0.020728 -0.050042 0.002742
v -0.020179 -0.048716 0.002742
v -0.019611 -0.047345 0.002742
v -0.019024 -0.045929 0.002742
v -0.018419 -0.044467 0.002742
v -0.017795 -0.042960 0.002742
v -0.017152 -0.041408 0.002742
v -0.016490 -0.039809 0.002742
v -0.015808 -0.038165 0.002742
v -0.015108 -0.036473 0.002742
v -0.014388 -0.034735 0.002742
v -0.013648 -0.032948 0.002742
v -0.012887 -0.031113 0.002742
v -0.012107 -0.029228 0.002742
v -0.011305 -0.027292 0.002742
v -0.010482 -0.025305 0.002742
v -0.009636 -0.023264 0.002742
v -0.008769 -0.021170 0.002742
v -0.007878 -0.019019 0.002742
v -0.006964 -0.016812 0.002742
v -0.006025 -0.014546 0.002742
v -0.005061 -0.012219 0.002742
v -0.004072 -0.009830 0.002742
v -0.003056 -0.007377 0.002742
v -0.002012 -0.004857 0.002742
v -0.000940 -0.002270 0.002742
v 0.000161 0.000389 0.002742
v -0.049102 -0.073487 0.030015
v -0.048676 -0.072849 0.025689
v -0.048267 -0.072236 0.021900
v -0.047873 -0.071647 0.018600
v -0.047493 -0.071079 0.015747
v -0.047128 -0.070532 0.013297
v -0.046774 -0.070003 0.011210
v -0.046433 -0.069491 0.009450
v -0.046101 -0.068995 0.007979
v -0.045779 -0.068513 0.006765
v -0.045465 -0.068043 0.005775
v -0.045158 -0.067583 0.004980
v -0.044857 -0.067133 0.004353
v -0.044560 -0.066689 0.003867
v -0.044267 -0.066250 0.003501
v -0.043976 -0.065815 0.003232
v -0.043686 -0.065381 0.003042
v -0.043396 -0.064947 0.002914
v -0.043104 -0.064510 0.002832
v -0.042809 -0.064069 0.002783
v -0.042511 -0.063622 0.002758
v -0.042206 -0.063166 0.002746
v -0.041895 -0.062700 0.002743
v -0.041575 -0.062222 0.002742
v -0.041246 -0.061729 0.002742
v -0.040906 -0.061220 0.002742
v -0.040553 -0.060692 0.002742
v -0.040186 -0.060143 0.002742
v -0.039804 -0.059572 0.002742
v -0.039406 -0.058976 0.002742
v -0.038991 -0.058354 0.002742
v -0.038557 -0.057705 0.002742
v -0.038104 -0.057027 0.002742
v -0.037630 -0.056318 0.002742
v -0.037135 -0.055577 0.002742
v -0.036618 -0.054803 0.002742
v -0.036078 -0.053995 0.002742
v -0.035514 -0.053151 0.002742
v -0.034927 -0.052271 0.002742
v -0.034314 -0.051354 0.002742
v -0.033676 -0.050400 0.002742
v -0.033012 -0.049406 0.002742
v -0.032322 -0.048374 0.002742
v -0.031606 -0.047302 0.002742
v -0.030863 -0.046190 0.002742
v -0.030093 -0.045037 0.002742
v -0.029295 -0.043844 0.002742
v -0.028471 -0.042610 0.002742
v -0.027619 -0.041335 0.002742
v -0.026740 -0.040020 0.002742
v -0.025834 -0.038663 0.002742
v -0.024900 -0.037266 0.002742
v -0.023939 -0.035827 0.002742
v -0.022950 -0.034347 0.002742
v -0.021933 -0.032825 0.002742
v -0.020888 -0.031260 0.002742
v -0.019813 -0.029653 0.002742
v -0.018709 -0.028001 0.002742
v -0.017576 -0.026304 0.002742
v -0.016412 -0.024562 0.002742
v -0.015217 -0.022774 0.002742
v -0.013990 -0.020937 0.002742
v -0.012730 -0.019052 0.002742
v -0.011437 -0.017117 0.002742
v -0.010110 -0.015130 0.002742
v -0.008747 -0.013091 0.002742
v -0.007348 -0.010997 0.002742
v -0.005911 -0.008847 0.002742
v -0.004436 -0.006639 0.002742
v -0.002921 -0.004371 0.002742
v -0.001365 -0.002043 0.002742
v 0.000234 0.000350 0.002742
v -0.062495 -0.062496 0.030015
v -0.061953 -0.061953 0.025689
v -0.061432 -0.061432 0.021900
v -0.060931 -0.060931 0.018600
v -0.060448 -0.060448 0.015747
v -0.059982 -0.059982 0.013297
v -0.059532 -0.059533 0.011210
v -0.059097 -0.059097 0.009450
v -0.058676 -0.058676 0.007979
v -0.058265 -0.058265 0.006765
v -0.057866 -0.057866 0.005775
v -0.057475 -0.057475 0.004980
v -0.057092 -0.057092 0.004353
v -0.056714 -0.056714 0.003867
v -0.056341 -0.056341 0.003501
v -0.055971 -0.055971 0.003232
v -0.055602 -0.055602 0.003042
v -0.055232 -0.055233 0.002914
v -0.054861 -0.054861 0.002832
v -0.054486 -0.054486 0.002783
v -0.054106 -0.054106 0.002758
v -0.053718 -0.053718 0.002746
v -0.053322 -0.053322 0.002743
v -0.052915 -0.052916 0.002742
v -0.052496 -0.052496 0.002742
v -0.052063 -0.052063 0.002742
v -0.051614 -0.051614 0.002742
v -0.051147 -0.051147 0.002742
v -0.050661 -0.050661 0.002742
v -0.050155 -0.050155 0.002742
v -0.049626 -0.049626 0.002742
v -0.049074 -0.049074 0.002742
v -0.048497 -0.048497 0.002742
v -0.047894 -0.047894 0.002742
v -0.047264 -0.047264 0.002742
v -0.046606 -0.046606 0.002742
v -0.045919 -0.045919 0.002742
v -0.045201 -0.045201 0.002742
v -0.044453 -0.044453 0.002742
v -0.043673 -0.043673 0.002742
v -0.042861 -0.042861 0.002742
v -0.042017 -0.042017 0.002742
v -0.041139 -0.041139 0.002742
v -0.040227 -0.040227 0.002742
v -0.039281 -0.039281 0.002742
v -0.038301 -0.038301 0.002742
v -0.037286 -0.037286 0.002742
v -0.036237 -0.036237 0.002742
v -0.035153 -0.035153 0.002742
v -0.034034 -0.034034 0.002742
v -0.032880 -0.032880 0.002742
v -0.031692 -0.031692 0.002742
v -0.030469 -0.030469 0.002742
v -0.029210 -0.029210 0.002742
v -0.027915 -0.027915 0.002742
v -0.026585 -0.026585 0.002742
v -0.025217 -0.025217 0.002742
v -0.023813 -0.023813 0.002742
v -0.022370 -0.022370 0.002742
v -0.020888 -0.020888 0.002742
v -0.019367 -0.019367 0.002742
v -0.017806 -0.017806 0.002742
v -0.016203 -0.016203 0.002742
v -0.014557 -0.014557 0.002742
v -0.012867 -0.012867 0.002742
v -0.011133 -0.011133 0.002742
v -0.009352 -0.009352 0.002742
v -0.007524 -0.007524 0.002742
v -0.005646 -0.005646 0.002742
v -0.003718 -0.003718 0.002742
v -0.001737 -0.001737 0.002742
v 0.000298 0.000298 0.002742
v -0.073487 -0.049102 0.030015
v -0.072849 -0.048676 0.025689
v -0.072236 -0.048267 0.021900
v -0.071647 -0.047873 0.018600
v -0.071079 -0.047494 0.015747
v -0.070532 -0.047128 0.013297
v -0.070003 -0.046774 0.011210
v -0.069491 -0.046433 0.009450
v -0.068995 -0.046101 0.007979
v -0.068513 -0.045779 0.006765
v -0.068043 -0.045465 0.005775
v -0.067583 -0.045158 0.004980
v -0.067133 -0.044857 0.004353
v -0.066689 -0.044560 0.003867
v -0.066250 -0.044267 0.003501
v -0.065815 -0.043976 0.003232
v -0.065381 -0.043686 0.003042
v -0.064947 -0.043396 0.002914
v -0.064510 -0.043104 0.002832
v -0.064069 -0.042810 0.002783
v -0.063622 -0.042511 0.002758
v -0.063166 -0.042206 0.002746
v -0.062700 -0.041895 0.002743
v -0.062222 -0.041575 0.002742
v -0.061729 -0.041246 0.002742
v -0.061220 -0.040906 0.002742
v -0.060692 -0.040553 0.002742
v -0.060143 -0.040186 0.002742
v -0.059572 -0.039804 0.002742
v -0.058976 -0.039406 0.002742
v -0.058354 -0.038991 0.002742
v -0.057705 -0.038557 0.002742
v -0.057027 -0.038104 0.002742
v -0.056318 -0.037630 0.002742
v -0.055577 -0.037135 0.002742
v -0.054803 -0.036618 0.002742
v -0.053995 -0.036078 0.002742
v -0.053151 -0.035514 0.002742
v -0.052271 -0.034927 0.002742
v -0.051354 -0.034314 0.002742
v -0.050400 -0.033676 0.002742
v -0.049406 -0.033012 0.002742
v -0.048374 -0.032322 0.002742
v -0.047302 -0.031606 0.002742
v -0.046189 -0.030863 0.002742
v -0.045037 -0.030093 0.002742
v -0.043844 -0.029295 0.002742
v -0.042610 -0.028471 0.002742
v -0.041335 -0.027619 0.002742
v -0.040020 -0.026740 0.002742
v -0.038663 -0.025834 0.002742
v -0.037266 -0.024900 0.002742
v -0.035827 -0.023939 0.002742
v -0.034347 -0.022950 0.002742
v -0.032825 -0.021933 0.002742
v -0.031260 -0.020888 0.002742
v -0.029653 -0.019813 0.002742
v -0.028001 -0.018710 0.002742
v -0.026304 -0.017576 0.002742
v -0.024562 -0.016412 0.002742
v -0.022774 -0.015217 0.002742
v -0.020937 -0.013990 0.002742
v -0.019052 -0.012730 0.002742
v -0.017117 -0.011437 0.002742
v -0.015130 -0.010110 0.002742
v -0.013091 -0.008747 0.002742
v -0.010997 -0.007348 0.002742
v -0.008847 -0.005911 0.002742
v -0.006639 -0.004436 0.002742
v -0.004371 -0.002921 0.002742
v -0.002043 -0.001365 0.002742
v 0.000350 0.000234 0.002742
v -0.081654 -0.033822 0.030015
v -0.080946 -0.033529 0.025689
v -0.080265 -0.033247 0.021900
v -0.079610 -0.032975 0.018600
v -0.078979 -0.032714 0.015747
v -0.078370 -0.032462 0.013297
v -0.077783 -0.032219 0.011210
v -0.077214 -0.031983 0.009450
v -0.076663 -0.031755 0.007979
v -0.076127 -0.031533 0.006765
v -0.075605 -0.031317 0.005775
v -0.075095 -0.031105 0.004980
v -0.074594 -0.030898 0.004353
v -0.074101 -0.030694 0.003867
v -0.073613 -0.030492 0.003501
v -0.073129 -0.030291 0.003232
v -0.072647 -0.030092 0.003042
v -0.072165 -0.029892 0.002914
v -0.071680 -0.029691 0.002832
v -0.071190 -0.029488 0.002783
v -0.070693 -0.029282 0.002758
v -0.070187 -0.029072 0.002746
v -0.069669 -0.028858 0.002743
v -0.069137 -0.028638 0.002742
v -0.068590 -0.028411 0.002742
v -0.068024 -0.028176 0.002742
v -0.067437 -0.027933 0.002742
v -0.066827 -0.027681 0.002742
v -0.066192 -0.027418 0.002742
v -0.065531 -0.027144 0.002742
v -0.064840 -0.026858 0.002742
v -0.064118 -0.026559 0.002742
v -0.063364 -0.026246 0.002742
v -0.062577 -0.025920 0.002742
v -0.061754 -0.025579 0.002742
v -0.060894 -0.025223 0.002742
v -0.059996 -0.024851 0.002742
v -0.059058 -0.024463 0.002742
v -0.058081 -0.024058 0.002742
v -0.057062 -0.023636 0.002742
v -0.056001 -0.023196 0.002742
v -0.054897 -0.022739 0.002742
v -0.053750 -0.022264 0.002742
v -0.052559 -0.021771 0.002742
v -0.051323 -0.021259 0.002742
v -0.050042 -0.020728 0.002742
v -0.048716 -0.020179 0.002742
v -0.047345 -0.019611 0.002742
v -0.045929 -0.019024 0.002742
v -0.044467 -0.018419 0.002742
v -0.042960 -0.017795 0.002742
v -0.041408 -0.017152 0.002742
v -0.039809 -0.016490 0.002742
v -0.038165 -0.015808 0.002742
v -0.036473 -0.015108 0.002742
v -0.034735 -0.014388 0.002742
v -0.032948 -0.013648 0.002742
v -0.031113 -0.012887 0.002742
v -0.029228 -0.012107 0.002742
v -0.027292 -0.011305 0.002742
v -0.025305 -0.010482 0.002742
v -0.023264 -0.009636 0.002742
v -0.021170 -0.008769 0.002742
v -0.019019 -0.007878 0.002742
v -0.016812 -0.006964 0.002742
v -0.014546 -0.006025 0.002742
v -0.012219 -0.005061 0.002742
v -0.009830 -0.004072 0.002742
v -0.007377 -0.003056 0.002742
v -0.004857 -0.002012 0.002742
v -0.002270 -0.000940 0.002742
v 0.000389 0.000161 0.002742
v -0.086684 -0.017243 0.030015
v -0.085932 -0.017093 0.025689
v -0.085209 -0.016949 0.021900
v -0.084513 -0.016811 0.018600
v -0.083843 -0.016678 0.015747
v -0.083198 -0.016549 0.013297
v -0.082574 -0.016425 0.011210
v -0.081970 -0.016305 0.009450
v -0.081385 -0.016189 0.007979
v -0.080817 -0.016075 0.006765
v -0.080262 -0.015965 0.005775
v -0.079720 -0.015857 0.004980
v -0.079188 -0.015752 0.004353
v -0.078665 -0.015647 0.003867
v -0.078147 -0.015544 0.003501
v -0.077634 -0.015442 0.003232
v -0.077122 -0.015341 0.003042
v -0.076610 -0.015239 0.002914
v -0.076095 -0.015136 0.002832
v -0.075574 -0.015033 0.002783
v -0.075047 -0.014928 0.002758
v -0.074510 -0.014821 0.002746
v -0.073960 -0.014712 0.002743
v -0.073396 -0.014599 0.002742
v -0.072815 -0.014484 0.002742
v -0.072214 -0.014364 0.002742
v -0.071591 -0.014240 0.002742
v -0.070943 -0.014112 0.002742
v -0.070269 -0.013977 0.002742
v -0.069567 -0.013838 0.002742
v -0.068834 -0.013692 0.002742
v -0.068068 -0.013540 0.002742
v -0.067267 -0.013380 0.002742
v -0.066431 -0.013214 0.002742
v -0.065557 -0.013040 0.002742
v -0.064644 -0.012859 0.002742
v -0.063691 -0.012669 0.002742
v -0.062696 -0.012471 0.002742
v -0.061658 -0.012265 0.002742
v -0.060577 -0.012049 0.002742
v -0.059451 -0.011825 0.002742
v -0.058279 -0.011592 0.002742
v -0.057061 -0.011350 0.002742
v -0.055796 -0.011099 0.002742
v -0.054484 -0.010838 0.002742
v -0.053125 -0.010567 0.002742
v -0.051717 -0.010287 0.002742
v -0.050262 -0.009998 0.002742
v -0.048758 -0.009699 0.002742
v -0.047206 -0.009390 0.002742
v -0.045606 -0.009072 0.002742
v -0.043958 -0.008744 0.002742
v -0.042261 -0.008406 0.002742
v -0.040515 -0.008059 0.002742
v -0.038720 -0.007702 0.002742
v -0.036874 -0.007335 0.002742
v -0.034978 -0.006957 0.002742
v -0.033029 -0.006570 0.002742
v -0.031028 -0.006172 0.002742
v -0.028973 -0.005763 0.002742
v -0.026863 -0.005343 0.002742
v -0.024697 -0.004913 0.002742
v -0.022474 -0.004470 0.002742
v -0.020191 -0.004016 0.002742
v -0.017847 -0.003550 0.002742
v -0.015442 -0.003072 0.002742
v -0.012972 -0.002580 0.002742
v -0.010435 -0.002076 0.002742
v -0.007831 -0.001558 0.002742
v -0.005157 -0.001026 0.002742
v -0.002409 -0.000479 0.002742
v 0.000413 0.000082 0.002742
v -0.088382 0.000000 0.030015
v -0.087615 0.000000 0.025689
v -0.086878 0.000000 0.021900
v -0.086169 0.000000 0.018600
v -0.085486 0.000000 0.015747
v -0.084828 0.000000 0.013297
v -0.084192 0.000000 0.011210
v -0.083576 0.000000 0.009450
v -0.082980 0.000000 0.007979
v -0.082400 0.000000 0.006765
v -0.081835 0.000000 0.005775
v -0.081282 0.000000 0.004980
v -0.080740 0.000000 0.004353
v -0.080206 0.000000 0.003867
v -0.079678 0.000000 0.003501
v -0.079155 0.000000 0.003232
v -0.078633 0.000000 0.003042
v -0.078111 0.000000 0.002914
v -0.077585 0.000000 0.002832
v -0.077055 0.000000 0.002783
v -0.076517 0.000000 0.002758
v -0.075969 0.000000 0.002746
v -0.075409 0.000000 0.002743
v -0.074834 0.000000 0.002742
v -0.074241 0.000000 0.002742
v -0.073628 0.000000 0.002742
v -0.072993 0.000000 0.002742
v -0.072333 0.000000 0.002742
v -0.071646 0.000000 0.002742
v -0.070930 0.000000 0.002742
v -0.070182 0.000000 0.002742
v -0.069401 0.000000 0.002742
v -0.068585 0.000000 0.002742
v -0.067733 0.000000 0.002742
v -0.066842 0.000000 0.002742
v -0.065911 0.000000 0.002742
v -0.064939 0.000000 0.002742
v -0.063924 0.000000 0.002742
v -0.062866 0.000000 0.002742
v -0.061764 0.000000 0.002742
v -0.060615 0.000000 0.002742
v -0.059421 0.000000 0.002742
v -0.058179 0.000000 0.002742
v -0.056889 0.000000 0.002742
v -0.055552 0.000000 0.002742
v -0.054165 0.000000 0.002742
v -0.052730 0.000000 0.002742
v -0.051246 0.000000 0.002742
v -0.049713 0.000000 0.002742
v -0.048131 0.000000 0.002742
v -0.046500 0.000000 0.002742
v -0.044819 0.000000 0.002742
v -0.043089 0.000000 0.002742
v -0.041309 0.000000 0.002742
v -0.039478 0.000000 0.002742
v -0.037597 0.000000 0.002742
v -0.035663 0.000000 0.002742
v -0.033676 0.000000 0.002742
v -0.031636 0.000000 0.002742
v -0.029541 0.000000 0.002742
v -0.027390 0.000000 0.002742
v -0.025181 0.000000 0.002742
v -0.022914 0.000000 0.002742
v -0.020586 0.000000 0.002742
v -0.018197 0.000000 0.002742
v -0.015744 0.000000 0.002742
v -0.013226 0.000000 0.002742
v -0.010640 0.000000 0.002742
v -0.007985 0.000000 0.002742
v -0.005258 0.000000 0.002742
v -0.002457 0.000000 0.002742
v 0.000421 0.000000 0.002742
v -0.086684 0.017242 0.030015
v -0.085932 0.017093 0.025689
v -0.085209 0.016949 0.021900
v -0.084513 0.016811 0.018600
v -0.083843 0.016677 0.015747
v -0.083198 0.016549 0.013297
v -0.082574 0.016425 0.011210
v -0.081970 0.016305 0.009450
v -0.081385 0.016189 0.007979
v -0.080817 0.016075 0.006765
v -0.080262 0.015965 0.005775
v -0.079720 0.015857 0.004980
v -0.079188 0.015752 0.004353
v -0.078665 0.015647 0.003867
v -0.078147 0.015544 0.003501
v -0.077634 0.015442 0.003232
v -0.077122 0.015340 0.003042
v -0.076610 0.015239 0.002914
v -0.076095 0.015136 0.002832
v -0.075575 0.015033 0.002783
v -0.075047 0.014928 0.002758
v -0.074510 0.014821 0.002746
v -0.073960 0.014712 0.002743
v -0.073396 0.014599 0.002742
v -0.072815 0.014484 0.002742
v -0.072214 0.014364 0.002742
v -0.071591 0.014240 0.002742
v -0.070943 0.014111 0.002742
v -0.070269 0.013977 0.002742
v -0.069567 0.013838 0.002742
v -0.068834 0.013692 0.002742
v -0.068068 0.013539 0.002742
v -0.067267 0.013380 0.002742
v -0.066431 0.013214 0.002742
v -0.065557 0.013040 0.002742
v -0.064644 0.012859 0.002742
v -0.063691 0.012669 0.002742
v -0.062696 0.012471 0.002742
v -0.061658 0.012265 0.002742
v -0.060577 0.012049 0.002742
v -0.059451 0.011825 0.002742
v -0.058279 0.011592 0.002742
v -0.057061 0.011350 0.002742
v -0.055796 0.011099 0.002742
v -0.054484 0.010838 0.002742
v -0.053125 0.010567 0.002742
v -0.051717 0.010287 0.002742
v -0.050262 0.009998 0.002742
v -0.048758 0.009699 0.002742
v -0.047206 0.009390 0.002742
v -0.045606 0.009072 0.002742
v -0.043958 0.008744 0.002742
v -0.042261 0.008406 0.002742
v -0.040515 0.008059 0.002742
v -0.038720 0.007702 0.002742
v -0.036874 0.007335 0.002742
v -0.034978 0.006957 0.002742
v -0.033029 0.006570 0.002742
v -0.031028 0.006172 0.002742
v -0.028973 0.005763 0.002742
v -0.026863 0.005343 0.002742
v -0.024697 0.004913 0.002742
v -0.022474 0.004470 0.002742
v -0.020191 0.004016 0.002742
v -0.017847 0.003550 0.002742
v -0.015442 0.003072 0.002742
v -0.012972 0.002580 0.002742
v -0.010435 0.002076 0.002742
v -0.007831 0.001558 0.002742
v -0.005157 0.001026 0.002742
v -0.002409 0.000479 0.002742
v 0.000413 -0.000082 0.002742
v -0.081654 0.033822 0.030015
v -0.080946 0.033529 0.025689
v -0.080265 0.033247 0.021900
v -0.079610 0.032975 0.018600
v -0.078979 0.032714 0.015747
v -0.078370 0.032462 0.013297
v -0.077783 0.032219 0.011210
v -0.077215 0.031983 0.009450
v -0.076663 0.031755 0.007979
v -0.076128 0.031533 0.006765
v -0.075605 0.031317 0.005775
v -0.075095 0.031105 0.004980
v -0.074594 0.030898 0.004353
v -0.074101 0.030693 0.003867
v -0.073613 0.030492 0.003501
v -0.073129 0.030291 0.003232
v -0.072647 0.030091 0.003042
v -0.072165 0.029892 0.002914
v -0.071680 0.029691 0.002832
v -0.071190 0.029488 0.002783
v -0.070693 0.029282 0.002758
v -0.070187 0.029072 0.002746
v -0.069669 0.028858 0.002743
v -0.069137 0.028638 0.002742
v -0.068590 0.028411 0.002742
v -0.068024 0.028176 0.002742
v -0.067437 0.027933 0.002742
v -0.066827 0.027681 0.002742
v -0.066192 0.027418 0.002742
v -0.065531 0.027144 0.002742
v -0.064840 0.026857 0.002742
v -0.064118 0.026559 0.002742
v -0.063365 0.026246 0.002742
v -0.062577 0.025920 0.002742
v -0.061754 0.025579 0.002742
v -0.060894 0.025223 0.002742
v -0.059996 0.024851 0.002742
v -0.059058 0.024463 0.002742
v -0.058081 0.024058 0.002742
v -0.057062 0.023636 0.002742
v -0.056001 0.023196 0.002742
v -0.054897 0.022739 0.002742
v -0.053750 0.022264 0.002742
v -0.052559 0.021771 0.002742
v -0.051323 0.021259 0.002742
v -0.050042 0.020728 0.002742
v -0.048716 0.020179 0.002742
v -0.047345 0.019611 0.002742
v -0.045929 0.019024 0.002742
v -0.044467 0.018419 0.002742
v -0.042960 0.017795 0.002742
v -0.041408 0.017152 0.002742
v -0.039809 0.016490 0.002742
v -0.038165 0.015808 0.002742
v -0.036473 0.015108 0.002742
v -0.034735 0.014388 0.002742
v -0.032948 0.013648 0.002742
v -0.031113 0.012887 0.002742
v -0.029228 0.012107 0.002742
v -0.027292 0.011305 0.002742
v -0.025305 0.010482 0.002742
v -0.023264 0.009636 0.002742
v -0.021170 0.008769 0.002742
v -0.019019 0.007878 0.002742
v -0.016812 0.006964 0.002742
v -0.014546 0.006025 0.002742
v -0.012219 0.005061 0.002742
v -0.009830 0.004072 0.002742
v -0.007377 0.003056 0.002742
v -0.004857 0.002012 0.002742
v -0.002270 0.000940 0.002742
v 0.000389 -0.000161 0.002742
v -0.073487 0.049102 0.030015
v -0.072849 0.048676 0.025689
v -0.072236 0.048267 0.021900
v -0.071647 0.047873 0.018600
v -0.071079 0.047493 0.015747
v -0.070532 0.047128 0.013297
v -0.070003 0.046774 0.011210
v -0.069491 0.046433 0.009450
v -0.068995 0.046101 0.007979
v -0.068513 0.045779 0.006765
v -0.068043 0.045465 0.005775
v -0.067583 0.045158 0.004980
v -0.067133 0.044857 0.004353
v -0.066689 0.044560 0.003867
v -0.066250 0.044267 0.003501
v -0.065815 0.043976 0.003232
v -0.065381 0.043686 0.003042
v -0.064947 0.043396 0.002914
v -0.064510 0.043104 0.002832
v -0.064069 0.042810 0.002783
v -0.063622 0.042511 0.002758
v -0.063166 0.042206 0.002746
v -0.062700 0.041895 0.002743
v -0.062222 0.041575 0.002742
v -0.061729 0.041246 0.002742
v -0.061220 0.040906 0.002742
v -0.060692 0.040553 0.002742
v -0.060143 0.040186 0.002742
v -0.059572 0.039804 0.002742
v -0.058976 0.039406 0.002742
v -0.058354 0.038991 0.002742
v -0.057705 0.038557 0.002742
v -0.057027 0.038104 0.002742
v -0.056318 0.037630 0.002742
v -0.055577 0.037135 0.002742
v -0.054803 0.036618 0.002742
v -0.053995 0.036078 0.002742
v -0.053151 0.035514 0.002742
v -0.052271 0.034927 0.002742
v -0.051355 0.034314 0.002742
v -0.050400 0.033676 0.002742
v -0.049406 0.033012 0.002742
v -0.048374 0.032322 0.002742
v -0.047302 0.031606 0.002742
v -0.046190 0.030863 0.002742
v -0.045037 0.030093 0.002742
v -0.043844 0.029295 0.002742
v -0.042610 0.028471 0.002742
v -0.041335 0.027619 0.002742
v -0.040020 0.026740 0.002742
v -0.038663 0.025834 0.002742
v -0.037266 0.024900 0.002742
v -0.035827 0.023939 0.002742
v -0.034347 0.022950 0.002742
v -0.032825 0.021933 0.002742
v -0.031260 0.020888 0.002742
v -0.029653 0.019813 0.002742
v -0.028001 0.018709 0.002742
v -0.026304 0.017576 0.002742
v -0.024562 0.016412 0.002742
v -0.022774 0.015217 0.002742
v -0.020937 0.013990 0.002742
v -0.019052 0.012730 0.002742
v -0.017117 0.011437 0.002742
v -0.015130 0.010110 0.002742
v -0.013091 0.008747 0.002742
v -0.010997 0.007348 0.002742
v -0.008847 0.005911 0.002742
v -0.006639 0.004436 0.002742
v -0.004371 0.002921 0.002742
v -0.002043 0.001365 0.002742
v 0.000350 -0.000234 0.002742
v -0.062496 0.062495 0.030015
v -0.061953 0.061953 0.025689
v -0.061432 0.061432 0.021900
v -0.060931 0.060931 0.018600
v -0.060448 0.060448 0.015747
v -0.059982 0.059982 0.013297
v -0.059533 0.059532 0.011210
v -0.059097 0.059097 0.009450
v -0.058676 0.058676 0.007979
v -0.058266 0.058265 0.006765
v -0.057866 0.057866 0.005775
v -0.057475 0.057475 0.004980
v -0.057092 0.057092 0.004353
v -0.056714 0.056714 0.003867
v -0.056341 0.056341 0.003501
v -0.055971 0.055971 0.003232
v -0.055602 0.055602 0.003042
v -0.055233 0.055232 0.002914
v -0.054861 0.054861 0.002832
v -0.054486 0.054486 0.002783
v -0.054106 0.054106 0.002758
v -0.053718 0.053718 0.002746
v -0.053322 0.053322 0.002743
v -0.052916 0.052915 0.002742
v -0.052496 0.052496 0.002742
v -0.052063 0.052063 0.002742
v -0.051614 0.051614 0.002742
v -0.051147 0.051147 0.002742
v -0.050661 0.050661 0.002742
v -0.050155 0.050155 0.002742
v -0.049626 0.049626 0.002742
v -0.049074 0.049074 0.002742
v -0.048497 0.048497 0.002742
v -0.047894 0.047894 0.002742
v -0.047264 0.047264 0.002742
v -0.046606 0.046606 0.002742
v -0.045919 0.045919 0.002742
v -0.045201 0.045201 0.002742
v -0.044453 0.044453 0.002742
v -0.043673 0.043673 0.002742
v -0.042861 0.042861 0.002742
v -0.042017 0.042017 0.002742
v -0.041139 0.041139 0.002742
v -0.040227 0.040227 0.002742
v -0.039281 0.039281 0.002742
v -0.038301 0.038301 0.002742
v -0.037286 0.037286 0.002742
v -0.036237 0.036237 0.002742
v -0.035153 0.035153 0.002742
v -0.034034 0.034034 0.002742
v -0.032880 0.032880 0.002742
v -0.031692 0.031692 0.002742
v -0.030469 0.030469 0.002742
v -0.029210 0.029210 0.002742
v -0.027915 0.027915 0.002742
v -0.026585 0.026585 0.002742
v -0.025217 0.025217 0.002742
v -0.023813 0.023813 0.002742
v -0.022370 0.022370 0.002742
v -0.020888 0.020888 0.002742
v -0.019367 0.019367 0.002742
v -0.017806 0.017806 0.002742
v -0.016203 0.016203 0.002742
v -0.014557 0.014557 0.002742
v -0.012867 0.012867 0.002742
v -0.011133 0.011133 0.002742
v -0.009352 0.009352 0.002742
v -0.007524 0.007524 0.002742
v -0.005646 0.005646 0.002742
v -0.003718 0.003718 0.002742
v -0.001737 0.001737 0.002742
v 0.000298 -0.000298 0.002742
v -0.049102 0.073487 0.030015
v -0.048676 0.072849 0.025689
v -0.048267 0.072236 0.021900
v -0.047873 0.071647 0.018600
v -0.047494 0.071079 0.015747
v -0.047128 0.070532 0.013297
v -0.046774 0.070003 0.011210
v -0.046433 0.069491 0.009450
v -0.046101 0.068995 0.007979
v -0.045779 0.068513 0.006765
v -0.045465 0.068043 0.005775
v -0.045158 0.067583 0.004980
v -0.044857 0.067133 0.004353
v -0.044560 0.066689 0.003867
v -0.044267 0.066250 0.003501
v -0.043976 0.065815 0.003232
v -0.043686 0.065381 0.003042
v -0.043396 0.064947 0.002914
v -0.043104 0.064510 0.002832
v -0.042810 0.064069 0.002783
v -0.042511 0.063622 0.002758
v -0.042206 0.063166 0.002746
v -0.041895 0.062700 0.002743
v -0.041575 0.062222 0.002742
v -0.041246 0.061729 0.002742
v -0.040906 0.061220 0.002742
v -0.040553 0.060692 0.002742
v -0.040186 0.060143 0.002742
v -0.039804 0.059572 0.002742
v -0.039406 0.058976 0.002742
v -0.038991 0.058354 0.002742
v -0.038557 0.057705 0.002742
v -0.038104 0.057027 0.002742
v -0.037630 0.056318 0.002742
v -0.037135 0.055577 0.002742
v -0.036618 0.054803 0.002742
v -0.036078 0.053995 0.002742
v -0.035514 0.053151 0.002742
v -0.034927 0.052271 0.002742
v -0.034314 0.051354 0.002742
v -0.033676 0.050400 0.002742
v -0.033012 0.049406 0.002742
v -0.032322 0.048374 0.002742
v -0.031606 0.047302 0.002742
v -0.030863 0.046189 0.002742
v -0.030093 0.045037 0.002742
v -0.029295 0.043844 0.002742
v -0.028471 0.042610 0.002742
v -0.027619 0.041335 0.002742
v -0.026740 0.040020 0.002742
v -0.025834 0.038663 0.002742
v -0.024900 0.037266 0.002742
v -0.023939 0.035827 0.002742
v -0.022950 0.034347 0.002742
v -0.021933 0.032825 0.002742
v -0.020888 0.031260 0.002742
v -0.019813 0.029653 0.002742
v -0.018710 0.028001 0.002742
v -0.017576 0.026304 0.002742
v -0.016412 0.024562 0.002742
v -0.015217 0.022774 0.002742
v -0.013990 0.020937 0.002742
v -0.012730 0.019052 0.002742
v -0.011437 0.017117 0.002742
v -0.010110 0.015130 0.002742
v -0.008747 0.013091 0.002742
v -0.007348 0.010997 0.002742
v -0.005911 0.008847 0.002742
v -0.004436 0.006639 0.002742
v -0.002921 0.004371 0.002742
v -0.001365 0.002043 0.002742
v 0.000234 -0.000350 0.002742
v -0.033822 0.081654 0.030015
v -0.033529 0.080946 0.025689
v -0.033247 0.080265 0.021900
v -0.032975 0.079610 0.018600
v -0.032714 0.078979 0.015747
v -0.032462 0.078370 0.013297
v -0.032219 0.077783 0.011210
v -0.031983 0.077215 0.009450
v -0.031755 0.076663 0.007979
v -0.031533 0.076128 0.006765
v -0.031317 0.075605 0.005775
v -0.031105 0.075095 0.004980
v -0.030898 0.074594 0.004353
v -0.030694 0.074101 0.003867
v -0.030492 0.073613 0.003501
v -0.030291 0.073129 0.003232
v -0.030092 0.072647 0.003042
v -0.029892 0.072165 0.002914
v -0.029691 0.071680 0.002832
v -0.029488 0.071190 0.002783
v -0.029282 0.070693 0.002758
v -0.029072 0.070187 0.002746
v -0.028858 0.069669 0.002743
v -0.028638 0.069137 0.002742
v -0.028411 0.068590 0.002742
v -0.028176 0.068024 0.002742
v -0.027933 0.067437 0.002742
v -0.027681 0.066827 0.002742
v -0.027418 0.066192 0.002742
v -0.027144 0.065531 0.002742
v -0.026858 0.064840 0.002742
v -0.026559 0.064118 0.002742
v -0.026246 0.063365 0.002742
v -0.025920 0.062577 0.002742
v -0.025579 0.061754 0.002742
v -0.025223 0.060894 0.002742
v -0.024851 0.059996 0.002742
v -0.024463 0.059058 0.002742
v -0.024058 0.058081 0.002742
v -0.023636 0.057062 0.002742
v -0.023196 0.056001 0.002742
v -0.022739 0.054897 0.002742
v -0.022264 0.053750 0.002742
v -0.021771 0.052559 0.002742
v -0.021259 0.051323 0.002742
v -0.020728 0.050042 0.002742
v -0.020179 0.048716 0.002742
v -0.019611 0.047345 0.002742
v -0.019024 0.045929 0.002742
v -0.018419 0.044467 0.002742
v -0.017795 0.042960 0.002742
v -0.017152 0.041408 0.002742
v -0.016490 0.039809 0.002742
v -0.015808 0.038165 0.002742
v -0.015108 0.036473 0.002742
v -0.014388 0.034735 0.002742
v -0.013648 0.032948 0.002742
v -0.012887 0.031113 0.002742
v -0.012107 0.029228 0.002742
v -0.011305 0.027292 0.002742
v -0.010482 0.025305 0.002742
v -0.009636 0.023264 0.002742
v -0.008769 0.021170 0.002742
v -0.007878 0.019019 0.002742
v -0.006964 0.016812 0.002742
v -0.006025 0.014546 0.002742
v -0.005061 0.012219 0.002742
v -0.004072 0.009830 0.002742
v -0.003056 0.007377 0.002742
v -0.002012 0.004857 0.002742
v -0.000940 0.002270 0.002742
v 0.000161 -0.000389 0.002742
v -0.017243 0.086684 0.030015
v -0.017093 0.085932 0.025689
v -0.016949 0.085209 0.021900
v -0.016811 0.084513 0.018600
v -0.016678 0.083843 0.015747
v -0.016549 0.083198 0.013297
v -0.016425 0.082574 0.011210
v -0.016305 0.081970 0.009450
v -0.016189 0.081385 0.007979
v -0.016075 0.080817 0.006765
v -0.015965 0.080262 0.005775
v -0.015857 0.079720 0.004980
v -0.015752 0.079188 0.004353
v -0.015647 0.078665 0.003867
v -0.015544 0.078147 0.003501
v -0.015442 0.077634 0.003232
v -0.015341 0.077122 0.003042
v -0.015239 0.076610 0.002914
v -0.015136 0.076095 0.002832
v -0.015033 0.075575 0.002783
v -0.014928 0.075047 0.002758
v -0.014821 0.074510 0.002746
v -0.014712 0.073960 0.002743
v -0.014599 0.073396 0.002742
v -0.014484 0.072815 0.002742
v -0.014364 0.072214 0.002742
v -0.014240 0.071591 0.002742
v -0.014112 0.070943 0.002742
v -0.013978 0.070269 0.002742
v -0.013838 0.069567 0.002742
v -0.013692 0.068834 0.002742
v -0.013540 0.068068 0.002742
v -0.013380 0.067267 0.002742
v -0.013214 0.066431 0.002742
v -0.013040 0.065557 0.002742
v -0.012859 0.064644 0.002742
v -0.012669 0.063691 0.002742
v -0.012471 0.062696 0.002742
v -0.012265 0.061658 0.002742
v -0.012049 0.060577 0.002742
v -0.011825 0.059451 0.002742
v -0.011592 0.058279 0.002742
v -0.011350 0.057061 0.002742
v -0.011099 0.055796 0.002742
v -0.010838 0.054484 0.002742
v -0.010567 0.053125 0.002742
v -0.010287 0.051717 0.002742
v -0.009998 0.050262 0.002742
v -0.009699 0.048758 0.002742
v -0.009390 0.047206 0.002742
v -0.009072 0.045606 0.002742
v -0.008744 0.043958 0.002742
v -0.008406 0.042261 0.002742
v -0.008059 0.040515 0.002742
v -0.007702 0.038720 0.002742
v -0.007335 0.036874 0.002742
v -0.006957 0.034978 0.002742
v -0.006570 0.033029 0.002742
v -0.006172 0.031028 0.002742
v -0.005763 0.028973 0.002742
v -0.005343 0.026863 0.002742
v -0.004913 0.024697 0.002742
v -0.004470 0.022474 0.002742
v -0.004016 0.020191 0.002742
v -0.003550 0.017847 0.002742
v -0.003072 0.015442 0.002742
v -0.002580 0.012972 0.002742
v -0.002076 0.010435 0.002742
v -0.001558 0.007831 0.002742
v -0.001026 0.005157 0.002742
v -0.000479 0.002409 0.002742
v 0.000082 -0.000413 0.002742
v 0.000000 0.090000 0.029262
v 0.000000 0.089227 0.024903
v 0.000000 0.088476 0.021042
v 0.000000 0.087749 0.017660
v 0.000000 0.087043 0.014711
v 0.000000 0.086355 0.012150
v 0.000000 0.085680 0.009936
v 0.000000 0.085014 0.008031
v 0.000000 0.084351 0.006398
v 0.000000 0.083687 0.005006
v 0.000000 0.083015 0.003831
v 0.000000 0.082335 0.002852
v -0.000000 0.081646 0.002054
v -0.000000 0.080955 0.001425
v -0.000000 0.080269 0.000947
v -0.000000 0.079598 0.000601
v -0.000000 0.078948 0.000363
v -0.000000 0.078321 0.000208
v -0.000000 0.077716 0.000113
v -0.000000 0.077128 0.000059
v -0.000000 0.076553 0.000031
v -0.000000 0.075984 0.000019
v -0.000000 0.075413 0.000015
v -0.000000 0.074834 0.000015
v -0.000000 0.074241 0.000015
v -0.000000 0.073628 0.000015
v -0.000000 0.072993 0.000015
v -0.000000 0.072333 0.000015
v -0.000000 0.071646 0.000015
v -0.000000 0.070930 0.000015
v -0.000000 0.070182 0.000015
v -0.000000 0.069401 0.000015
v -0.000000 0.068585 0.000015
v -0.000000 0.067733 0.000015
v -0.000000 0.066842 0.000015
v -0.000000 0.065911 0.000015
v -0.000000 0.064939 0.000015
v -0.000000 0.063924 0.000015
v -0.000000 0.062866 0.000015
v -0.000000 0.061763 0.000015
v -0.000000 0.060615 0.000015
v -0.000000 0.059421 0.000015
v -0.000000 0.058179 0.000015
v -0.000000 0.056889 0.000015
v -0.000000 0.055552 0.000015
v -0.000000 0.054165 0.000015
v -0.000000 0.052730 0.000015
v -0.000000 0.051246 0.000015
v -0.000000 0.049713 0.000015
v -0.000000 0.048131 0.000015
v -0.000000 0.046500 0.000015
v -0.000000 0.044819 0.000015
v -0.000000 0.043089 0.000015
v -0.000000 0.041309 0.000015
v -0.000000 0.039478 0.000015
v -0.000000 0.037597 0.000015
v -0.000000 0.035663 0.000015
v -0.000000 0.033676 0.000015
v -0.000000 0.031636 0.000015
v -0.000000 0.029541 0.000015
v -0.000000 0.027390 0.000015
v -0.000000 0.025181 0.000015
v -0.000000 0.022914 0.000015
v -0.000000 0.020586 0.000015
v -0.000000 0.018197 0.000015
v -0.000000 0.015744 0.000015
v -0.000000 0.013226 0.000015
v -0.000000 0.010640 0.000015
v -0.000000 0.007985 0.000015
v -0.000000 0.005258 0.000015
v -0.000000 0.002457 0.000015
v -0.000000 -0.000421 0.000015
v 0.017558 0.088271 0.029262
v 0.017407 0.087513 0.024903
v 0.017261 0.086776 0.021042
v 0.017119 0.086063 0.017660
v 0.016981 0.085371 0.014711
v 0.016847 0.084696 0.012150
v 0.016715 0.084034 0.009936
v 0.016585 0.083380 0.008031
v 0.016456 0.082730 0.006398
v 0.016326 0.082079 0.005006
v 0.016195 0.081420 0.003831
v 0.016063 0.080753 0.002852
v 0.015928 0.080077 0.002054
v 0.015793 0.079399 0.001425
v 0.015660 0.078727 0.000947
v 0.015529 0.078069 0.000601
v 0.015402 0.077431 0.000363
v 0.015280 0.076816 0.000208
v 0.015162 0.076222 0.000113
v 0.015047 0.075646 0.000059
v 0.014935 0.075082 0.000031
v 0.014824 0.074524 0.000019
v 0.014712 0.073964 0.000015
v 0.014599 0.073396 0.000015
v 0.014484 0.072815 0.000015
v 0.014364 0.072214 0.000015
v 0.014240 0.071591 0.000015
v 0.014112 0.070943 0.000015
v 0.013977 0.070269 0.000015
v 0.013838 0.069567 0.000015
v 0.013692 0.068834 0.000015
v 0.013539 0.068068 0.000015
v 0.013380 0.067267 0.000015
v 0.013214 0.066431 0.000015
v 0.013040 0.065557 0.000015
v 0.012859 0.064644 0.000015
v 0.012669 0.063691 0.000015
v 0.012471 0.062696 0.000015
v 0.012265 0.061658 0.000015
v 0.012049 0.060577 0.000015
v 0.011825 0.059450 0.000015
v 0.011592 0.058279 0.000015
v 0.011350 0.057061 0.000015
v 0.011099 0.055796 0.000015
v 0.010838 0.054484 0.000015
v 0.010567 0.053125 0.000015
v 0.010287 0.051717 0.000015
v 0.009998 0.050262 0.000015
v 0.009699 0.048758 0.000015
v 0.009390 0.047206 0.000015
v 0.009072 0.045606 0.000015
v 0.008744 0.043958 0.000015
v 0.008406 0.042261 0.000015
v 0.008059 0.040515 0.000015
v 0.007702 0.038720 0.000015
v 0.007335 0.036874 0.000015
v 0.006957 0.034978 0.000015
v 0.006570 0.033029 0.000015
v 0.006172 0.031028 0.000015
v 0.005763 0.028973 0.000015
v 0.005343 0.026863 0.000015
v 0.004913 0.024697 0.000015
v 0.004470 0.022474 0.000015
v 0.004016 0.020191 0.000015
v 0.003550 0.017847 0.000015
v 0.003072 0.015442 0.000015
v 0.002580 0.012972 0.000015
v 0.002076 0.010435 0.000015
v 0.001558 0.007831 0.000015
v 0.001026 0.005157 0.000015
v 0.000479 0.002409 0.000015
v -0.000082 -0.000413 0.000015
v 0.034442 0.083149 0.029262
v 0.034146 0.082435 0.024903
v 0.033858 0.081741 0.021042
v 0.033580 0.081069 0.017660
v 0.033310 0.080417 0.014711
v 0.033047 0.079782 0.012150
v 0.032788 0.079158 0.009936
v 0.032533 0.078543 0.008031
v 0.032280 0.077930 0.006398
v 0.032025 0.077316 0.005006
v 0.031769 0.076696 0.003831
v 0.031508 0.076067 0.002852
v 0.031245 0.075431 0.002054
v 0.030980 0.074793 0.001425
v 0.030718 0.074159 0.000947
v 0.030461 0.073539 0.000601
v 0.030212 0.072938 0.000363
v 0.029972 0.072359 0.000208
v 0.029740 0.071800 0.000113
v 0.029516 0.071257 0.000059
v 0.029296 0.070726 0.000031
v 0.029078 0.070200 0.000019
v 0.028859 0.069673 0.000015
v 0.028638 0.069138 0.000015
v 0.028411 0.068590 0.000015
v 0.028176 0.068024 0.000015
v 0.027933 0.067437 0.000015
v 0.027681 0.066827 0.000015
v 0.027418 0.066192 0.000015
v 0.027144 0.065531 0.000015
v 0.026857 0.064840 0.000015
v 0.026559 0.064118 0.000015
v 0.026246 0.063364 0.000015
v 0.025920 0.062577 0.000015
v 0.025579 0.061754 0.000015
v 0.025223 0.060894 0.000015
v 0.024851 0.059996 0.000015
v 0.024463 0.059058 0.000015
v 0.024058 0.058081 0.000015
v 0.023636 0.057062 0.000015
v 0.023196 0.056001 0.000015
v 0.022739 0.054897 0.000015
v 0.022264 0.053750 0.000015
v 0.021771 0.052559 0.000015
v 0.021259 0.051323 0.000015
v 0.020728 0.050042 0.000015
v 0.020179 0.048716 0.000015
v 0.019611 0.047345 0.000015
v 0.019024 0.045929 0.000015
v 0.018419 0.044467 0.000015
v 0.017795 0.042960 0.000015
v 0.017152 0.041408 0.000015
v 0.016490 0.039809 0.000015
v 0.015808 0.038165 0.000015
v 0.015108 0.036473 0.000015
v 0.014388 0.034735 0.000015
v 0.013648 0.032948 0.000015
v 0.012887 0.031113 0.000015
v 0.012107 0.029228 0.000015
v 0.011305 0.027292 0.000015
v 0.010482 0.025305 0.000015
v 0.009636 0.023264 0.000015
v 0.008769 0.021170 0.000015
v 0.007878 0.019019 0.000015
v 0.006964 0.016812 0.000015
v 0.006025 0.014546 0.000015
v 0.005061 0.012219 0.000015
v 0.004072 0.009830 0.000015
v 0.003056 0.007377 0.000015
v 0.002012 0.004857 0.000015
v 0.000940 0.002270 0.000015
v -0.000161 -0.000389 0.000015
v 0.050001 0.074832 0.029262
v 0.049572 0.074190 0.024903
v 0.049155 0.073565 0.021042
v 0.048751 0.072961 0.017660
v 0.048359 0.072374 0.014711
v 0.047976 0.071801 0.012150
v 0.047601 0.071240 0.009936
v 0.047231 0.070687 0.008031
v 0.046863 0.070136 0.006398
v 0.046494 0.069583 0.005006
v 0.046121 0.069025 0.003831
v 0.045743 0.068459 0.002852
v 0.045360 0.067886 0.002054
v 0.044976 0.067311 0.001425
v 0.044595 0.066741 0.000947
v 0.044222 0.066183 0.000601
v 0.043861 0.065643 0.000363
v 0.043513 0.065121 0.000208
v 0.043177 0.064618 0.000113
v 0.042850 0.064130 0.000059
v 0.042531 0.063652 0.000031
v 0.042214 0.063178 0.000019
v 0.041897 0.062704 0.000015
v 0.041576 0.062223 0.000015
v 0.041246 0.061729 0.000015
v 0.040906 0.061220 0.000015
v 0.040553 0.060692 0.000015
v 0.040186 0.060143 0.000015
v 0.039804 0.059572 0.000015
v 0.039406 0.058976 0.000015
v 0.038991 0.058354 0.000015
v 0.038557 0.057705 0.000015
v 0.038104 0.057027 0.000015
v 0.037630 0.056318 0.000015
v 0.037135 0.055577 0.000015
v 0.036618 0.054803 0.000015
v 0.036078 0.053995 0.000015
v 0.035514 0.053151 0.000015
v 0.034927 0.052271 0.000015
v 0.034314 0.051354 0.000015
v 0.033676 0.050400 0.000015
v 0.033012 0.049406 0.000015
v 0.032322 0.048374 0.000015
v 0.031606 0.047302 0.000015
v 0.030863 0.046189 0.000015
v 0.030093 0.045037 0.000015
v 0.029295 0.043844 0.000015
v 0.028471 0.042610 0.000015
v 0.027619 0.041335 0.000015
v 0.026740 0.040020 0.000015
v 0.025834 0.038663 0.000015
v 0.024900 0.037266 0.000015
v 0.023939 0.035827 0.000015
v 0.022950 0.034347 0.000015
v 0.021933 0.032825 0.000015
v 0.020888 0.031260 0.000015
v 0.019813 0.029653 0.000015
v 0.018709 0.028001 0.000015
v 0.017576 0.026304 0.000015
v 0.016412 0.024562 0.000015
v 0.015217 0.022774 0.000015
v 0.013990 0.020937 0.000015
v 0.012730 0.019052 0.000015
v 0.011437 0.017117 0.000015
v 0.010110 0.015130 0.000015
v 0.008747 0.013091 0.000015
v 0.007348 0.010997 0.000015
v 0.005911 0.008847 0.000015
v 0.004436 0.006639 0.000015
v 0.002921 0.004371 0.000015
v 0.001365 0.002043 0.000015
v -0.000234 -0.000350 0.000015
v 0.063640 0.063640 0.029262
v 0.063093 0.063093 0.024903
v 0.062562 0.062562 0.021042
v 0.062048 0.062048 0.017660
v 0.061549 0.061549 0.014711
v 0.061062 0.061062 0.012150
v 0.060585 0.060585 0.009936
v 0.060114 0.060114 0.008031
v 0.059645 0.059645 0.006398
v 0.059175 0.059175 0.005006
v 0.058701 0.058701 0.003831
v 0.058219 0.058219 0.002852
v 0.057733 0.057733 0.002054
v 0.057244 0.057244 0.001425
v 0.056759 0.056759 0.000947
v 0.056284 0.056284 0.000601
v 0.055825 0.055825 0.000363
v 0.055381 0.055381 0.000208
v 0.054953 0.054953 0.000113
v 0.054538 0.054538 0.000059
v 0.054131 0.054131 0.000031
v 0.053729 0.053729 0.000019
v 0.053325 0.053325 0.000015
v 0.052916 0.052916 0.000015
v 0.052496 0.052496 0.000015
v 0.052063 0.052063 0.000015
v 0.051614 0.051614 0.000015
v 0.051147 0.051147 0.000015
v 0.050661 0.050661 0.000015
v 0.050155 0.050155 0.000015
v 0.049626 0.049626 0.000015
v 0.049074 0.049074 0.000015
v 0.048497 0.048497 0.000015
v 0.047894 0.047894 0.000015
v 0.047264 0.047264 0.000015
v 0.046606 0.046606 0.000015
v 0.045919 0.045919 0.000015
v 0.045201 0.045201 0.000015
v 0.044453 0.044453 0.000015
v 0.043673 0.043673 0.000015
v 0.042861 0.042861 0.000015
v 0.042017 0.042017 0.000015
v 0.041139 0.041139 0.000015
v 0.040227 0.040227 0.000015
v 0.039281 0.039281 0.000015
v 0.038301 0.038301 0.000015
v 0.037286 0.037286 0.000015
v 0.036237 0.036237 0.000015
v 0.035153 0.035153 0.000015
v 0.034034 0.034034 0.000015
v 0.032880 0.032880 0.000015
v 0.031692 0.031692 0.000015
v 0.030469 0.030469 0.000015
v 0.029210 0.029210 0.000015
v 0.027915 0.027915 0.000015
v 0.026585 0.026585 0.000015
v 0.025217 0.025217 0.000015
v 0.023813 0.023813 0.000015
v 0.022370 0.022370 0.000015
v 0.020888 0.020888 0.000015
v 0.019367 0.019367 0.000015
v 0.017806 0.017806 0.000015
v 0.016203 0.016203 0.000015
v 0.014557 0.014557 0.000015
v 0.012867 0.012867 0.000015
v 0.011133 0.011133 0.000015
v 0.009352 0.009352 0.000015
v 0.007524 0.007524 0.000015
v 0.005646 0.005646 0.000015
v 0.003718 0.003718 0.000015
v 0.001737 0.001737 0.000015
v -0.000298 -0.000298 0.000015
v 0.074832 0.050001 0.029262
v 0.074190 0.049572 0.024903
v 0.073565 0.049155 0.021042
v 0.072961 0.048751 0.017660
v 0.072374 0.048359 0.014711
v 0.071801 0.047976 0.012150
v 0.071240 0.047601 0.009936
v 0.070687 0.047231 0.008031
v 0.070136 0.046863 0.006398
v 0.069583 0.046494 0.005006
v 0.069025 0.046121 0.003831
v 0.068459 0.045743 0.002852
v 0.067886 0.045360 0.002054
v 0.067311 0.044976 0.001425
v 0.066741 0.044595 0.000947
v 0.066183 0.044222 0.000601
v 0.065643 0.043861 0.000363
v 0.065121 0.043513 0.000208
v 0.064618 0.043177 0.000113
v 0.064130 0.042850 0.000059
v 0.063652 0.042531 0.000031
v 0.063178 0.042214 0.000019
v 0.062704 0.041897 0.000015
v 0.062223 0.041576 0.000015
v 0.061729 0.041246 0.000015
v 0.061220 0.040906 0.000015
v 0.060692 0.040553 0.000015
v 0.060143 0.040186 0.000015
v 0.059572 0.039804 0.000015
v 0.058976 0.039406 0.000015
v 0.058354 0.038991 0.000015
v 0.057705 0.038557 0.000015
v 0.057027 0.038104 0.000015
v 0.056318 0.037630 0.000015
v 0.055577 0.037135 0.000015
v 0.054803 0.036618 0.000015
v 0.053995 0.036078 0.000015
v 0.053151 0.035514 0.000015
v 0.052271 0.034927 0.000015
v 0.051354 0.034314 0.000015
v 0.050400 0.033676 0.000015
v 0.049406 0.033012 0.000015
v 0.048374 0.032322 0.000015
v 0.047302 0.031606 0.000015
v 0.046189 0.030863 0.000015
v 0.045037 0.030093 0.000015
v 0.043844 0.029295 0.000015
v 0.042610 0.028471 0.000015
v 0.041335 0.027619 0.000015
v 0.040020 0.026740 0.000015
v 0.038663 0.025834 0.000015
v 0.037266 0.024900 0.000015
v 0.035827 0.023939 0.000015
v 0.034347 0.022950 0.000015
v 0.032825 0.021933 0.000015
v 0.031260 0.020888 0.000015
v 0.029653 0.019813 0.000015
v 0.028001 0.018709 0.000015
v 0.026304 0.017576 0.000015
v 0.024562 0.016412 0.000015
v 0.022774 0.015217 0.000015
v 0.020937 0.013990 0.000015
v 0.019052 0.012730 0.000015
v 0.017117 0.011437 0.000015
v 0.015130 0.010110 0.000015
v 0.013091 0.008747 0.000015
v 0.010997 0.007348 0.000015
v 0.008847 0.005911 0.000015
v 0.006639 0.004436 0.000015
v 0.004371 0.002921 0.000015
v 0.002043 0.001365 0.000015
v -0.000350 -0.000234 0.000015
v 0.083149 0.034442 0.029262
v 0.082435 0.034146 0.024903
v 0.081741 0.033858 0.021042
v 0.081069 0.033580 0.017660
v 0.080417 0.033310 0.014711
v 0.079782 0.033047 0.012150
v 0.079158 0.032788 0.009936
v 0.078543 0.032533 0.008031
v 0.077930 0.032280 0.006398
v 0.077316 0.032025 0.005006
v 0.076696 0.031769 0.003831
v 0.076067 0.031508 0.002852
v 0.075431 0.031245 0.002054
v 0.074793 0.030980 0.001425
v 0.074159 0.030718 0.000947
v 0.073539 0.030461 0.000601
v 0.072938 0.030212 0.000363
v 0.072359 0.029972 0.000208
v 0.071800 0.029741 0.000113
v 0.071257 0.029516 0.000059
v 0.070726 0.029296 0.000031
v 0.070200 0.029078 0.000019
v 0.069673 0.028859 0.000015
v 0.069138 0.028638 0.000015
v 0.068590 0.028411 0.000015
v 0.068024 0.028176 0.000015
v 0.067437 0.027933 0.000015
v 0.066827 0.027681 0.000015
v 0.066192 0.027418 0.000015
v 0.065531 0.027144 0.000015
v 0.064840 0.026858 0.000015
v 0.064118 0.026559 0.000015
v 0.063364 0.026246 0.000015
v 0.062577 0.025920 0.000015
v 0.061754 0.025579 0.000015
v 0.060894 0.025223 0.000015
v 0.059996 0.024851 0.000015
v 0.059058 0.024463 0.000015
v 0.058081 0.024058 0.000015
v 0.057062 0.023636 0.000015
v 0.056001 0.023196 0.000015
v 0.054897 0.022739 0.000015
v 0.053750 0.022264 0.000015
v 0.052559 0.021771 0.000015
v 0.051323 0.021259 0.000015
v 0.050042 0.020728 0.000015
v 0.048716 0.020179 0.000015
v 0.047345 0.019611 0.000015
v 0.045929 0.019024 0.000015
v 0.044467 0.018419 0.000015
v 0.042960 0.017795 0.000015
v 0.041408 0.017152 0.000015
v 0.039809 0.016490 0.000015
v 0.038165 0.015808 0.000015
v 0.036473 0.015108 0.000015
v 0.034735 0.014388 0.000015
v 0.032948 0.013648 0.000015
v 0.031113 0.012887 0.000015
v 0.029228 0.012107 0.000015
v 0.027292 0.011305 0.000015
v 0.025305 0.010482 0.000015
v 0.023264 0.009636 0.000015
v 0.021170 0.008769 0.000015
v 0.019019 0.007878 0.000015
v 0.016812 0.006964 0.000015
v 0.014546 0.006025 0.000015
v 0.012219 0.005061 0.000015
v 0.009830 0.004072 0.000015
v 0.007377 0.003056 0.000015
v 0.004857 0.002012 0.000015
v 0.002270 0.000940 0.000015
v -0.000389 -0.000161 0.000015
v 0.088271 0.017558 0.029262
v 0.087513 0.017407 0.024903
v 0.086776 0.017261 0.021042
v 0.086063 0.017119 0.017660
v 0.085371 0.016981 0.014711
v 0.084696 0.016847 0.012150
v 0.084034 0.016715 0.009936
v 0.083380 0.016585 0.008031
v 0.082730 0.016456 0.006398
v 0.082079 0.016326 0.005006
v 0.081420 0.016195 0.003831
v 0.080753 0.016063 0.002852
v 0.080077 0.015928 0.002054
v 0.079399 0.015794 0.001425
v 0.078727 0.015660 0.000947
v 0.078069 0.015529 0.000601
v 0.077431 0.015402 0.000363
v 0.076816 0.015280 0.000208
v 0.076222 0.015162 0.000113
v 0.075646 0.015047 0.000059
v 0.075082 0.014935 0.000031
v 0.074524 0.014824 0.000019
v 0.073964 0.014712 0.000015
v 0.073397 0.014599 0.000015
v 0.072815 0.014484 0.000015
v 0.072214 0.014364 0.000015
v 0.071591 0.014240 0.000015
v 0.070943 0.014112 0.000015
v 0.070269 0.013977 0.000015
v 0.069567 0.013838 0.000015
v 0.068834 0.013692 0.000015
v 0.068068 0.013539 0.000015
v 0.067267 0.013380 0.000015
v 0.066431 0.013214 0.000015
v 0.065557 0.013040 0.000015
v 0.064644 0.012859 0.000015
v 0.063691 0.012669 0.000015
v 0.062696 0.012471 0.000015
v 0.061658 0.012265 0.000015
v 0.060577 0.012049 0.000015
v 0.059450 0.011825 0.000015
v 0.058279 0.011592 0.000015
v 0.057061 0.011350 0.000015
v 0.055796 0.011099 0.000015
v 0.054484 0.010838 0.000015
v 0.053125 0.010567 0.000015
v 0.051717 0.010287 0.000015
v 0.050262 0.009998 0.000015
v 0.048758 0.009699 0.000015
v 0.047206 0.009390 0.000015
v 0.045606 0.009072 0.000015
v 0.043958 0.008744 0.000015
v 0.042261 0.008406 0.000015
v 0.040515 0.008059 0.000015
v 0.038720 0.007702 0.000015
v 0.036874 0.007335 0.000015
v 0.034978 0.006957 0.000015
v 0.033029 0.006570 0.000015
v 0.031028 0.006172 0.000015
v 0.028973 0.005763 0.000015
v 0.026863 0.005343 0.000015
v 0.024697 0.004913 0.000015
v 0.022474 0.004470 0.000015
v 0.020191 0.004016 0.000015
v 0.017847 0.003550 0.000015
v 0.015442 0.003072 0.000015
v 0.012972 0.002580 0.000015
v 0.010435 0.002076 0.000015
v 0.007831 0.001558 0.000015
v 0.005157 0.001026 0.000015
v 0.002409 0.000479 0.000015
v -0.000413 -0.000082 0.000015
v 0.090000 0.000000 0.029262
v 0.089227 0.000000 0.024903
v 0.088476 0.000000 0.021042
v 0.087749 0.000000 0.017660
v 0.087043 0.000000 0.014711
v 0.086355 0.000000 0.012150
v 0.085680 0.000000 0.009936
v 0.085014 0.000000 0.008031
v 0.084351 0.000000 0.006398
v 0.083687 0.000000 0.005006
v 0.083015 0.000000 0.003831
v 0.082335 0.000000 0.002852
v 0.081646 0.000000 0.002054
v 0.080955 0.000000 0.001425
v 0.080269 0.000000 0.000947
v 0.079598 0.000000 0.000601
v 0.078948 0.000000 0.000363
v 0.078321 0.000000 0.000208
v 0.077716 0.000000 0.000113
v 0.077128 0.000000 0.000059
v 0.076553 0.000000 0.000031
v 0.075984 0.000000 0.000019
v 0.075413 0.000000 0.000015
v 0.074834 0.000000 0.000015
v 0.074241 0.000000 0.000015
v 0.073628 0.000000 0.000015
v 0.072993 0.000000 0.000015
v 0.072333 0.000000 0.000015
v 0.071646 0.000000 0.000015
v 0.070930 0.000000 0.000015
v 0.070182 0.000000 0.000015
v 0.069401 0.000000 0.000015
v 0.068585 0.000000 0.000015
v 0.067733 0.000000 0.000015
v 0.066842 0.000000 0.000015
v 0.065911 0.000000 0.000015
v 0.064939 0.000000 0.000015
v 0.063924 0.000000 0.000015
v 0.062866 0.000000 0.000015
v 0.061763 0.000000 0.000015
v 0.060615 0.000000 0.000015
v 0.059421 0.000000 0.000015
v 0.058179 0.000000 0.000015
v 0.056889 0.000000 0.000015
v 0.055552 0.000000 0.000015
v 0.054165 0.000000 0.000015
v 0.052730 0.000000 0.000015
v 0.051246 0.000000 0.000015
v 0.049713 0.000000 0.000015
v 0.048131 0.000000 0.000015
v 0.046500 0.000000 0.000015
v 0.044819 0.000000 0.000015
v 0.043089 0.000000 0.000015
v 0.041309 0.000000 0.000015
v 0.039478 0.000000 0.000015
v 0.037597 0.000000 0.000015
v 0.035663 0.000000 0.000015
v 0.033676 0.000000 0.000015
v 0.031636 0.000000 0.000015
v 0.029541 0.000000 0.000015
v 0.027390 0.000000 0.000015
v 0.025181 0.000000 0.000015
v 0.022914 0.000000 0.000015
v 0.020586 0.000000 0.000015
v 0.018197 0.000000 0.000015
v 0.015744 0.000000 0.000015
v 0.013226 0.000000 0.000015
v 0.010640 0.000000 0.000015
v 0.007985 0.000000 0.000015
v 0.005258 0.000000 0.000015
v 0.002457 0.000000 0.000015
v -0.000421 0.000000 0.000015
v 0.088271 -0.017558 0.029262
v 0.087513 -0.017407 0.024903
v 0.086776 -0.017261 0.021042
v 0.086063 -0.017119 0.017660
v 0.085371 -0.016981 0.014711
v 0.084696 -0.016847 0.012150
v 0.084034 -0.016715 0.009936
v 0.083380 -0.016585 0.008031
v 0.082731 -0.016456 0.006398
v 0.082079 -0.016326 0.005006
v 0.081420 -0.016195 0.003831
v 0.080753 -0.016063 0.002852
v 0.080077 -0.015928 0.002054
v 0.079399 -0.015793 0.001425
v 0.078727 -0.015660 0.000947
v 0.078069 -0.015529 0.000601
v 0.077431 -0.015402 0.000363
v 0.076816 -0.015280 0.000208
v 0.076222 -0.015162 0.000113
v 0.075646 -0.015047 0.000059
v 0.075082 -0.014935 0.000031
v 0.074524 -0.014824 0.000019
v 0.073964 -0.014712 0.000015
v 0.073397 -0.014599 0.000015
v 0.072815 -0.014484 0.000015
v 0.072214 -0.014364 0.000015
v 0.071591 -0.014240 0.000015
v 0.070943 -0.014112 0.000015
v 0.070269 -0.013977 0.000015
v 0.069567 -0.013838 0.000015
v 0.068834 -0.013692 0.000015
v 0.068068 -0.013539 0.000015
v 0.067267 -0.013380 0.000015
v 0.066431 -0.013214 0.000015
v 0.065557 -0.013040 0.000015
v 0.064644 -0.012859 0.000015
v 0.063691 -0.012669 0.000015
v 0.062696 -0.012471 0.000015
v 0.061658 -0.012265 0.000015
v 0.060577 -0.012049 0.000015
v 0.059450 -0.011825 0.000015
v 0.058279 -0.011592 0.000015
v 0.057061 -0.011350 0.000015
v 0.055796 -0.011099 0.000015
v 0.054484 -0.010838 0.000015
v 0.053125 -0.010567 0.000015
v 0.051717 -0.010287 0.000015
v 0.050262 -0.009998 0.000015
v 0.048758 -0.009699 0.000015
v 0.047206 -0.009390 0.000015
v 0.045606 -0.009072 0.000015
v 0.043958 -0.008744 0.000015
v 0.042261 -0.008406 0.000015
v 0.040515 -0.008059 0.000015
v 0.038720 -0.007702 0.000015
v 0.036874 -0.007335 0.000015
v 0.034978 -0.006957 0.000015
v 0.033029 -0.006570 0.000015
v 0.031028 -0.006172 0.000015
v 0.028973 -0.005763 0.000015
v 0.026863 -0.005343 0.000015
v 0.024697 -0.004913 0.000015
v 0.022474 -0.004470 0.000015
v 0.020191 -0.004016 0.000015
v 0.017847 -0.003550 0.000015
v 0.015442 -0.003072 0.000015
v 0.012972 -0.002580 0.000015
v 0.010435 -0.002076 0.000015
v 0.007831 -0.001558 0.000015
v 0.005157 -0.001026 0.000015
v 0.002409 -0.000479 0.000015
v -0.000413 0.000082 0.000015
v 0.083149 -0.034442 0.029262
v 0.082435 -0.034146 0.024903
v 0.081741 -0.033858 0.021042
v 0.081070 -0.033580 0.017660
v 0.080417 -0.033310 0.014711
v 0.079782 -0.033047 0.012150
v 0.079158 -0.032788 0.009936
v 0.078543 -0.032533 0.008031
v 0.077930 -0.032280 0.006398
v 0.077316 -0.032025 0.005006
v 0.076696 -0.031769 0.003831
v 0.076067 -0.031508 0.002852
v 0.075431 -0.031245 0.002054
v 0.074793 -0.030980 0.001425
v 0.074159 -0.030718 0.000947
v 0.073539 -0.030461 0.000601
v 0.072938 -0.030212 0.000363
v 0.072359 -0.029972 0.000208
v 0.071800 -0.029740 0.000113
v 0.071257 -0.029516 0.000059
v 0.070726 -0.029296 0.000031
v 0.070200 -0.029078 0.000019
v 0.069673 -0.028859 0.000015
v 0.069138 -0.028638 0.000015
v 0.068590 -0.028411 0.000015
v 0.068024 -0.028176 0.000015
v 0.067437 -0.027933 0.000015
v 0.066827 -0.027681 0.000015
v 0.066192 -0.027418 0.000015
v 0.065531 -0.027144 0.000015
v 0.064840 -0.026857 0.000015
v 0.064118 -0.026559 0.000015
v 0.063364 -0.026246 0.000015
v 0.062577 -0.025920 0.000015
v 0.061754 -0.025579 0.000015
v 0.060894 -0.025223 0.000015
v 0.059996 -0.024851 0.000015
v 0.059058 -0.024463 0.000015
v 0.058081 -0.024058 0.000015
v 0.057062 -0.023636 0.000015
v 0.056001 -0.023196 0.000015
v 0.054897 -0.022739 0.000015
v 0.053750 -0.022264 0.000015
v 0.052559 -0.021771 0.000015
v 0.051323 -0.021259 0.000015
v 0.050042 -0.020728 0.000015
v 0.048716 -0.020179 0.000015
v 0.047345 -0.019611 0.000015
v 0.045929 -0.019024 0.000015
v 0.044467 -0.018419 0.000015
v 0.042960 -0.017795 0.000015
v 0.041408 -0.017152 0.000015
v 0.039809 -0.016490 0.000015
v 0.038165 -0.015808 0.000015
v 0.036473 -0.015108 0.000015
v 0.034735 -0.014388 0.000015
v 0.032948 -0.013648 0.000015
v 0.031113 -0.012887 0.000015
v 0.029228 -0.012107 0.000015
v 0.027292 -0.011305 0.000015
v 0.025305 -0.010482 0.000015
v 0.023264 -0.009636 0.000015
v 0.021170 -0.008769 0.000015
v 0.019019 -0.007878 0.000015
v 0.016812 -0.006964 0.000015
v 0.014546 -0.006025 0.000015
v 0.012219 -0.005061 0.000015
v 0.009830 -0.004072 0.000015
v 0.007377 -0.003056 0.000015
v 0.004857 -0.002012 0.000015
v 0.002270 -0.000940 0.000015
v -0.000389 0.000161 0.000015
v 0.074832 -0.050001 0.029262
v 0.074190 -0.049572 0.024903
v 0.073565 -0.049155 0.021042
v 0.072961 -0.048751 0.017660
v 0.072374 -0.048359 0.014711
v 0.071801 -0.047976 0.012150
v 0.071240 -0.047601 0.009936
v 0.070687 -0.047231 0.008031
v 0.070136 -0.046863 0.006398
v 0.069583 -0.046494 0.005006
v 0.069025 -0.046121 0.003831
v 0.068459 -0.045743 0.002852
v 0.067886 -0.045360 0.002054
v 0.067312 -0.044976 0.001425
v 0.066741 -0.044595 0.000947
v 0.066183 -0.044222 0.000601
v 0.065643 -0.043861 0.000363
v 0.065121 -0.043513 0.000208
v 0.064618 -0.043177 0.000113
v 0.064130 -0.042850 0.000059
v 0.063652 -0.042531 0.000031
v 0.063178 -0.042214 0.000019
v 0.062704 -0.041897 0.000015
v 0.062223 -0.041576 0.000015
v 0.061729 -0.041246 0.000015
v 0.061220 -0.040906 0.000015
v 0.060692 -0.040553 0.000015
v 0.060143 -0.040186 0.000015
v 0.059572 -0.039804 0.000015
v 0.058976 -0.039406 0.000015
v 0.058354 -0.038991 0.000015
v 0.057705 -0.038557 0.000015
v 0.057027 -0.038104 0.000015
v 0.056318 -0.037630 0.000015
v 0.055577 -0.037135 0.000015
v 0.054803 -0.036618 0.000015
v 0.053995 -0.036078 0.000015
v 0.053151 -0.035514 0.000015
v 0.052271 -0.034927 0.000015
v 0.051354 -0.034314 0.000015
v 0.050400 -0.033676 0.000015
v 0.049406 -0.033012 0.000015
v 0.048374 -0.032322 0.000015
v 0.047302 -0.031606 0.000015
v 0.046189 -0.030863 0.000015
v 0.045037 -0.030093 0.000015
v 0.043844 -0.029295 0.000015
v 0.042610 -0.028471 0.000015
v 0.041335 -0.027619 0.000015
v 0.040020 -0.026740 0.000015
v 0.038663 -0.025834 0.000015
v 0.037266 -0.024900 0.000015
v 0.035827 -0.023939 0.000015
v 0.034347 -0.022950 0.000015
v 0.032825 -0.021933 0.000015
v 0.031260 -0.020888 0.000015
v 0.029653 -0.019813 0.000015
v 0.028001 -0.018709 0.000015
v 0.026304 -0.017576 0.000015
v 0.024562 -0.016412 0.000015
v 0.022774 -0.015217 0.000015
v 0.020937 -0.013990 0.000015
v 0.019052 -0.012730 0.000015
v 0.017117 -0.011437 0.000015
v 0.015130 -0.010110 0.000015
v 0.013091 -0.008747 0.000015
v 0.010997 -0.007348 0.000015
v 0.008847 -0.005911 0.000015
v 0.006639 -0.004436 0.000015
v 0.004371 -0.002921 0.000015
v 0.002043 -0.001365 0.000015
v -0.000350 0.000234 0.000015
v 0.063640 -0.063640 0.029262
v 0.063093 -0.063093 0.024903
v 0.062562 -0.062562 0.021042
v 0.062048 -0.062048 0.017660
v 0.061549 -0.061549 0.014711
v 0.061062 -0.061062 0.012150
v 0.060585 -0.060585 0.009936
v 0.060114 -0.060114 0.008031
v 0.059645 -0.059645 0.006398
v 0.059175 -0.059175 0.005006
v 0.058701 -0.058701 0.003831
v 0.058219 -0.058219 0.002852
v 0.057733 -0.057733 0.002054
v 0.057244 -0.057244 0.001425
v 0.056759 -0.056759 0.000947
v 0.056284 -0.056284 0.000601
v 0.055825 -0.055825 0.000363
v 0.055381 -0.055381 0.000208
v 0.054953 -0.054953 0.000113
v 0.054538 -0.054538 0.000059
v 0.054131 -0.054131 0.000031
v 0.053729 -0.053729 0.000019
v 0.053325 -0.053325 0.000015
v 0.052916 -0.052916 0.000015
v 0.052496 -0.052496 0.000015
v 0.052063 -0.052063 0.000015
v 0.051614 -0.051614 0.000015
v 0.051147 -0.051147 0.000015
v 0.050661 -0.050661 0.000015
v 0.050155 -0.050155 0.000015
v 0.049626 -0.049626 0.000015
v 0.049074 -0.049074 0.000015
v 0.048497 -0.048497 0.000015
v 0.047894 -0.047894 0.000015
v 0.047264 -0.047264 0.000015
v 0.046606 -0.046606 0.000015
v 0.045919 -0.045919 0.000015
v 0.045201 -0.045201 0.000015
v 0.044453 -0.044453 0.000015
v 0.043673 -0.043673 0.000015
v 0.042861 -0.042861 0.000015
v 0.042017 -0.042017 0.000015
v 0.041139 -0.041139 0.000015
v 0.040227 -0.040227 0.000015
v 0.039281 -0.039281 0.000015
v 0.038301 -0.038301 0.000015
v 0.037286 -0.037286 0.000015
v 0.036237 -0.036237 0.000015
v 0.035153 -0.035153 0.000015
v 0.034034 -0.034034 0.000015
v 0.032880 -0.032880 0.000015
v 0.031692 -0.031692 0.000015
v 0.030469 -0.030469 0.000015
v 0.029210 -0.029210 0.000015
v 0.027915 -0.027915 0.000015
v 0.026585 -0.026585 0.000015
v 0.025217 -0.025217 0.000015
v 0.023813 -0.023813 0.000015
v 0.022370 -0.022370 0.000015
v 0.020888 -0.020888 0.000015
v 0.019367 -0.019367 0.000015
v 0.017806 -0.017806 0.000015
v 0.016203 -0.016203 0.000015
v 0.014557 -0.014557 0.000015
v 0.012867 -0.012867 0.000015
v 0.011133 -0.011133 0.000015
v 0.009352 -0.009352 0.000015
v 0.007524 -0.007524 0.000015
v 0.005646 -0.005646 0.000015
v 0.003718 -0.003718 0.000015
v 0.001737 -0.001737 0.000015
v -0.000298 0.000298 0.000015
v 0.050001 -0.074832 0.029262
v 0.049572 -0.074190 0.024903
v 0.049155 -0.073565 0.021042
v 0.048751 -0.072961 0.017660
v 0.048359 -0.072374 0.014711
v 0.047976 -0.071801 0.012150
v 0.047601 -0.071240 0.009936
v 0.047231 -0.070687 0.008031
v 0.046863 -0.070136 0.006398
v 0.046494 -0.069583 0.005006
v 0.046121 -0.069025 0.003831
v 0.045743 -0.068459 0.002852
v 0.045360 -0.067886 0.002054
v 0.044976 -0.067312 0.001425
v 0.044595 -0.066741 0.000947
v 0.044222 -0.066183 0.000601
v 0.043861 -0.065643 0.000363
v 0.043513 -0.065121 0.000208
v 0.043177 -0.064618 0.000113
v 0.042850 -0.064130 0.000059
v 0.042531 -0.063652 0.000031
v 0.042214 -0.063178 0.000019
v 0.041897 -0.062704 0.000015
v 0.041576 -0.062223 0.000015
v 0.041246 -0.061729 0.000015
v 0.040906 -0.061220 0.000015
v 0.040553 -0.060692 0.000015
v 0.040186 -0.060143 0.000015
v 0.039804 -0.059572 0.000015
v 0.039406 -0.058976 0.000015
v 0.038991 -0.058354 0.000015
v 0.038557 -0.057705 0.000015
v 0.038104 -0.057027 0.000015
v 0.037630 -0.056318 0.000015
v 0.037135 -0.055577 0.000015
v 0.036618 -0.054803 0.000015
v 0.036078 -0.053995 0.000015
v 0.035514 -0.053151 0.000015
v 0.034927 -0.052271 0.000015
v 0.034314 -0.051354 0.000015
v 0.033676 -0.050400 0.000015
v 0.033012 -0.049406 0.000015
v 0.032322 -0.048374 0.000015
v 0.031606 -0.047302 0.000015
v 0.030863 -0.046189 0.000015
v 0.030093 -0.045037 0.000015
v 0.029295 -0.043844 0.000015
v 0.028471 -0.042610 0.000015
v 0.027619 -0.041335 0.000015
v 0.026740 -0.040020 0.000015
v 0.025834 -0.038663 0.000015
v 0.024900 -0.037266 0.000015
v 0.023939 -0.035827 0.000015
v 0.022950 -0.034347 0.000015
v 0.021933 -0.032825 0.000015
v 0.020888 -0.031260 0.000015
v 0.019813 -0.029653 0.000015
v 0.018709 -0.028001 0.000015
v 0.017576 -0.026304 0.000015
v 0.016412 -0.024562 0.000015
v 0.015217 -0.022774 0.000015
v 0.013990 -0.020937 0.000015
v 0.012730 -0.019052 0.000015
v 0.011437 -0.017117 0.000015
v 0.010110 -0.015130 0.000015
v 0.008747 -0.013091 0.000015
v 0.007348 -0.010997 0.000015
v 0.005911 -0.008847 0.000015
v 0.004436 -0.006639 0.000015
v 0.002921 -0.004371 0.000015
v 0.001365 -0.002043 0.000015
v -0.000234 0.000350 0.000015
v 0.034442 -0.083149 0.029262
v 0.034146 -0.082435 0.024903
v 0.033858 -0.081741 0.021042
v 0.033580 -0.081070 0.017660
v 0.033310 -0.080417 0.014711
v 0.033047 -0.079782 0.012150
v 0.032788 -0.079158 0.009936
v 0.032533 -0.078543 0.008031
v 0.032280 -0.077930 0.006398
v 0.032025 -0.077316 0.005006
v 0.031769 -0.076696 0.003831
v 0.031508 -0.076067 0.002852
v 0.031245 -0.075431 0.002054
v 0.030980 -0.074793 0.001425
v 0.030718 -0.074159 0.000947
v 0.030461 -0.073539 0.000601
v 0.030212 -0.072938 0.000363
v 0.029972 -0.072359 0.000208
v 0.029741 -0.071800 0.000113
v 0.029516 -0.071257 0.000059
v 0.029296 -0.070726 0.000031
v 0.029078 -0.070200 0.000019
v 0.028859 -0.069673 0.000015
v 0.028638 -0.069138 0.000015
v 0.028411 -0.068590 0.000015
v 0.028176 -0.068024 0.000015
v 0.027933 -0.067437 0.000015
v 0.027681 -0.066827 0.000015
v 0.027418 -0.066192 0.000015
v 0.027144 -0.065531 0.000015
v 0.026858 -0.064840 0.000015
v 0.026559 -0.064118 0.000015
v 0.026246 -0.063364 0.000015
v 0.025920 -0.062577 0.000015
v 0.025579 -0.061754 0.000015
v 0.025223 -0.060894 0.000015
v 0.024851 -0.059996 0.000015
v 0.024463 -0.059058 0.000015
v 0.024058 -0.058081 0.000015
v 0.023636 -0.057062 0.000015
v 0.023196 -0.056001 0.000015
v 0.022739 -0.054897 0.000015
v 0.022264 -0.053750 0.000015
v 0.021771 -0.052559 0.000015
v 0.021259 -0.051323 0.000015
v 0.020728 -0.050042 0.000015
v 0.020179 -0.048716 0.000015
v 0.019611 -0.047345 0.000015
v 0.019024 -0.045929 0.000015
v 0.018419 -0.044467 0.000015
v 0.017795 -0.042960 0.000015
v 0.017152 -0.041408 0.000015
v 0.016490 -0.039809 0.000015
v 0.015808 -0.038165 0.000015
v 0.015108 -0.036473 0.000015
v 0.014388 -0.034735 0.000015
v 0.013648 -0.032948 0.000015
v 0.012887 -0.031113 0.000015
v 0.012107 -0.029228 0.000015
v 0.011305 -0.027292 0.000015
v 0.010482 -0.025305 0.000015
v 0.009636 -0.023264 0.000015
v 0.008769 -0.021170 0.000015
v 0.007878 -0.019019 0.000015
v 0.006964 -0.016812 0.000015
v 0.006025 -0.014546 0.000015
v 0.005061 -0.012219 0.000015
v 0.004072 -0.009830 0.000015
v 0.003056 -0.007377 0.000015
v 0.002012 -0.004857 0.000015
v 0.000940 -0.002270 0.000015
v -0.000161 0.000389 0.000015
v 0.017558 -0.088271 0.029262
v 0.017407 -0.087513 0.024903
v 0.017261 -0.086776 0.021042
v 0.017119 -0.086063 0.017660
v 0.016981 -0.085371 0.014711
v 0.016847 -0.084696 0.012150
v 0.016715 -0.084034 0.009936
v 0.016585 -0.083380 0.008031
v 0.016456 -0.082731 0.006398
v 0.016326 -0.082079 0.005006
v 0.016195 -0.081420 0.003831
v 0.016063 -0.080753 0.002852
v 0.015928 -0.080077 0.002054
v 0.015794 -0.079399 0.001425
v 0.015660 -0.078727 0.000947
v 0.015529 -0.078069 0.000601
v 0.015402 -0.077431 0.000363
v 0.015280 -0.076816 0.000208
v 0.015162 -0.076222 0.000113
v 0.015047 -0.075646 0.000059
v 0.014935 -0.075082 0.000031
v 0.014824 -0.074524 0.000019
v 0.014712 -0.073964 0.000015
v 0.014600 -0.073397 0.000015
v 0.014484 -0.072815 0.000015
v 0.014364 -0.072214 0.000015
v 0.014240 -0.071591 0.000015
v 0.014112 -0.070943 0.000015
v 0.013977 -0.070269 0.000015
v 0.013838 -0.069567 0.000015
v 0.013692 -0.068834 0.000015
v 0.013540 -0.068068 0.000015
v 0.013380 -0.067267 0.000015
v 0.013214 -0.066431 0.000015
v 0.013040 -0.065557 0.000015
v 0.012859 -0.064644 0.000015
v 0.012669 -0.063691 0.000015
v 0.012471 -0.062696 0.000015
v 0.012265 -0.061658 0.000015
v 0.012049 -0.060577 0.000015
v 0.011825 -0.059451 0.000015
v 0.011592 -0.058279 0.000015
v 0.011350 -0.057061 0.000015
v 0.011099 -0.055796 0.000015
v 0.010838 -0.054484 0.000015
v 0.010567 -0.053125 0.000015
v 0.010287 -0.051717 0.000015
v 0.009998 -0.050262 0.000015
v 0.009699 -0.048758 0.000015
v 0.009390 -0.047206 0.000015
v 0.009072 -0.045606 0.000015
v 0.008744 -0.043958 0.000015
v 0.008406 -0.042261 0.000015
v 0.008059 -0.040515 0.000015
v 0.007702 -0.038720 0.000015
v 0.007335 -0.036874 0.000015
v 0.006957 -0.034978 0.000015
v 0.006570 -0.033029 0.000015
v 0.006172 -0.031028 0.000015
v 0.005763 -0.028973 0.000015
v 0.005343 -0.026863 0.000015
v 0.004913 -0.024697 0.000015
v 0.004470 -0.022474 0.000015
v 0.004016 -0.020191 0.000015
v 0.003550 -0.017847 0.000015
v 0.003072 -0.015442 0.000015
v 0.002580 -0.012972 0.000015
v 0.002076 -0.010435 0.000015
v 0.001558 -0.007831 0.000015
v 0.001026 -0.005157 0.000015
v 0.000479 -0.002409 0.000015
v -0.000082 0.000413 0.000015
v 0.000000 -0.090000 0.029262
v 0.000000 -0.089227 0.024903
v 0.000000 -0.088476 0.021042
v 0.000000 -0.087749 0.017660
v 0.000000 -0.087043 0.014711
v 0.000000 -0.086355 0.012150
v 0.000000 -0.085680 0.009936
v 0.000000 -0.085014 0.008031
v 0.000000 -0.084351 0.006398
v 0.000000 -0.083687 0.005006
v 0.000000 -0.083015 0.003831
v 0.000000 -0.082335 0.002852
v -0.000000 -0.081646 0.002054
v -0.000000 -0.080955 0.001425
v -0.000000 -0.080269 0.000947
v -0.000000 -0.079598 0.000601
v -0.000000 -0.078948 0.000363
v -0.000000 -0.078321 0.000208
v -0.000000 -0.077716 0.000113
v -0.000000 -0.077129 0.000059
v -0.000000 -0.076553 0.000031
v -0.000000 -0.075984 0.000019
v -0.000000 -0.075413 0.000015
v -0.000000 -0.074834 0.000015
v -0.000000 -0.074241 0.000015
v -0.000000 -0.073628 0.000015
v -0.000000 -0.072993 0.000015
v -0.000000 -0.072333 0.000015
v -0.000000 -0.071646 0.000015
v -0.000000 -0.070930 0.000015
v -0.000000 -0.070182 0.000015
v -0.000000 -0.069401 0.000015
v -0.000000 -0.068585 0.000015
v -0.000000 -0.067733 0.000015
v -0.000000 -0.066842 0.000015
v -0.000000 -0.065911 0.000015
v -0.000000 -0.064939 0.000015
v -0.000000 -0.063924 0.000015
v -0.000000 -0.062866 0.000015
v -0.000000 -0.061764 0.000015
v -0.000000 -0.060615 0.000015
v -0.000000 -0.059421 0.000015
v -0.000000 -0.058179 0.000015
v -0.000000 -0.056889 0.000015
v -0.000000 -0.055552 0.000015
v -0.000000 -0.054165 0.000015
v -0.000000 -0.052730 0.000015
v -0.000000 -0.051246 0.000015
v -0.000000 -0.049713 0.000015
v -0.000000 -0.048131 0.000015
v -0.000000 -0.046500 0.000015
v -0.000000 -0.044819 0.000015
v -0.000000 -0.043089 0.000015
v -0.000000 -0.041309 0.000015
v -0.000000 -0.039478 0.000015
v -0.000000 -0.037597 0.000015
v -0.000000 -0.035663 0.000015
v -0.000000 -0.033676 0.000015
v -0.000000 -0.031636 0.000015
v -0.000000 -0.029541 0.000015
v -0.000000 -0.027390 0.000015
v -0.000000 -0.025181 0.000015
v -0.000000 -0.022914 0.000015
v -0.000000 -0.020586 0.000015
v -0.000000 -0.018197 0.000015
v -0.000000 -0.015744 0.000015
v -0.000000 -0.013226 0.000015
v -0.000000 -0.010640 0.000015
v -0.000000 -0.007985 0.000015
v -0.000000 -0.005258 0.000015
v -0.000000 -0.002457 0.000015
v -0.000000 0.000421 0.000015
v -0.017558 -0.088271 0.029262
v -0.017407 -0.087513 0.024903
v -0.017261 -0.086776 0.021042
v -0.017119 -0.086063 0.017660
v -0.016981 -0.085371 0.014711
v -0.016847 -0.084696 0.012150
v -0.016715 -0.084034 0.009936
v -0.016585 -0.083380 0.008031
v -0.016456 -0.082731 0.006398
v -0.016326 -0.082079 0.005006
v -0.016195 -0.081420 0.003831
v -0.016063 -0.080753 0.002852
v -0.015928 -0.080077 0.002054
v -0.015793 -0.079399 0.001425
v -0.015660 -0.078727 0.000947
v -0.015529 -0.078069 0.000601
v -0.015402 -0.077431 0.000363
v -0.015280 -0.076816 0.000208
v -0.015162 -0.076222 0.000113
v -0.015047 -0.075647 0.000059
v -0.014935 -0.075082 0.000031
v -0.014824 -0.074524 0.000019
v -0.014712 -0.073964 0.000015
v -0.014599 -0.073397 0.000015
v -0.014484 -0.072815 0.000015
v -0.014364 -0.072214 0.000015
v -0.014240 -0.071591 0.000015
v -0.014111 -0.070943 0.000015
v -0.013977 -0.070269 0.000015
v -0.013838 -0.069567 0.000015
v -0.013692 -0.068834 0.000015
v -0.013539 -0.068068 0.000015
v -0.013380 -0.067267 0.000015
v -0.013214 -0.066431 0.000015
v -0.013040 -0.065557 0.000015
v -0.012859 -0.064644 0.000015
v -0.012669 -0.063691 0.000015
v -0.012471 -0.062696 0.000015
v -0.012265 -0.061658 0.000015
v -0.012049 -0.060577 0.000015
v -0.011825 -0.059451 0.000015
v -0.011592 -0.058279 0.000015
v -0.011350 -0.057061 0.000015
v -0.011099 -0.055796 0.000015
v -0.010838 -0.054484 0.000015
v -0.010567 -0.053125 0.000015
v -0.010287 -0.051717 0.000015
v -0.009998 -0.050262 0.000015
v -0.009699 -0.048758 0.000015
v -0.009390 -0.047206 0.000015
v -0.009072 -0.045606 0.000015
v -0.008744 -0.043958 0.000015
v -0.008406 -0.042261 0.000015
v -0.008059 -0.040515 0.000015
v -0.007702 -0.038720 0.000015
v -0.007335 -0.036874 0.000015
v -0.006957 -0.034978 0.000015
v -0.006570 -0.033029 0.000015
v -0.006172 -0.031028 0.000015
v -0.005763 -0.028973 0.000015
v -0.005343 -0.026863 0.000015
v -0.004913 -0.024697 0.000015
v -0.004470 -0.022474 0.000015
v -0.004016 -0.020191 0.000015
v -0.003550 -0.017847 0.000015
v -0.003072 -0.015442 0.000015
v -0.002580 -0.012972 0.000015
v -0.002076 -0.010435 0.000015
v -0.001558 -0.007831 0.000015
v -0.001026 -0.005157 0.000015
v -0.000479 -0.002409 0.000015
v 0.000082 0.000413 0.000015
v -0.034441 -0.083149 0.029262
v -0.034146 -0.082435 0.024903
v -0.033858 -0.081741 0.021042
v -0.033580 -0.081070 0.017660
v -0.033310 -0.080417 0.014711
v -0.033047 -0.079782 0.012150
v -0.032788 -0.079158 0.009936
v -0.032533 -0.078543 0.008031
v -0.032280 -0.077930 0.006398
v -0.032025 -0.077316 0.005006
v -0.031769 -0.076696 0.003831
v -0.031508 -0.076067 0.002852
v -0.031245 -0.075431 0.002054
v -0.030980 -0.074793 0.001425
v -0.030718 -0.074159 0.000947
v -0.030461 -0.073539 0.000601
v -0.030212 -0.072938 0.000363
v -0.029972 -0.072359 0.000208
v -0.029740 -0.071800 0.000113
v -0.029516 -0.071257 0.000059
v -0.029296 -0.070726 0.000031
v -0.029078 -0.070200 0.000019
v -0.028859 -0.069673 0.000015
v -0.028638 -0.069138 0.000015
v -0.028411 -0.068590 0.000015
v -0.028176 -0.068024 0.000015
v -0.027933 -0.067437 0.000015
v -0.027681 -0.066827 0.000015
v -0.027418 -0.066192 0.000015
v -0.027144 -0.065531 0.000015
v -0.026857 -0.064840 0.000015
v -0.026559 -0.064118 0.000015
v -0.026246 -0.063365 0.000015
v -0.025920 -0.062577 0.000015
v -0.025579 -0.061754 0.000015
v -0.025223 -0.060894 0.000015
v -0.024851 -0.059996 0.000015
v -0.024463 -0.059058 0.000015
v -0.024058 -0.058081 0.000015
v -0.023636 -0.057062 0.000015
v -0.023196 -0.056001 0.000015
v -0.022739 -0.054897 0.000015
v -0.022264 -0.053750 0.000015
v -0.021771 -0.052559 0.000015
v -0.021259 -0.051323 0.000015
v -0.020728 -0.050042 0.000015
v -0.020179 -0.048716 0.000015
v -0.019611 -0.047345 0.000015
v -0.019024 -0.045929 0.000015
v -0.018419 -0.044467 0.000015
v -0.017795 -0.042960 0.000015
v -0.017152 -0.041408 0.000015
v -0.016490 -0.039809 0.000015
v -0.015808 -0.038165 0.000015
v -0.015108 -0.036473 0.000015
v -0.014388 -0.034735 0.000015
v -0.013648 -0.032948 0.000015
v -0.012887 -0.031113 0.000015
v -0.012107 -0.029228 0.000015
v -0.011305 -0.027292 0.000015
v -0.010482 -0.025305 0.000015
v -0.009636 -0.023264 0.000015
v -0.008769 -0.021170 0.000015
v -0.007878 -0.019019 0.000015
v -0.006964 -0.016812 0.000015
v -0.006025 -0.014546 0.000015
v -0.005061 -0.012219 0.000015
v -0.004072 -0.009830 0.000015
v -0.003056 -0.007377 0.000015
v -0.002012 -0.004857 0.000015
v -0.000940 -0.002270 0.000015
v 0.000161 0.000389 0.000015
v -0.050001 -0.074832 0.029262
v -0.049572 -0.074190 0.024903
v -0.049155 -0.073565 0.021042
v -0.048751 -0.072961 0.017660
v -0.048359 -0.072374 0.014711
v -0.047976 -0.071802 0.012150
v -0.047601 -0.071240 0.009936
v -0.047231 -0.070687 0.008031
v -0.046863 -0.070136 0.006398
v -0.046494 -0.069583 0.005006
v -0.046121 -0.069025 0.003831
v -0.045743 -0.068459 0.002852
v -0.045360 -0.067886 0.002054
v -0.044976 -0.067312 0.001425
v -0.044595 -0.066741 0.000947
v -0.044222 -0.066183 0.000601
v -0.043861 -0.065643 0.000363
v -0.043513 -0.065121 0.000208
v -0.043177 -0.064618 0.000113
v -0.042850 -0.064130 0.000059
v -0.042531 -0.063652 0.000031
v -0.042214 -0.063178 0.000019
v -0.041897 -0.062704 0.000015
v -0.041576 -0.062223 0.000015
v -0.041246 -0.061729 0.000015
v -0.040906 -0.061220 0.000015
v -0.040553 -0.060692 0.000015
v -0.040186 -0.060143 0.000015
v -0.039804 -0.059572 0.000015
v -0.039406 -0.058976 0.000015
v -0.038991 -0.058354 0.000015
v -0.038557 -0.057705 0.000015
v -0.038104 -0.057027 0.000015
v -0.037630 -0.056318 0.000015
v -0.037135 -0.055577 0.000015
v -0.036618 -0.054803 0.000015
v -0.036078 -0.053995 0.000015
v -0.035514 -0.053151 0.000015
v -0.034927 -0.052271 0.000015
v -0.034314 -0.051354 0.000015
v -0.033676 -0.050400 0.000015
v -0.033012 -0.049406 0.000015
v -0.032322 -0.048374 0.000015
v -0.031606 -0.047302 0.000015
v -0.030863 -0.046190 0.000015
v -0.030093 -0.045037 0.000015
v -0.029295 -0.043844 0.000015
v -0.028471 -0.042610 0.000015
v -0.027619 -0.041335 0.000015
v -0.026740 -0.040020 0.000015
v -0.025834 -0.038663 0.000015
v -0.024900 -0.037266 0.000015
v -0.023939 -0.035827 0.000015
v -0.022950 -0.034347 0.000015
v -0.021933 -0.032825 0.000015
v -0.020888 -0.031260 0.000015
v -0.019813 -0.029653 0.000015
v -0.018709 -0.028001 0.000015
v -0.017576 -0.026304 0.000015
v -0.016412 -0.024562 0.000015
v -0.015217 -0.022774 0.000015
v -0.013990 -0.020937 0.000015
v -0.012730 -0.019052 0.000015
v -0.011437 -0.017117 0.000015
v -0.010110 -0.015130 0.000015
v -0.008747 -0.013091 0.000015
v -0.007348 -0.010997 0.000015
v -0.005911 -0.008847 0.000015
v -0.004436 -0.006639 0.000015
v -0.002921 -0.004371 0.000015
v -0.001365 -0.002043 0.000015
v 0.000234 0.000350 0.000015
v -0.063640 -0.063640 0.029262
v -0.063093 -0.063093 0.024903
v -0.062562 -0.062562 0.021042
v -0.062048 -0.062048 0.017660
v -0.061549 -0.061549 0.014711
v -0.061062 -0.061062 0.012150
v -0.060585 -0.060585 0.009936
v -0.060114 -0.060114 0.008031
v -0.059645 -0.059645 0.006398
v -0.059175 -0.059175 0.005006
v -0.058701 -0.058701 0.003831
v -0.058219 -0.058219 0.002852
v -0.057733 -0.057733 0.002054
v -0.057244 -0.057244 0.001425
v -0.056759 -0.056759 0.000947
v -0.056284 -0.056284 0.000601
v -0.055825 -0.055825 0.000363
v -0.055381 -0.055381 0.000208
v -0.054953 -0.054953 0.000113
v -0.054538 -0.054538 0.000059
v -0.054131 -0.054131 0.000031
v -0.053729 -0.053729 0.000019
v -0.053325 -0.053325 0.000015
v -0.052916 -0.052916 0.000015
v -0.052496 -0.052496 0.000015
v -0.052063 -0.052063 0.000015
v -0.051614 -0.051614 0.000015
v -0.051147 -0.051147 0.000015
v -0.050661 -0.050661 0.000015
v -0.050155 -0.050155 0.000015
v -0.049626 -0.049626 0.000015
v -0.049074 -0.049074 0.000015
v -0.048497 -0.048497 0.000015
v -0.047894 -0.047894 0.000015
v -0.047264 -0.047264 0.000015
v -0.046606 -0.046606 0.000015
v -0.045919 -0.045919 0.000015
v -0.045201 -0.045201 0.000015
v -0.044453 -0.044453 0.000015
v -0.043673 -0.043673 0.000015
v -0.042861 -0.042861 0.000015
v -0.042017 -0.042017 0.000015
v -0.041139 -0.041139 0.000015
v -0.040227 -0.040227 0.000015
v -0.039281 -0.039281 0.000015
v -0.038301 -0.038301 0.000015
v -0.037286 -0.037286 0.000015
v -0.036237 -0.036237 0.000015
v -0.035153 -0.035153 0.000015
v -0.034034 -0.034034 0.000015
v -0.032880 -0.032880 0.000015
v -0.031692 -0.031692 0.000015
v -0.030469 -0.030469 0.000015
v -0.029210 -0.029210 0.000015
v -0.027915 -0.027915 0.000015
v -0.026585 -0.026585 0.000015
v -0.025217 -0.025217 0.000015
v -0.023813 -0.023813 0.000015
v -0.022370 -0.022370 0.000015
v -0.020888 -0.020888 0.000015
v -0.019367 -0.019367 0.000015
v -0.017806 -0.017806 0.000015
v -0.016203 -0.016203 0.000015
v -0.014557 -0.014557 0.000015
v -0.012867 -0.012867 0.000015
v -0.011133 -0.011133 0.000015
v -0.009352 -0.009352 0.000015
v -0.007524 -0.007524 0.000015
v -0.005646 -0.005646 0.000015
v -0.003718 -0.003718 0.000015
v -0.001737 -0.001737 0.000015
v 0.000298 0.000298 0.000015
v -0.074832 -0.050001 0.029262
v -0.074190 -0.049572 0.024903
v -0.073565 -0.049155 0.021042
v -0.072961 -0.048751 0.017660
v -0.072374 -0.048359 0.014711
v -0.071801 -0.047976 0.012150
v -0.071240 -0.047601 0.009936
v -0.070687 -0.047231 0.008031
v -0.070136 -0.046863 0.006398
v -0.069583 -0.046494 0.005006
v -0.069025 -0.046121 0.003831
v -0.068459 -0.045743 0.002852
v -0.067886 -0.045360 0.002054
v -0.067311 -0.044976 0.001425
v -0.066741 -0.044595 0.000947
v -0.066183 -0.044222 0.000601
v -0.065643 -0.043861 0.000363
v -0.065121 -0.043513 0.000208
v -0.064618 -0.043177 0.000113
v -0.064130 -0.042850 0.000059
v -0.063652 -0.042531 0.000031
v -0.063178 -0.042214 0.000019
v -0.062704 -0.041897 0.000015
v -0.062223 -0.041576 0.000015
v -0.061729 -0.041246 0.000015
v -0.061220 -0.040906 0.000015
v -0.060692 -0.040553 0.000015
v -0.060143 -0.040186 0.000015
v -0.059572 -0.039804 0.000015
v -0.058976 -0.039406 0.000015
v -0.058354 -0.038991 0.000015
v -0.057705 -0.038557 0.000015
v -0.057027 -0.038104 0.000015
v -0.056318 -0.037630 0.000015
v -0.055577 -0.037135 0.000015
v -0.054803 -0.036618 0.000015
v -0.053995 -0.036078 0.000015
v -0.053151 -0.035514 0.000015
v -0.052271 -0.034927 0.000015
v -0.051354 -0.034314 0.000015
v -0.050400 -0.033676 0.000015
v -0.049406 -0.033012 0.000015
v -0.048374 -0.032322 0.000015
v -0.047302 -0.031606 0.000015
v -0.046189 -0.030863 0.000015
v -0.045037 -0.030093 0.000015
v -0.043844 -0.029295 0.000015
v -0.042610 -0.028471 0.000015
v -0.041335 -0.027619 0.000015
v -0.040020 -0.026740 0.000015
v -0.038663 -0.025834 0.000015
v -0.037266 -0.024900 0.000015
v -0.035827 -0.023939 0.000015
v -0.034347 -0.022950 0.000015
v -0.032825 -0.021933 0.000015
v -0.031260 -0.020888 0.000015
v -0.029653 -0.019813 0.000015
v -0.028001 -0.018710 0.000015
v -0.026304 -0.017576 0.000015
v -0.024562 -0.016412 0.000015
v -0.022774 -0.015217 0.000015
v -0.020937 -0.013990 0.000015
v -0.019052 -0.012730 0.000015
v -0.017117 -0.011437 0.000015
v -0.015130 -0.010110 0.000015
v -0.013091 -0.008747 0.000015
v -0.010997 -0.007348 0.000015
v -0.008847 -0.005911 0.000015
v -0.006639 -0.004436 0.000015
v -0.004371 -0.002921 0.000015
v -0.002043 -0.001365 0.000015
v 0.000350 0.000234 0.000015
v -0.083149 -0.034442 0.029262
v -0.082435 -0.034146 0.024903
v -0.081741 -0.033858 0.021042
v -0.081070 -0.033580 0.017660
v -0.080417 -0.033310 0.014711
v -0.079782 -0.033047 0.012150
v -0.079158 -0.032788 0.009936
v -0.078543 -0.032533 0.008031
v -0.077930 -0.032280 0.006398
v -0.077316 -0.032026 0.005006
v -0.076696 -0.031769 0.003831
v -0.076067 -0.031508 0.002852
v -0.075431 -0.031245 0.002054
v -0.074793 -0.030980 0.001425
v -0.074159 -0.030718 0.000947
v -0.073539 -0.030461 0.000601
v -0.072938 -0.030212 0.000363
v -0.072359 -0.029972 0.000208
v -0.071800 -0.029741 0.000113
v -0.071257 -0.029516 0.000059
v -0.070726 -0.029296 0.000031
v -0.070200 -0.029078 0.000019
v -0.069673 -0.028859 0.000015
v -0.069138 -0.028638 0.000015
v -0.068590 -0.028411 0.000015
v -0.068024 -0.028176 0.000015
v -0.067437 -0.027933 0.000015
v -0.066827 -0.027681 0.000015
v -0.066192 -0.027418 0.000015
v -0.065531 -0.027144 0.000015
v -0.064840 -0.026858 0.000015
v -0.064118 -0.026559 0.000015
v -0.063364 -0.026246 0.000015
v -0.062577 -0.025920 0.000015
v -0.061754 -0.025579 0.000015
v -0.060894 -0.025223 0.000015
v -0.059996 -0.024851 0.000015
v -0.059058 -0.024463 0.000015
v -0.058081 -0.024058 0.000015
v -0.057062 -0.023636 0.000015
v -0.056001 -0.023196 0.000015
v -0.054897 -0.022739 0.000015
v -0.053750 -0.022264 0.000015
v -0.052559 -0.021771 0.000015
v -0.051323 -0.021259 0.000015
v -0.050042 -0.020728 0.000015
v -0.048716 -0.020179 0.000015
v -0.047345 -0.019611 0.000015
v -0.045929 -0.019024 0.000015
v -0.044467 -0.018419 0.000015
v -0.042960 -0.017795 0.000015
v -0.041408 -0.017152 0.000015
v -0.039809 -0.016490 0.000015
v -0.038165 -0.015808 0.000015
v -0.036473 -0.015108 0.000015
v -0.034735 -0.014388 0.000015
v -0.032948 -0.013648 0.000015
v -0.031113 -0.012887 0.000015
v -0.029228 -0.012107 0.000015
v -0.027292 -0.011305 0.000015
v -0.025305 -0.010482 0.000015
v -0.023264 -0.009636 0.000015
v -0.021170 -0.008769 0.000015
v -0.019019 -0.007878 0.000015
v -0.016812 -0.006964 0.000015
v -0.014546 -0.006025 0.000015
v -0.012219 -0.005061 0.000015
v -0.009830 -0.004072 0.000015
v -0.007377 -0.003056 0.000015
v -0.004857 -0.002012 0.000015
v -0.002270 -0.000940 0.000015
v 0.000389 0.000161 0.000015
v -0.088271 -0.017558 0.029262
v -0.087513 -0.017407 0.024903
v -0.086776 -0.017261 0.021042
v -0.086063 -0.017119 0.017660
v -0.085371 -0.016981 0.014711
v -0.084696 -0.016847 0.012150
v -0.084034 -0.016715 0.009936
v -0.083380 -0.016585 0.008031
v -0.082731 -0.016456 0.006398
v -0.082079 -0.016326 0.005006
v -0.081420 -0.016196 0.003831
v -0.080753 -0.016063 0.002852
v -0.080077 -0.015928 0.002054
v -0.079399 -0.015794 0.001425
v -0.078727 -0.015660 0.000947
v -0.078069 -0.015529 0.000601
v -0.077431 -0.015402 0.000363
v -0.076816 -0.015280 0.000208
v -0.076222 -0.015162 0.000113
v -0.075646 -0.015047 0.000059
v -0.075082 -0.014935 0.000031
v -0.074524 -0.014824 0.000019
v -0.073964 -0.014712 0.000015
v -0.073397 -0.014600 0.000015
v -0.072815 -0.014484 0.000015
v -0.072214 -0.014364 0.000015
v -0.071591 -0.014240 0.000015
v -0.070943 -0.014112 0.000015
v -0.070269 -0.013977 0.000015
v -0.069567 -0.013838 0.000015
v -0.068834 -0.013692 0.000015
v -0.068068 -0.013540 0.000015
v -0.067267 -0.013380 0.000015
v -0.066431 -0.013214 0.000015
v -0.065557 -0.013040 0.000015
v -0.064644 -0.012859 0.000015
v -0.063691 -0.012669 0.000015
v -0.062696 -0.012471 0.000015
v -0.061658 -0.012265 0.000015
v -0.060577 -0.012049 0.000015
v -0.059451 -0.011825 0.000015
v -0.058279 -0.011592 0.000015
v -0.057061 -0.011350 0.000015
v -0.055796 -0.011099 0.000015
v -0.054484 -0.010838 0.000015
v -0.053125 -0.010567 0.000015
v -0.051717 -0.010287 0.000015
v -0.050262 -0.009998 0.000015
v -0.048758 -0.009699 0.000015
v -0.047206 -0.009390 0.000015
v -0.045606 -0.009072 0.000015
v -0.043958 -0.008744 0.000015
v -0.042261 -0.008406 0.000015
v -0.040515 -0.008059 0.000015
v -0.038720 -0.007702 0.000015
v -0.036874 -0.007335 0.000015
v -0.034978 -0.006957 0.000015
v -0.033029 -0.006570 0.000015
v -0.031028 -0.006172 0.000015
v -0.028973 -0.005763 0.000015
v -0.026863 -0.005343 0.000015
v -0.024697 -0.004913 0.000015
v -0.022474 -0.004470 0.000015
v -0.020191 -0.004016 0.000015
v -0.017847 -0.003550 0.000015
v -0.015442 -0.003072 0.000015
v -0.012972 -0.002580 0.000015
v -0.010435 -0.002076 0.000015
v -0.007831 -0.001558 0.000015
v -0.005157 -0.001026 0.000015
v -0.002409 -0.000479 0.000015
v 0.000413 0.000082 0.000015
v -0.090000 0.000000 0.029262
v -0.089227 0.000000 0.024903
v -0.088476 0.000000 0.021042
v -0.087749 0.000000 0.017660
v -0.087043 0.000000 0.014711
v -0.086355 0.000000 0.012150
v -0.085680 0.000000 0.009936
v -0.085014 0.000000 0.008031
v -0.084351 0.000000 0.006398
v -0.083687 0.000000 0.005006
v -0.083015 0.000000 0.003831
v -0.082335 0.000000 0.002852
v -0.081646 0.000000 0.002054
v -0.080955 0.000000 0.001425
v -0.080269 0.000000 0.000947
v -0.079598 0.000000 0.000601
v -0.078948 0.000000 0.000363
v -0.078321 0.000000 0.000208
v -0.077716 0.000000 0.000113
v -0.077129 0.000000 0.000059
v -0.076553 0.000000 0.000031
v -0.075984 0.000000 0.000019
v -0.075413 0.000000 0.000015
v -0.074834 0.000000 0.000015
v -0.074241 0.000000 0.000015
v -0.073628 0.000000 0.000015
v -0.072993 0.000000 0.000015
v -0.072333 0.000000 0.000015
v -0.071646 0.000000 0.000015
v -0.070930 0.000000 0.000015
v -0.070182 0.000000 0.000015
v -0.069401 0.000000 0.000015
v -0.068585 0.000000 0.000015
v -0.067733 0.000000 0.000015
v -0.066842 0.000000 0.000015
v -0.065911 0.000000 0.000015
v -0.064939 0.000000 0.000015
v -0.063924 0.000000 0.000015
v -0.062866 0.000000 0.000015
v -0.061764 0.000000 0.000015
v -0.060615 0.000000 0.000015
v -0.059421 0.000000 0.000015
v -0.058179 0.000000 0.000015
v -0.056889 0.000000 0.000015
v -0.055552 0.000000 0.000015
v -0.054165 0.000000 0.000015
v -0.052730 0.000000 0.000015
v -0.051246 0.000000 0.000015
v -0.049713 0.000000 0.000015
v -0.048131 0.000000 0.000015
v -0.046500 0.000000 0.000015
v -0.044819 0.000000 0.000015
v -0.043089 0.000000 0.000015
v -0.041309 0.000000 0.000015
v -0.039478 0.000000 0.000015
v -0.037597 0.000000 0.000015
v -0.035663 0.000000 0.000015
v -0.033676 0.000000 0.000015
v -0.031636 0.000000 0.000015
v -0.029541 0.000000 0.000015
v -0.027390 0.000000 0.000015
v -0.025181 0.000000 0.000015
v -0.022914 0.000000 0.000015
v -0.020586 0.000000 0.000015
v -0.018197 0.000000 0.000015
v -0.015744 0.000000 0.000015
v -0.013226 0.000000 0.000015
v -0.010640 0.000000 0.000015
v -0.007985 0.000000 0.000015
v -0.005258 0.000000 0.000015
v -0.002457 0.000000 0.000015
v 0.000421 0.000000 0.000015
v -0.088271 0.017558 0.029262
v -0.087513 0.017407 0.024903
v -0.086776 0.017261 0.021042
v -0.086063 0.017119 0.017660
v -0.085371 0.016981 0.014711
v -0.084696 0.016847 0.012150
v -0.084034 0.016715 0.009936
v -0.083380 0.016585 0.008031
v -0.082731 0.016456 0.006398
v -0.082079 0.016326 0.005006
v -0.081420 0.016195 0.003831
v -0.080753 0.016063 0.002852
v -0.080077 0.015928 0.002054
v -0.079399 0.015793 0.001425
v -0.078727 0.015660 0.000947
v -0.078069 0.015529 0.000601
v -0.077431 0.015402 0.000363
v -0.076816 0.015280 0.000208
v -0.076222 0.015162 0.000113
v -0.075647 0.015047 0.000059
v -0.075082 0.014935 0.000031
v -0.074524 0.014824 0.000019
v -0.073964 0.014712 0.000015
v -0.073397 0.014599 0.000015
v -0.072815 0.014484 0.000015
v -0.072214 0.014364 0.000015
v -0.071591 0.014240 0.000015
v -0.070943 0.014111 0.000015
v -0.070269 0.013977 0.000015
v -0.069567 0.013838 0.000015
v -0.068834 0.013692 0.000015
v -0.068068 0.013539 0.000015
v -0.067267 0.013380 0.000015
v -0.066431 0.013214 0.000015
v -0.065557 0.013040 0.000015
v -0.064644 0.012859 0.000015
v -0.063691 0.012669 0.000015
v -0.062696 0.012471 0.000015
v -0.061658 0.012265 0.000015
v -0.060577 0.012049 0.000015
v -0.059451 0.011825 0.000015
v -0.058279 0.011592 0.000015
v -0.057061 0.011350 0.000015
v -0.055796 0.011099 0.000015
v -0.054484 0.010838 0.000015
v -0.053125 0.010567 0.000015
v -0.051717 0.010287 0.000015
v -0.050262 0.009998 0.000015
v -0.048758 0.009699 0.000015
v -0.047206 0.009390 0.000015
v -0.045606 0.009072 0.000015
v -0.043958 0.008744 0.000015
v -0.042261 0.008406 0.000015
v -0.040515 0.008059 0.000015
v -0.038720 0.007702 0.000015
v -0.036874 0.007335 0.000015
v -0.034978 0.006957 0.000015
v -0.033029 0.006570 0.000015
v -0.031028 0.006172 0.000015
v -0.028973 0.005763 0.000015
v -0.026863 0.005343 0.000015
v -0.024697 0.004913 0.000015
v -0.022474 0.004470 0.000015
v -0.020191 0.004016 0.000015
v -0.017847 0.003550 0.000015
v -0.015442 0.003072 0.000015
v -0.012972 0.002580 0.000015
v -0.010435 0.002076 0.000015
v -0.007831 0.001558 0.000015
v -0.005157 0.001026 0.000015
v -0.002409 0.000479 0.000015
v 0.000413 -0.000082 0.000015
v -0.083149 0.034441 0.029262
v -0.082435 0.034146 0.024903
v -0.081741 0.033858 0.021042
v -0.081070 0.033580 0.017660
v -0.080417 0.033310 0.014711
v -0.079782 0.033047 0.012150
v -0.079158 0.032788 0.009936
v -0.078543 0.032533 0.008031
v -0.077930 0.032280 0.006398
v -0.077316 0.032025 0.005006
v -0.076696 0.031769 0.003831
v -0.076067 0.031508 0.002852
v -0.075431 0.031245 0.002054
v -0.074793 0.030980 0.001425
v -0.074159 0.030718 0.000947
v -0.073539 0.030461 0.000601
v -0.072938 0.030212 0.000363
v -0.072359 0.029972 0.000208
v -0.071800 0.029740 0.000113
v -0.071257 0.029516 0.000059
v -0.070726 0.029296 0.000031
v -0.070200 0.029078 0.000019
v -0.069673 0.028859 0.000015
v -0.069138 0.028638 0.000015
v -0.068590 0.028411 0.000015
v -0.068024 0.028176 0.000015
v -0.067437 0.027933 0.000015
v -0.066827 0.027681 0.000015
v -0.066192 0.027418 0.000015
v -0.065531 0.027144 0.000015
v -0.064840 0.026857 0.000015
v -0.064118 0.026559 0.000015
v -0.063365 0.026246 0.000015
v -0.062577 0.025920 0.000015
v -0.061754 0.025579 0.000015
v -0.060894 0.025223 0.000015
v -0.059996 0.024851 0.000015
v -0.059058 0.024463 0.000015
v -0.058081 0.024058 0.000015
v -0.057062 0.023636 0.000015
v -0.056001 0.023196 0.000015
v -0.054897 0.022739 0.000015
v -0.053750 0.022264 0.000015
v -0.052559 0.021771 0.000015
v -0.051323 0.021259 0.000015
v -0.050042 0.020728 0.000015
v -0.048716 0.020179 0.000015
v -0.047345 0.019611 0.000015
v -0.045929 0.019024 0.000015
v -0.044467 0.018419 0.000015
v -0.042960 0.017795 0.000015
v -0.041408 0.017152 0.000015
v -0.039809 0.016490 0.000015
v -0.038165 0.015808 0.000015
v -0.036473 0.015108 0.000015
v -0.034735 0.014388 0.000015
v -0.032948 0.013648 0.000015
v -0.031113 0.012887 0.000015
v -0.029228 0.012107 0.000015
v -0.027292 0.011305 0.000015
v -0.025305 0.010482 0.000015
v -0.023264 0.009636 0.000015
v -0.021170 0.008769 0.000015
v -0.019019 0.007878 0.000015
v -0.016812 0.006964 0.000015
v -0.014546 0.006025 0.000015
v -0.012219 0.005061 0.000015
v -0.009830 0.004072 0.000015
v -0.007377 0.003056 0.000015
v -0.004857 0.002012 0.000015
v -0.002270 0.000940 0.000015
v 0.000389 -0.000161 0.000015
v -0.074832 0.050001 0.029262
v -0.074190 0.049572 0.024903
v -0.073565 0.049155 0.021042
v -0.072961 0.048751 0.017660
v -0.072374 0.048359 0.014711
v -0.071802 0.047976 0.012150
v -0.071240 0.047601 0.009936
v -0.070687 0.047231 0.008031
v -0.070136 0.046863 0.006398
v -0.069583 0.046494 0.005006
v -0.069025 0.046121 0.003831
v -0.068459 0.045743 0.002852
v -0.067886 0.045360 0.002054
v -0.067312 0.044976 0.001425
v -0.066741 0.044595 0.000947
v -0.066183 0.044222 0.000601
v -0.065643 0.043861 0.000363
v -0.065121 0.043513 0.000208
v -0.064618 0.043177 0.000113
v -0.064130 0.042850 0.000059
v -0.063652 0.042531 0.000031
v -0.063178 0.042214 0.000019
v -0.062704 0.041897 0.000015
v -0.062223 0.041576 0.000015
v -0.061729 0.041246 0.000015
v -0.061220 0.040906 0.000015
v -0.060692 0.040553 0.000015
v -0.060143 0.040186 0.000015
v -0.059572 0.039804 0.000015
v -0.058976 0.039406 0.000015
v -0.058354 0.038991 0.000015
v -0.057705 0.038557 0.000015
v -0.057027 0.038104 0.000015
v -0.056318 0.037630 0.000015
v -0.055577 0.037135 0.000015
v -0.054803 0.036618 0.000015
v -0.053995 0.036078 0.000015
v -0.053151 0.035514 0.000015
v -0.052271 0.034927 0.000015
v -0.051355 0.034314 0.000015
v -0.050400 0.033676 0.000015
v -0.049406 0.033012 0.000015
v -0.048374 0.032322 0.000015
v -0.047302 0.031606 0.000015
v -0.046190 0.030863 0.000015
v -0.045037 0.030093 0.000015
v -0.043844 0.029295 0.000015
v -0.042610 0.028471 0.000015
v -0.041335 0.027619 0.000015
v -0.040020 0.026740 0.000015
v -0.038663 0.025834 0.000015
v -0.037266 0.024900 0.000015
v -0.035827 0.023939 0.000015
v -0.034347 0.022950 0.000015
v -0.032825 0.021933 0.000015
v -0.031260 0.020888 0.000015
v -0.029653 0.019813 0.000015
v -0.028001 0.018709 0.000015
v -0.026304 0.017576 0.000015
v -0.024562 0.016412 0.000015
v -0.022774 0.015217 0.000015
v -0.020937 0.013990 0.000015
v -0.019052 0.012730 0.000015
v -0.017117 0.011437 0.000015
v -0.015130 0.010110 0.000015
v -0.013091 0.008747 0.000015
v -0.010997 0.007348 0.000015
v -0.008847 0.005911 0.000015
v -0.006639 0.004436 0.000015
v -0.004371 0.002921 0.000015
v -0.002043 0.001365 0.000015
v 0.000350 -0.000234 0.000015
v -0.063640 0.063640 0.029262
v -0.063093 0.063093 0.024903
v -0.062562 0.062562 0.021042
v -0.062048 0.062048 0.017660
v -0.061549 0.061549 0.014711
v -0.061062 0.061062 0.012150
v -0.060585 0.060585 0.009936
v -0.060114 0.060114 0.008031
v -0.059645 0.059645 0.006398
v -0.059175 0.059175 0.005006
v -0.058701 0.058701 0.003831
v -0.058220 0.058219 0.002852
v -0.057733 0.057733 0.002054
v -0.057244 0.057244 0.001425
v -0.056759 0.056759 0.000947
v -0.056284 0.056284 0.000601
v -0.055825 0.055825 0.000363
v -0.055381 0.055381 0.000208
v -0.054953 0.054953 0.000113
v -0.054538 0.054538 0.000059
v -0.054131 0.054131 0.000031
v -0.053729 0.053729 0.000019
v -0.053325 0.053325 0.000015
v -0.052916 0.052916 0.000015
v -0.052496 0.052496 0.000015
v -0.052063 0.052063 0.000015
v -0.051614 0.051614 0.000015
v -0.051147 0.051147 0.000015
v -0.050661 0.050661 0.000015
v -0.050155 0.050155 0.000015
v -0.049626 0.049626 0.000015
v -0.049074 0.049074 0.000015
v -0.048497 0.048497 0.000015
v -0.047894 0.047894 0.000015
v -0.047264 0.047264 0.000015
v -0.046606 0.046606 0.000015
v -0.045919 0.045919 0.000015
v -0.045201 0.045201 0.000015
v -0.044453 0.044453 0.000015
v -0.043673 0.043673 0.000015
v -0.042861 0.042861 0.000015
v -0.042017 0.042017 0.000015
v -0.041139 0.041139 0.000015
v -0.040227 0.040227 0.000015
v -0.039281 0.039281 0.000015
v -0.038301 0.038301 0.000015
v -0.037286 0.037286 0.000015
v -0.036237 0.036237 0.000015
v -0.035153 0.035153 0.000015
v -0.034034 0.034034 0.000015
v -0.032880 0.032880 0.000015
v -0.031692 0.031692 0.000015
v -0.030469 0.030469 0.000015
v -0.029210 0.029210 0.000015
v -0.027915 0.027915 0.000015
v -0.026585 0.026585 0.000015
v -0.025217 0.025217 0.000015
v -0.023813 0.023813 0.000015
v -0.022370 0.022370 0.000015
v -0.020888 0.020888 0.000015
v -0.019367 0.019367 0.000015
v -0.017806 0.017806 0.000015
v -0.016203 0.016203 0.000015
v -0.014557 0.014557 0.000015
v -0.012867 0.012867 0.000015
v -0.011133 0.011133 0.000015
v -0.009352 0.009352 0.000015
v -0.007524 0.007524 0.000015
v -0.005646 0.005646 0.000015
v -0.003718 0.003718 0.000015
v -0.001737 0.001737 0.000015
v 0.000298 -0.000298 0.000015
v -0.050001 0.074832 0.029262
v -0.049572 0.074190 0.024903
v -0.049155 0.073565 0.021042
v -0.048751 0.072961 0.017660
v -0.048359 0.072374 0.014711
v -0.047976 0.071802 0.012150
v -0.047601 0.071240 0.009936
v -0.047231 0.070687 0.008031
v -0.046863 0.070136 0.006398
v -0.046494 0.069583 0.005006
v -0.046121 0.069025 0.003831
v -0.045743 0.068459 0.002852
v -0.045360 0.067886 0.002054
v -0.044976 0.067312 0.001425
v -0.044595 0.066741 0.000947
v -0.044222 0.066183 0.000601
v -0.043861 0.065643 0.000363
v -0.043513 0.065121 0.000208
v -0.043177 0.064618 0.000113
v -0.042850 0.064130 0.000059
v -0.042531 0.063652 0.000031
v -0.042214 0.063178 0.000019
v -0.041897 0.062704 0.000015
v -0.041576 0.062223 0.000015
v -0.041246 0.061729 0.000015
v -0.040906 0.061220 0.000015
v -0.040553 0.060692 0.000015
v -0.040186 0.060143 0.000015
v -0.039804 0.059572 0.000015
v -0.039406 0.058976 0.000015
v -0.038991 0.058354 0.000015
v -0.038557 0.057705 0.000015
v -0.038104 0.057027 0.000015
v -0.037630 0.056318 0.000015
v -0.037135 0.055577 0.000015
v -0.036618 0.054803 0.000015
v -0.036078 0.053995 0.000015
v -0.035514 0.053151 0.000015
v -0.034927 0.052271 0.000015
v -0.034314 0.051354 0.000015
v -0.033676 0.050400 0.000015
v -0.033012 0.049406 0.000015
v -0.032322 0.048374 0.000015
v -0.031606 0.047302 0.000015
v -0.030863 0.046189 0.000015
v -0.030093 0.045037 0.000015
v -0.029295 0.043844 0.000015
v -0.028471 0.042610 0.000015
v -0.027619 0.041335 0.000015
v -0.026740 0.040020 0.000015
v -0.025834 0.038663 0.000015
v -0.024900 0.037266 0.000015
v -0.023939 0.035827 0.000015
v -0.022950 0.034347 0.000015
v -0.021933 0.032825 0.000015
v -0.020888 0.031260 0.000015
v -0.019813 0.029653 0.000015
v -0.018710 0.028001 0.000015
v -0.017576 0.026304 0.000015
v -0.016412 0.024562 0.000015
v -0.015217 0.022774 0.000015
v -0.013990 0.020937 0.000015
v -0.012730 0.019052 0.000015
v -0.011437 0.017117 0.000015
v -0.010110 0.015130 0.000015
v -0.008747 0.013091 0.000015
v -0.007348 0.010997 0.000015
v -0.005911 0.008847 0.000015
v -0.004436 0.006639 0.000015
v -0.002921 0.004371 0.000015
v -0.001365 0.002043 0.000015
v 0.000234 -0.000350 0.000015
v -0.034442 0.083149 0.029262
v -0.034146 0.082435 0.024903
v -0.033858 0.081741 0.021042
v -0.033580 0.081070 0.017660
v -0.033310 0.080417 0.014711
v -0.033047 0.079782 0.012150
v -0.032788 0.079158 0.009936
v -0.032534 0.078543 0.008031
v -0.032280 0.077930 0.006398
v -0.032026 0.077316 0.005006
v -0.031769 0.076696 0.003831
v -0.031508 0.076067 0.002852
v -0.031245 0.075431 0.002054
v -0.030980 0.074793 0.001425
v -0.030718 0.074159 0.000947
v -0.030461 0.073539 0.000601
v -0.030212 0.072938 0.000363
v -0.029972 0.072359 0.000208
v -0.029741 0.071800 0.000113
v -0.029516 0.071257 0.000059
v -0.029296 0.070726 0.000031
v -0.029078 0.070200 0.000019
v -0.028859 0.069673 0.000015
v -0.028638 0.069138 0.000015
v -0.028411 0.068590 0.000015
v -0.028176 0.068024 0.000015
v -0.027933 0.067437 0.000015
v -0.027681 0.066827 0.000015
v -0.027418 0.066192 0.000015
v -0.027144 0.065531 0.000015
v -0.026858 0.064840 0.000015
v -0.026559 0.064118 0.000015
v -0.026246 0.063365 0.000015
v -0.025920 0.062577 0.000015
v -0.025579 0.061754 0.000015
v -0.025223 0.060894 0.000015
v -0.024851 0.059996 0.000015
v -0.024463 0.059058 0.000015
v -0.024058 0.058081 0.000015
v -0.023636 0.057062 0.000015
v -0.023196 0.056001 0.000015
v -0.022739 0.054897 0.000015
v -0.022264 0.053750 0.000015
v -0.021771 0.052559 0.000015
v -0.021259 0.051323 0.000015
v -0.020728 0.050042 0.000015
v -0.020179 0.048716 0.000015
v -0.019611 0.047345 0.000015
v -0.019024 0.045929 0.000015
v -0.018419 0.044467 0.000015
v -0.017795 0.042960 0.000015
v -0.017152 0.041408 0.000015
v -0.016490 0.039809 0.000015
v -0.015808 0.038165 0.000015
v -0.015108 0.036473 0.000015
v -0.014388 0.034735 0.000015
v -0.013648 0.032948 0.000015
v -0.012887 0.031113 0.000015
v -0.012107 0.029228 0.000015
v -0.011305 0.027292 0.000015
v -0.010482 0.025305 0.000015
v -0.009636 0.023264 0.000015
v -0.008769 0.021170 0.000015
v -0.007878 0.019019 0.000015
v -0.006964 0.016812 0.000015
v -0.006025 0.014546 0.000015
v -0.005061 0.012219 0.000015
v -0.004072 0.009830 0.000015
v -0.003056 0.007377 0.000015
v -0.002012 0.004857 0.000015
v -0.000940 0.002270 0.000015
v 0.000161 -0.000389 0.000015
v -0.017558 0.088271 0.029262
v -0.017407 0.087513 0.024903
v -0.017261 0.086776 0.021042
v -0.017119 0.086063 0.017660
v -0.016981 0.085371 0.014711
v -0.016847 0.084696 0.012150
v -0.016715 0.084034 0.009936
v -0.016585 0.083381 0.008031
v -0.016456 0.082731 0.006398
v -0.016326 0.082079 0.005006
v -0.016196 0.081420 0.003831
v -0.016063 0.080753 0.002852
v -0.015928 0.080077 0.002054
v -0.015794 0.079399 0.001425
v -0.015660 0.078727 0.000947
v -0.015529 0.078069 0.000601
v -0.015402 0.077431 0.000363
v -0.015280 0.076816 0.000208
v -0.015162 0.076222 0.000113
v -0.015047 0.075647 0.000059
v -0.014935 0.075082 0.000031
v -0.014824 0.074524 0.000019
v -0.014712 0.073964 0.000015
v -0.014600 0.073397 0.000015
v -0.014484 0.072815 0.000015
v -0.014364 0.072214 0.000015
v -0.014240 0.071591 0.000015
v -0.014112 0.070943 0.000015
v -0.013978 0.070269 0.000015
v -0.013838 0.069567 0.000015
v -0.013692 0.068834 0.000015
v -0.013540 0.068068 0.000015
v -0.013380 0.067267 0.000015
v -0.013214 0.066431 0.000015
v -0.013040 0.065557 0.000015
v -0.012859 0.064644 0.000015
v -0.012669 0.063691 0.000015
v -0.012471 0.062696 0.000015
v -0.012265 0.061658 0.000015
v -0.012049 0.060577 0.000015
v -0.011825 0.059451 0.000015
v -0.011592 0.058279 0.000015
v -0.011350 0.057061 0.000015
v -0.011099 0.055796 0.000015
v -0.010838 0.054484 0.000015
v -0.010567 0.053125 0.000015
v -0.010287 0.051717 0.000015
v -0.009998 0.050262 0.000015
v -0.009699 0.048758 0.000015
v -0.009390 0.047206 0.000015
v -0.009072 0.045606 0.000015
v -0.008744 0.043958 0.000015
v -0.008406 0.042261 0.000015
v -0.008059 0.040515 0.000015
v -0.007702 0.038720 0.000015
v -0.007335 0.036874 0.000015
v -0.006957 0.034978 0.000015
v -0.006570 0.033029 0.000015
v -0.006172 0.031028 0.000015
v -0.005763 0.028973 0.000015
v -0.005343 0.026863 0.000015
v -0.004913 0.024697 0.000015
v -0.004470 0.022474 0.000015
v -0.004016 0.020191 0.000015
v -0.003550 0.017847 0.000015
v -0.003072 0.015442 0.000015
v -0.002580 0.012972 0.000015
v -0.002076 0.010435 0.000015
v -0.001558 0.007831 0.000015
v -0.001026 0.005157 0.000015
v -0.000479 0.002409 0.000015
v 0.000082 -0.000413 0.000015
vn -0.0000 -0.0000 1.0000
vn -0.0000 -0.0065 1.0000
vn -0.0000 -0.0003 1.0000
vn -0.0001 -0.0004 1.0000
vn -0.0012 -0.0064 1.0000
vn -0.0965 -0.9801 0.1737
vn -0.0962 -0.9770 0.1901
vn -0.0958 -0.9732 0.2092
vn -0.0954 -0.9682 0.2315
vn -0.0947 -0.9615 0.2581
vn -0.0938 -0.9523 0.2903
vn -0.0926 -0.9400 0.3284
vn -0.0909 -0.9228 0.3744
vn -0.0885 -0.8989 0.4292
vn -0.0853 -0.8654 0.4938
vn -0.0806 -0.8183 0.5691
vn -0.0743 -0.7543 0.6523
vn -0.0661 -0.6712 0.7383
vn -0.0561 -0.5694 0.8202
vn -0.0449 -0.4560 0.8889
vn -0.0337 -0.3419 0.9391
vn -0.0235 -0.2388 0.9708
vn -0.0152 -0.1546 0.9879
vn -0.0090 -0.0909 0.9958
vn -0.0000 -0.0512 0.9987
vn -0.0100 -0.0502 0.9987
vn -0.0000 -0.0196 0.9998
vn -0.0023 -0.0097 1.0000
vn -0.0037 -0.0192 0.9998
vn -0.0000 -0.0068 1.0000
vn -0.0007 -0.0066 1.0000
vn -0.2824 -0.9309 0.2318
vn -0.2804 -0.9245 0.2583
vn -0.2778 -0.9158 0.2901
vn -0.2742 -0.9038 0.3286
vn -0.2692 -0.8873 0.3745
vn -0.2622 -0.8643 0.4293
vn -0.2524 -0.8319 0.4942
vn -0.2387 -0.7871 0.5688
vn -0.2200 -0.7254 0.6523
vn -0.1958 -0.6453 0.7384
vn -0.1661 -0.5474 0.8202
vn -0.1330 -0.4384 0.8889
vn -0.0998 -0.3288 0.9391
vn -0.0697 -0.2298 0.9707
vn -0.0450 -0.1483 0.9879
vn -0.0265 -0.0874 0.9958
vn -0.0194 -0.0474 0.9987
vn -0.0015 -0.0070 1.0000
vn -0.0060 -0.0200 0.9998
vn -0.0020 -0.0061 1.0000
vn -0.0002 -0.0005 1.0000
vn -0.2859 -0.9424 0.1736
vn -0.2850 -0.9395 0.1901
vn -0.2839 -0.9358 0.2092
vn -0.0731 -0.1367 0.9879
vn -0.0431 -0.0806 0.9958
vn -0.0283 -0.0426 0.9987
vn -0.0284 -0.0426 0.9987
vn -0.0098 -0.0183 0.9998
vn -0.0032 -0.0064 1.0000
vn -0.0032 -0.0056 1.0000
vn -0.0002 -0.0003 1.0000
vn -0.4642 -0.8685 0.1737
vn -0.4628 -0.8658 0.1901
vn -0.4610 -0.8624 0.2091
vn -0.4586 -0.8579 0.2318
vn -0.4554 -0.8520 0.2583
vn -0.4511 -0.8440 0.2902
vn -0.4452 -0.8329 0.3288
vn -0.4371 -0.8178 0.3743
vn -0.4257 -0.7965 0.4293
vn -0.4099 -0.7669 0.4939
vn -0.3877 -0.7252 0.5690
vn -0.3573 -0.6684 0.6523
vn -0.3180 -0.5949 0.7382
vn -0.2696 -0.5045 0.8202
vn -0.2161 -0.4042 0.8888
vn -0.1621 -0.3032 0.9390
vn -0.1133 -0.2119 0.9707
vn -0.6071 -0.7397 0.2904
vn -0.5992 -0.7301 0.3285
vn -0.5883 -0.7169 0.3740
vn -0.5730 -0.6982 0.4292
vn -0.5516 -0.6721 0.4940
vn -0.5216 -0.6356 0.5692
vn -0.4811 -0.5862 0.6518
vn -0.4277 -0.5212 0.7385
vn -0.3630 -0.4423 0.8201
vn -0.2907 -0.3542 0.8888
vn -0.2182 -0.2658 0.9390
vn -0.1524 -0.1857 0.9707
vn -0.0983 -0.1198 0.9879
vn -0.0579 -0.0706 0.9958
vn -0.0362 -0.0362 0.9987
vn -0.0132 -0.0160 0.9998
vn -0.0046 -0.0055 1.0000
vn -0.0045 -0.0055 1.0000
vn -0.0046 -0.0046 1.0000
vn -0.0003 -0.0003 1.0000
vn -0.6248 -0.7612 0.1737
vn -0.6228 -0.7589 0.1900
vn -0.6204 -0.7560 0.2090
vn -0.6171 -0.7520 0.2318
vn -0.6129 -0.7468 0.2583
vn -0.0160 -0.0132 0.9998
vn -0.0055 -0.0045 1.0000
vn -0.0056 -0.0032 1.0000
vn -0.0003 -0.0002 1.0000
vn -0.7612 -0.6248 0.1737
vn -0.7589 -0.6228 0.1900
vn -0.7560 -0.6204 0.2090
vn -0.7520 -0.6171 0.2318
vn -0.7468 -0.6128 0.2585
vn -0.7397 -0.6071 0.2903
vn -0.7301 -0.5992 0.3285
vn -0.7169 -0.5883 0.3740
vn -0.6982 -0.5730 0.4292
vn -0.6721 -0.5516 0.4940
vn -0.6356 -0.5216 0.5692
vn -0.5862 -0.4811 0.6518
vn -0.5215 -0.4280 0.7382
vn -0.4422 -0.3629 0.8202
vn -0.3543 -0.2908 0.8887
vn -0.2656 -0.2179 0.9391
vn -0.1857 -0.1524 0.9707
vn -0.1198 -0.0983 0.9879
vn -0.0706 -0.0579 0.9958
vn -0.0426 -0.0284 0.9987
vn -0.0427 -0.0284 0.9987
vn -0.7966 -0.4260 0.4290
vn -0.7666 -0.4098 0.4943
vn -0.7252 -0.3877 0.5690
vn -0.6687 -0.3574 0.6519
vn -0.5946 -0.3178 0.7386
vn -0.5046 -0.2697 0.8202
vn -0.4045 -0.2162 0.8886
vn -0.3031 -0.1620 0.9391
vn -0.2118 -0.1132 0.9707
vn -0.1370 -0.0732 0.9879
vn -0.0806 -0.0431 0.9958
vn -0.0473 -0.0194 0.9987
vn -0.0183 -0.0098 0.9998
vn -0.0064 -0.0032 1.0000
vn -0.0061 -0.0020 1.0000
vn -0.0003 -0.0001 1.0000
vn -0.8685 -0.4642 0.1737
vn -0.8658 -0.4628 0.1901
vn -0.8624 -0.4610 0.2091
vn -0.8579 -0.4586 0.2318
vn -0.8519 -0.4554 0.2585
vn -0.8440 -0.4511 0.2900
vn -0.8330 -0.4452 0.3284
vn -0.8178 -0.4371 0.3743
vn -0.0004 -0.0001 1.0000
vn -0.0063 -0.0012 1.0000
vn -0.9424 -0.2859 0.1737
vn -0.9395 -0.2850 0.1900
vn -0.9358 -0.2839 0.2092
vn -0.9309 -0.2824 0.2318
vn -0.9245 -0.2804 0.2583
vn -0.9157 -0.2778 0.2904
vn -0.9037 -0.2741 0.3289
vn -0.8873 -0.2692 0.3746
vn -0.8643 -0.2622 0.4293
vn -0.8320 -0.2524 0.4941
vn -0.7871 -0.2387 0.5688
vn -0.7254 -0.2200 0.6523
vn -0.6453 -0.1958 0.7384
vn -0.5475 -0.1661 0.8202
vn -0.4390 -0.1332 0.8886
vn -0.3289 -0.0998 0.9391
vn -0.2298 -0.0697 0.9707
vn -0.1483 -0.0450 0.9879
vn -0.0874 -0.0265 0.9958
vn -0.0502 -0.0100 0.9987
vn -0.0199 -0.0060 0.9998
vn -0.0192 -0.0037 0.9998
vn -0.0192 -0.0038 0.9998
vn -0.0063 -0.0019 1.0000
vn -0.0066 -0.0013 1.0000
vn -0.8183 -0.0806 0.5690
vn -0.7543 -0.0743 0.6523
vn -0.6711 -0.0661 0.7384
vn -0.5694 -0.0561 0.8202
vn -0.4560 -0.0449 0.8889
vn -0.3419 -0.0337 0.9391
vn -0.2388 -0.0235 0.9708
vn -0.1546 -0.0152 0.9879
vn -0.0909 -0.0090 0.9958
vn -0.0512 -0.0000 0.9987
vn -0.0196 -0.0000 0.9998
vn -0.0065 -0.0000 1.0000
vn -0.0067 -0.0000 1.0000
vn -0.0003 -0.0000 1.0000
vn -0.9800 -0.0965 0.1738
vn -0.9771 -0.0962 0.1899
vn -0.9732 -0.0958 0.2092
vn -0.9681 -0.0954 0.2318
vn -0.9615 -0.0947 0.2581
vn -0.9523 -0.0938 0.2903
vn -0.9400 -0.0926 0.3284
vn -0.9227 -0.0909 0.3746
vn -0.8987 -0.0886 0.4295
vn -0.8652 -0.0852 0.4942
vn -0.9801 0.0965 0.1737
vn -0.9770 0.0962 0.1901
vn -0.9732 0.0958 0.2092
vn -0.9681 0.0954 0.2318
vn -0.9615 0.0947 0.2581
vn -0.9523 0.0938 0.2903
vn -0.9399 0.0926 0.3286
vn -0.9227 0.0909 0.3746
vn -0.8989 0.0885 0.4290
vn -0.8652 0.0852 0.4942
vn -0.8183 0.0806 0.5691
vn -0.7543 0.0743 0.6523
vn -0.6711 0.0661 0.7384
vn -0.5693 0.0561 0.8202
vn -0.4559 0.0449 0.8889
vn -0.3418 0.0337 0.9392
vn -0.2389 0.0235 0.9708
vn -0.1546 0.0152 0.9879
vn -0.0909 0.0090 0.9958
vn -0.0502 0.0100 0.9987
vn -0.0097 0.0023 1.0000
vn -0.0192 0.0038 0.9998
vn -0.0063 0.0012 1.0000
vn -0.0065 0.0007 1.0000
vn -0.0004 0.0001 1.0000
vn -0.6454 0.1958 0.7383
vn -0.5475 0.1661 0.8201
vn -0.4390 0.1332 0.8886
vn -0.3287 0.0997 0.9391
vn -0.2297 0.0697 0.9708
vn -0.1483 0.0450 0.9879
vn -0.0874 0.0265 0.9958
vn -0.0473 0.0194 0.9987
vn -0.0070 0.0016 1.0000
vn -0.0199 0.0060 0.9998
vn -0.0061 0.0020 1.0000
vn -0.0003 0.0001 1.0000
vn -0.9424 0.2859 0.1736
vn -0.9395 0.2850 0.1901
vn -0.9358 0.2839 0.2092
vn -0.9309 0.2824 0.2318
vn -0.9245 0.2804 0.2583
vn -0.9158 0.2778 0.2901
vn -0.9038 0.2742 0.3286
vn -0.8873 0.2692 0.3746
vn -0.8643 0.2622 0.4293
vn -0.8321 0.2524 0.4938
vn -0.7871 0.2387 0.5688
vn -0.7254 0.2200 0.6523
vn -0.8685 0.4642 0.1737
vn -0.8658 0.4628 0.1901
vn -0.8624 0.4610 0.2091
vn -0.8579 0.4586 0.2315
vn -0.8520 0.4554 0.2583
vn -0.8440 0.4511 0.2902
vn -0.8330 0.4452 0.3284
vn -0.8177 0.4371 0.3746
vn -0.7966 0.4261 0.4289
vn -0.7667 0.4098 0.4942
vn -0.7252 0.3877 0.5690
vn -0.6687 0.3574 0.6519
vn -0.5947 0.3179 0.7384
vn -0.5045 0.2696 0.8202
vn -0.4041 0.2160 0.8888
vn -0.3030 0.1619 0.9391
vn -0.2119 0.1133 0.9707
vn -0.1370 0.0732 0.9879
vn -0.0806 0.0431 0.9958
vn -0.0426 0.0284 0.9987
vn -0.0427 0.0283 0.9987
vn -0.0183 0.0098 0.9998
vn -0.0064 0.0032 1.0000
vn -0.0056 0.0032 1.0000
vn -0.0003 0.0002 1.0000
vn -0.3543 0.2908 0.8888
vn -0.2656 0.2179 0.9391
vn -0.1858 0.1525 0.9707
vn -0.1197 0.0983 0.9879
vn -0.0705 0.0579 0.9958
vn -0.0362 0.0362 0.9987
vn -0.0160 0.0132 0.9998
vn -0.0055 0.0045 1.0000
vn -0.0046 0.0046 1.0000
vn -0.0003 0.0003 1.0000
vn -0.7612 0.6248 0.1737
vn -0.7589 0.6228 0.1900
vn -0.7560 0.6204 0.2090
vn -0.7520 0.6171 0.2318
vn -0.7468 0.6129 0.2583
vn -0.7397 0.6071 0.2904
vn -0.7301 0.5992 0.3285
vn -0.7168 0.5883 0.3743
vn -0.6982 0.5730 0.4292
vn -0.6721 0.5516 0.4940
vn -0.6356 0.5216 0.5692
vn -0.5862 0.4811 0.6518
vn -0.5215 0.4280 0.7382
vn -0.4422 0.3629 0.8202
vn -0.6248 0.7612 0.1737
vn -0.6228 0.7589 0.1900
vn -0.6204 0.7560 0.2090
vn -0.6171 0.7520 0.2318
vn -0.6129 0.7468 0.2583
vn -0.6071 0.7397 0.2904
vn -0.5992 0.7301 0.3285
vn -0.5883 0.7169 0.3740
vn -0.5730 0.6982 0.4292
vn -0.5516 0.6721 0.4940
vn -0.5216 0.6356 0.5692
vn -0.4810 0.5860 0.6521
vn -0.4278 0.5213 0.7384
vn -0.3630 0.4423 0.8201
vn -0.2907 0.3542 0.8888
vn -0.2179 0.2656 0.9391
vn -0.1525 0.1858 0.9707
vn -0.0983 0.1198 0.9879
vn -0.0579 0.0706 0.9958
vn -0.0284 0.0426 0.9987
vn -0.0284 0.0427 0.9987
vn -0.0132 0.0160 0.9998
vn -0.0045 0.0055 1.0000
vn -0.0032 0.0056 1.0000
vn -0.0002 0.0003 1.0000
vn -0.2696 0.5045 0.8202
vn -0.2161 0.4042 0.8888
vn -0.1620 0.3031 0.9391
vn -0.1132 0.2118 0.9707
vn -0.0731 0.1367 0.9879
vn -0.0431 0.0807 0.9958
vn -0.0194 0.0473 0.9987
vn -0.0098 0.0182 0.9998
vn -0.0032 0.0064 1.0000
vn -0.0020 0.0061 1.0000
vn -0.0002 0.0005 1.0000
vn -0.4642 0.8685 0.1737
vn -0.4628 0.8658 0.1901
vn -0.4610 0.8624 0.2091
vn -0.4586 0.8579 0.2318
vn -0.4554 0.8520 0.2583
vn -0.4511 0.8440 0.2902
vn -0.4452 0.8329 0.3288
vn -0.4371 0.8177 0.3746
vn -0.4257 0.7965 0.4293
vn -0.4098 0.7666 0.4943
vn -0.3877 0.7252 0.5690
vn -0.3574 0.6687 0.6519
vn -0.3180 0.5949 0.7382
vn -0.2850 0.9395 0.1901
vn -0.2839 0.9358 0.2092
vn -0.2824 0.9309 0.2317
vn -0.2804 0.9244 0.2584
vn -0.2778 0.9157 0.2904
vn -0.2742 0.9038 0.3286
vn -0.2692 0.8873 0.3746
vn -0.2622 0.8643 0.4293
vn -0.2524 0.8320 0.4941
vn -0.2387 0.7871 0.5688
vn -0.2200 0.7254 0.6523
vn -0.1958 0.6453 0.7385
vn -0.1958 0.6452 0.7385
vn -0.1661 0.5475 0.8201
vn -0.1330 0.4384 0.8889
vn -0.0998 0.3292 0.9390
vn -0.0697 0.2298 0.9707
vn -0.0450 0.1483 0.9879
vn -0.0265 0.0874 0.9958
vn -0.0100 0.0502 0.9987
vn -0.0060 0.0199 0.9998
vn -0.0037 0.0192 0.9998
vn -0.0019 0.0063 1.0000
vn -0.0012 0.0063 1.0000
vn -0.0013 0.0067 1.0000
vn -0.0001 0.0004 1.0000
vn -0.2859 0.9424 0.1736
vn -0.0337 0.3423 0.9390
vn -0.0235 0.2388 0.9708
vn -0.0152 0.1541 0.9879
vn -0.0090 0.0909 0.9958
vn -0.0000 0.0512 0.9987
vn -0.0000 0.0196 0.9998
vn -0.0000 0.0065 1.0000
vn -0.0000 0.0068 1.0000
vn -0.0000 0.0003 1.0000
vn -0.0965 0.9801 0.1737
vn -0.0962 0.9770 0.1901
vn -0.0958 0.9732 0.2092
vn -0.0954 0.9682 0.2315
vn -0.0947 0.9614 0.2582
vn -0.0938 0.9523 0.2903
vn -0.0926 0.9400 0.3284
vn -0.0909 0.9229 0.3741
vn -0.0885 0.8989 0.4292
vn -0.0852 0.8652 0.4941
vn -0.0806 0.8183 0.5691
vn -0.0743 0.7545 0.6520
vn -0.0661 0.6713 0.7383
vn -0.0561 0.5693 0.8202
vn -0.0449 0.4561 0.8888
vn 0.0954 0.9682 0.2315
vn 0.0947 0.9615 0.2581
vn 0.0938 0.9523 0.2903
vn 0.0926 0.9400 0.3284
vn 0.0909 0.9228 0.3744
vn 0.0885 0.8989 0.4292
vn 0.0852 0.8652 0.4941
vn 0.0806 0.8183 0.5691
vn 0.0743 0.7543 0.6523
vn 0.0661 0.6712 0.7383
vn 0.0561 0.5693 0.8202
vn 0.0449 0.4560 0.8889
vn 0.0337 0.3421 0.9390
vn 0.0235 0.2388 0.9708
vn 0.0152 0.1546 0.9879
vn 0.0090 0.0909 0.9958
vn 0.0100 0.0502 0.9987
vn 0.0023 0.0097 1.0000
vn 0.0037 0.0192 0.9998
vn 0.0012 0.0064 1.0000
vn 0.0007 0.0066 1.0000
vn 0.0001 0.0004 1.0000
vn 0.0965 0.9801 0.1737
vn 0.0962 0.9770 0.1901
vn 0.0958 0.9732 0.2092
vn 0.0450 0.1483 0.9879
vn 0.0265 0.0874 0.9958
vn 0.0194 0.0473 0.9987
vn 0.0016 0.0070 1.0000
vn 0.0060 0.0199 0.9998
vn 0.0020 0.0061 1.0000
vn 0.0002 0.0005 1.0000
vn 0.2859 0.9424 0.1736
vn 0.2850 0.9395 0.1901
vn 0.2839 0.9358 0.2092
vn 0.2824 0.9309 0.2318
vn 0.2804 0.9245 0.2583
vn 0.2778 0.9158 0.2901
vn 0.2743 0.9039 0.3284
vn 0.2692 0.8873 0.3744
vn 0.2622 0.8644 0.4290
vn 0.2524 0.8320 0.4941
vn 0.2387 0.7871 0.5688
vn 0.2200 0.7254 0.6523
vn 0.1958 0.6453 0.7384
vn 0.1661 0.5474 0.8202
vn 0.1330 0.4384 0.8889
vn 0.0998 0.3290 0.9390
vn 0.0697 0.2297 0.9708
vn 0.4511 0.8440 0.2902
vn 0.4452 0.8330 0.3286
vn 0.4371 0.8177 0.3745
vn 0.4258 0.7966 0.4291
vn 0.4098 0.7667 0.4942
vn 0.3877 0.7252 0.5690
vn 0.3573 0.6684 0.6523
vn 0.3181 0.5951 0.7380
vn 0.2695 0.5042 0.8204
vn 0.2161 0.4042 0.8888
vn 0.1619 0.3030 0.9391
vn 0.1133 0.2119 0.9707
vn 0.0731 0.1367 0.9879
vn 0.0431 0.0806 0.9958
vn 0.0283 0.0426 0.9987
vn 0.0284 0.0426 0.9987
vn 0.0098 0.0184 0.9998
vn 0.0032 0.0064 1.0000
vn 0.0032 0.0056 1.0000
vn 0.0002 0.0003 1.0000
vn 0.4642 0.8685 0.1737
vn 0.4628 0.8658 0.1901
vn 0.4610 0.8624 0.2091
vn 0.4586 0.8579 0.2318
vn 0.4554 0.8520 0.2583
vn 0.0362 0.0362 0.9987
vn 0.0132 0.0160 0.9998
vn 0.0046 0.0055 1.0000
vn 0.0045 0.0055 1.0000
vn 0.0046 0.0046 1.0000
vn 0.0003 0.0003 1.0000
vn 0.6247 0.7613 0.1738
vn 0.6228 0.7589 0.1900
vn 0.6204 0.7560 0.2090
vn 0.6171 0.7520 0.2318
vn 0.6129 0.7468 0.2583
vn 0.6071 0.7397 0.2903
vn 0.5992 0.7300 0.3287
vn 0.5883 0.7169 0.3740
vn 0.5730 0.6982 0.4292
vn 0.5516 0.6721 0.4940
vn 0.5216 0.6356 0.5692
vn 0.4811 0.5862 0.6518
vn 0.4277 0.5212 0.7385
vn 0.3630 0.4423 0.8201
vn 0.2907 0.3542 0.8888
vn 0.2182 0.2658 0.9390
vn 0.1524 0.1857 0.9707
vn 0.0983 0.1197 0.9879
vn 0.0579 0.0706 0.9958
vn 0.7169 0.5883 0.3740
vn 0.6982 0.5730 0.4292
vn 0.6721 0.5516 0.4940
vn 0.6356 0.5216 0.5692
vn 0.5862 0.4811 0.6518
vn 0.5215 0.4280 0.7382
vn 0.4422 0.3629 0.8202
vn 0.3543 0.2908 0.8887
vn 0.2656 0.2179 0.9391
vn 0.1857 0.1524 0.9707
vn 0.1198 0.0983 0.9879
vn 0.0706 0.0579 0.9958
vn 0.0426 0.0284 0.9987
vn 0.0427 0.0284 0.9987
vn 0.0160 0.0132 0.9998
vn 0.0055 0.0045 1.0000
vn 0.0056 0.0032 1.0000
vn 0.0003 0.0002 1.0000
vn 0.7613 0.6247 0.1738
vn 0.7589 0.6228 0.1900
vn 0.7560 0.6204 0.2090
vn 0.7520 0.6171 0.2317
vn 0.7467 0.6129 0.2584
vn 0.7397 0.6071 0.2903
vn 0.7301 0.5992 0.3287
vn 0.0003 0.0001 1.0000
vn 0.0061 0.0020 1.0000
vn 0.8685 0.4642 0.1737
vn 0.8658 0.4628 0.1901
vn 0.8624 0.4610 0.2091
vn 0.8579 0.4586 0.2317
vn 0.8520 0.4554 0.2584
vn 0.8440 0.4511 0.2902
vn 0.8330 0.4452 0.3284
vn 0.8178 0.4371 0.3743
vn 0.7966 0.4260 0.4290
vn 0.7666 0.4098 0.4943
vn 0.7252 0.3877 0.5690
vn 0.6687 0.3574 0.6519
vn 0.5948 0.3179 0.7384
vn 0.5045 0.2696 0.8202
vn 0.4045 0.2162 0.8886
vn 0.3031 0.1620 0.9391
vn 0.2118 0.1132 0.9707
vn 0.1370 0.0732 0.9879
vn 0.0806 0.0431 0.9958
vn 0.0473 0.0194 0.9987
vn 0.0183 0.0098 0.9998
vn 0.0064 0.0032 1.0000
vn 0.7871 0.2387 0.5688
vn 0.7254 0.2200 0.6523
vn 0.6452 0.1958 0.7385
vn 0.5475 0.1661 0.8201
vn 0.4390 0.1332 0.8886
vn 0.3289 0.0998 0.9391
vn 0.2298 0.0697 0.9707
vn 0.1483 0.0450 0.9879
vn 0.0874 0.0265 0.9958
vn 0.0502 0.0100 0.9987
vn 0.0199 0.0060 0.9998
vn 0.0192 0.0038 0.9998
vn 0.0063 0.0019 1.0000
vn 0.0063 0.0012 1.0000
vn 0.0066 0.0013 1.0000
vn 0.0004 0.0001 1.0000
vn 0.9424 0.2859 0.1737
vn 0.9395 0.2850 0.1901
vn 0.9358 0.2839 0.2092
vn 0.9309 0.2824 0.2317
vn 0.9244 0.2804 0.2584
vn 0.9157 0.2778 0.2904
vn 0.9037 0.2741 0.3289
vn 0.8873 0.2692 0.3746
vn 0.8643 0.2622 0.4293
vn 0.8320 0.2524 0.4941
vn 0.9801 0.0965 0.1737
vn 0.9770 0.0962 0.1901
vn 0.9732 0.0958 0.2092
vn 0.9681 0.0954 0.2318
vn 0.9614 0.0947 0.2582
vn 0.9523 0.0938 0.2903
vn 0.9400 0.0926 0.3284
vn 0.9227 0.0909 0.3746
vn 0.8989 0.0885 0.4292
vn 0.8652 0.0852 0.4941
vn 0.8183 0.0806 0.5690
vn 0.7543 0.0743 0.6523
vn 0.6711 0.0661 0.7384
vn 0.5693 0.0561 0.8202
vn 0.4560 0.0449 0.8889
vn 0.3419 0.0337 0.9391
vn 0.2388 0.0235 0.9708
vn 0.1546 0.0152 0.9879
vn 0.0909 0.0090 0.9958
vn 0.0512 -0.0000 0.9987
vn 0.0196 -0.0000 0.9998
vn 0.0065 -0.0000 1.0000
vn 0.0067 -0.0000 1.0000
vn 0.0003 -0.0000 1.0000
vn 0.9681 -0.0954 0.2318
vn 0.9615 -0.0947 0.2581
vn 0.9523 -0.0938 0.2903
vn 0.9399 -0.0926 0.3286
vn 0.9227 -0.0909 0.3746
vn 0.8989 -0.0885 0.4292
vn 0.8652 -0.0852 0.4941
vn 0.8183 -0.0806 0.5691
vn 0.7543 -0.0743 0.6523
vn 0.6711 -0.0661 0.7384
vn 0.5692 -0.0561 0.8203
vn 0.4559 -0.0449 0.8889
vn 0.3418 -0.0337 0.9392
vn 0.2389 -0.0235 0.9708
vn 0.1546 -0.0152 0.9879
vn 0.0911 -0.0090 0.9958
vn 0.0502 -0.0100 0.9987
vn 0.0097 -0.0023 1.0000
vn 0.0192 -0.0038 0.9998
vn 0.0063 -0.0012 1.0000
vn 0.0065 -0.0007 1.0000
vn 0.0004 -0.0001 1.0000
vn 0.9801 -0.0965 0.1737
vn 0.9770 -0.0962 0.1901
vn 0.9732 -0.0958 0.2092
vn 0.1483 -0.0450 0.9879
vn 0.0873 -0.0265 0.9958
vn 0.0473 -0.0194 0.9987
vn 0.0070 -0.0016 1.0000
vn 0.0199 -0.0060 0.9998
vn 0.0061 -0.0020 1.0000
vn 0.0003 -0.0001 1.0000
vn 0.9424 -0.2859 0.1736
vn 0.9395 -0.2850 0.1901
vn 0.9358 -0.2839 0.2092
vn 0.9309 -0.2824 0.2318
vn 0.9245 -0.2804 0.2583
vn 0.9158 -0.2778 0.2901
vn 0.9038 -0.2741 0.3286
vn 0.8873 -0.2692 0.3744
vn 0.8643 -0.2622 0.4293
vn 0.8320 -0.2524 0.4940
vn 0.7871 -0.2387 0.5688
vn 0.7254 -0.2200 0.6523
vn 0.6454 -0.1958 0.7383
vn 0.5473 -0.1660 0.8203
vn 0.4390 -0.1332 0.8886
vn 0.3287 -0.0997 0.9391
vn 0.2297 -0.0697 0.9708
vn 0.8440 -0.4511 0.2902
vn 0.8330 -0.4452 0.3285
vn 0.8177 -0.4371 0.3745
vn 0.7964 -0.4258 0.4295
vn 0.7667 -0.4098 0.4942
vn 0.7252 -0.3877 0.5690
vn 0.6687 -0.3574 0.6519
vn 0.5949 -0.3180 0.7382
vn 0.5042 -0.2695 0.8204
vn 0.4041 -0.2160 0.8888
vn 0.3030 -0.1619 0.9391
vn 0.2119 -0.1133 0.9707
vn 0.1370 -0.0732 0.9879
vn 0.0806 -0.0431 0.9958
vn 0.0426 -0.0284 0.9987
vn 0.0427 -0.0283 0.9987
vn 0.0183 -0.0098 0.9998
vn 0.0064 -0.0032 1.0000
vn 0.0056 -0.0032 1.0000
vn 0.0003 -0.0002 1.0000
vn 0.8685 -0.4642 0.1737
vn 0.8658 -0.4628 0.1901
vn 0.8624 -0.4610 0.2091
vn 0.8579 -0.4586 0.2318
vn 0.8520 -0.4554 0.2583
vn 0.0362 -0.0362 0.9987
vn 0.0160 -0.0132 0.9998
vn 0.0055 -0.0045 1.0000
vn 0.0046 -0.0046 1.0000
vn 0.0003 -0.0003 1.0000
vn 0.7613 -0.6247 0.1738
vn 0.7589 -0.6228 0.1900
vn 0.7560 -0.6204 0.2090
vn 0.7520 -0.6171 0.2318
vn 0.7468 -0.6129 0.2583
vn 0.7397 -0.6071 0.2903
vn 0.7300 -0.5992 0.3287
vn 0.7168 -0.5883 0.3743
vn 0.6981 -0.5729 0.4294
vn 0.6721 -0.5514 0.4942
vn 0.6356 -0.5216 0.5692
vn 0.5862 -0.4811 0.6518
vn 0.5215 -0.4280 0.7382
vn 0.4420 -0.3628 0.8204
vn 0.3543 -0.2908 0.8888
vn 0.2656 -0.2179 0.9391
vn 0.1858 -0.1525 0.9707
vn 0.1197 -0.0983 0.9879
vn 0.0705 -0.0579 0.9958
vn 0.5883 -0.7169 0.3740
vn 0.5730 -0.6982 0.4292
vn 0.5516 -0.6721 0.4939
vn 0.5216 -0.6356 0.5692
vn 0.4811 -0.5862 0.6518
vn 0.4278 -0.5213 0.7384
vn 0.3629 -0.4422 0.8202
vn 0.2907 -0.3542 0.8888
vn 0.2179 -0.2656 0.9391
vn 0.1525 -0.1858 0.9707
vn 0.0983 -0.1198 0.9879
vn 0.0579 -0.0706 0.9958
vn 0.0284 -0.0426 0.9987
vn 0.0284 -0.0427 0.9987
vn 0.0132 -0.0160 0.9998
vn 0.0045 -0.0055 1.0000
vn 0.0032 -0.0056 1.0000
vn 0.0002 -0.0003 1.0000
vn 0.6247 -0.7613 0.1738
vn 0.6228 -0.7589 0.1900
vn 0.6204 -0.7560 0.2090
vn 0.6171 -0.7520 0.2317
vn 0.6129 -0.7467 0.2584
vn 0.6071 -0.7397 0.2903
vn 0.5992 -0.7301 0.3287
vn 0.0031 -0.0058 1.0000
vn 0.0020 -0.0061 1.0000
vn 0.0025 -0.0062 1.0000
vn 0.0002 -0.0005 1.0000
vn 0.4642 -0.8685 0.1737
vn 0.4628 -0.8658 0.1901
vn 0.4610 -0.8624 0.2091
vn 0.4586 -0.8579 0.2317
vn 0.4554 -0.8520 0.2584
vn 0.4511 -0.8440 0.2902
vn 0.4452 -0.8330 0.3286
vn 0.4371 -0.8177 0.3745
vn 0.4258 -0.7966 0.4291
vn 0.4098 -0.7667 0.4942
vn 0.3877 -0.7252 0.5690
vn 0.3574 -0.6687 0.6519
vn 0.3179 -0.5948 0.7384
vn 0.2696 -0.5045 0.8202
vn 0.2161 -0.4042 0.8888
vn 0.1620 -0.3031 0.9391
vn 0.1132 -0.2118 0.9707
vn 0.0731 -0.1367 0.9879
vn 0.0431 -0.0807 0.9958
vn 0.0194 -0.0473 0.9987
vn 0.0098 -0.0182 0.9998
vn 0.0074 -0.0180 0.9998
vn 0.0075 -0.0181 0.9998
vn 0.2524 -0.8320 0.4940
vn 0.2387 -0.7871 0.5688
vn 0.2200 -0.7254 0.6523
vn 0.1958 -0.6453 0.7384
vn 0.1661 -0.5474 0.8203
vn 0.1330 -0.4384 0.8889
vn 0.0998 -0.3292 0.9390
vn 0.0697 -0.2298 0.9707
vn 0.0450 -0.1483 0.9879
vn 0.0265 -0.0874 0.9958
vn 0.0100 -0.0502 0.9987
vn 0.0100 -0.0501 0.9987
vn 0.0037 -0.0192 0.9998
vn 0.0012 -0.0063 1.0000
vn 0.0013 -0.0067 1.0000
vn 0.0001 -0.0004 1.0000
vn 0.2859 -0.9424 0.1737
vn 0.2850 -0.9395 0.1901
vn 0.2839 -0.9358 0.2092
vn 0.2824 -0.9309 0.2317
vn 0.2804 -0.9244 0.2584
vn 0.2778 -0.9157 0.2904
vn 0.2741 -0.9038 0.3286
vn 0.2692 -0.8873 0.3744
vn 0.2622 -0.8644 0.4290
vn 0.0965 -0.9801 0.1737
vn 0.0962 -0.9770 0.1901
vn 0.0958 -0.9732 0.2092
vn 0.0952 -0.9682 0.2313
vn 0.0947 -0.9614 0.2582
vn 0.0938 -0.9523 0.2903
vn 0.0926 -0.9400 0.3284
vn 0.0909 -0.9229 0.3741
vn 0.0885 -0.8989 0.4292
vn 0.0852 -0.8652 0.4941
vn 0.0806 -0.8183 0.5691
vn 0.0743 -0.7546 0.6520
vn 0.0743 -0.7545 0.6520
vn 0.0661 -0.6713 0.7383
vn 0.0561 -0.5693 0.8202
vn 0.0449 -0.4561 0.8888
vn 0.0337 -0.3419 0.9391
vn 0.0235 -0.2388 0.9708
vn 0.0152 -0.1541 0.9879
vn 0.0090 -0.0909 0.9958
vn -0.0000 -0.0000 -1.0000
vn -0.0000 0.0066 -1.0000
vn 0.0015 0.0064 -1.0000
vn 0.0001 0.0008 -1.0000
vn -0.0000 0.0007 -1.0000
vn 0.0965 0.9800 -0.1738
vn 0.0962 0.9770 -0.1901
vn 0.0958 0.9732 -0.2092
vn 0.0953 0.9681 -0.2317
vn 0.0947 0.9614 -0.2583
vn 0.0938 0.9523 -0.2903
vn 0.0926 0.9399 -0.3288
vn 0.0909 0.9227 -0.3745
vn 0.0885 0.8989 -0.4291
vn 0.0852 0.8651 -0.4943
vn 0.0806 0.8186 -0.5686
vn 0.0743 0.7547 -0.6518
vn 0.0662 0.6716 -0.7380
vn 0.0562 0.5708 -0.8192
vn 0.0451 0.4579 -0.8879
vn 0.0339 0.3438 -0.9384
vn 0.0237 0.2402 -0.9704
vn 0.0153 0.1554 -0.9877
vn 0.0090 0.0915 -0.9958
vn -0.0000 0.0438 -0.9990
vn 0.0085 0.0431 -0.9990
vn -0.0000 0.0439 -0.9990
vn -0.0000 0.0190 -0.9998
vn 0.0036 0.0186 -0.9998
vn -0.0000 0.0063 -1.0000
vn 0.0013 0.0063 -1.0000
vn 0.2824 0.9309 -0.2317
vn 0.2805 0.9245 -0.2582
vn 0.2779 0.9158 -0.2900
vn 0.2741 0.9038 -0.3287
vn 0.2691 0.8873 -0.3746
vn 0.2622 0.8644 -0.4290
vn 0.2524 0.8319 -0.4943
vn 0.2388 0.7870 -0.5689
vn 0.2202 0.7259 -0.6516
vn 0.1960 0.6460 -0.7377
vn 0.1665 0.5489 -0.8192
vn 0.1334 0.4399 -0.8881
vn 0.1003 0.3305 -0.9385
vn 0.0703 0.2314 -0.9703
vn 0.0454 0.1495 -0.9877
vn 0.0267 0.0880 -0.9958
vn 0.0167 0.0405 -0.9990
vn 0.0076 0.0175 -0.9998
vn 0.0025 0.0057 -1.0000
vn 0.0026 0.0060 -1.0000
vn 0.0003 0.0007 -1.0000
vn 0.2859 0.9424 -0.1738
vn 0.2850 0.9395 -0.1901
vn 0.2839 0.9358 -0.2092
vn 0.0735 0.1374 -0.9878
vn 0.0434 0.0811 -0.9958
vn 0.0243 0.0366 -0.9990
vn 0.0108 0.0157 -0.9998
vn 0.0035 0.0051 -1.0000
vn 0.0037 0.0054 -1.0000
vn 0.0004 0.0006 -1.0000
vn 0.4642 0.8685 -0.1737
vn 0.4628 0.8658 -0.1901
vn 0.4609 0.8624 -0.2092
vn 0.4585 0.8579 -0.2317
vn 0.4554 0.8520 -0.2584
vn 0.4511 0.8439 -0.2904
vn 0.4453 0.8330 -0.3284
vn 0.4371 0.8177 -0.3745
vn 0.4257 0.7965 -0.4293
vn 0.4098 0.7668 -0.4941
vn 0.3878 0.7254 -0.5687
vn 0.3576 0.6690 -0.6515
vn 0.3181 0.5951 -0.7380
vn 0.2705 0.5059 -0.8191
vn 0.2168 0.4056 -0.8879
vn 0.1628 0.3045 -0.9385
vn 0.1138 0.2129 -0.9704
vn 0.6071 0.7398 -0.2902
vn 0.5992 0.7301 -0.3285
vn 0.5882 0.7167 -0.3746
vn 0.5730 0.6982 -0.4292
vn 0.5514 0.6719 -0.4944
vn 0.5216 0.6355 -0.5693
vn 0.4812 0.5864 -0.6517
vn 0.4280 0.5215 -0.7381
vn 0.3637 0.4432 -0.8193
vn 0.2917 0.3554 -0.8880
vn 0.2192 0.2672 -0.9384
vn 0.1532 0.1867 -0.9704
vn 0.0991 0.1207 -0.9877
vn 0.0584 0.0711 -0.9958
vn 0.0310 0.0310 -0.9990
vn 0.0134 0.0134 -0.9998
vn 0.0045 0.0045 -1.0000
vn 0.0046 0.0046 -1.0000
vn 0.0005 0.0005 -1.0000
vn 0.6247 0.7613 -0.1738
vn 0.6228 0.7589 -0.1901
vn 0.6204 0.7559 -0.2091
vn 0.6171 0.7520 -0.2317
vn 0.6128 0.7467 -0.2586
vn 0.0157 0.0108 -0.9998
vn 0.0051 0.0035 -1.0000
vn 0.0054 0.0037 -1.0000
vn 0.0006 0.0004 -1.0000
vn 0.7613 0.6247 -0.1738
vn 0.7589 0.6228 -0.1901
vn 0.7559 0.6204 -0.2091
vn 0.7520 0.6171 -0.2317
vn 0.7467 0.6128 -0.2586
vn 0.7398 0.6071 -0.2902
vn 0.7301 0.5992 -0.3285
vn 0.7167 0.5882 -0.3746
vn 0.6982 0.5730 -0.4292
vn 0.6721 0.5516 -0.4940
vn 0.6358 0.5217 -0.5689
vn 0.5864 0.4812 -0.6517
vn 0.5218 0.4283 -0.7378
vn 0.4431 0.3636 -0.8194
vn 0.3554 0.2917 -0.8880
vn 0.2672 0.2192 -0.9384
vn 0.1868 0.1533 -0.9704
vn 0.1208 0.0991 -0.9877
vn 0.0711 0.0584 -0.9958
vn 0.0366 0.0243 -0.9990
vn 0.7965 0.4257 -0.4293
vn 0.7668 0.4098 -0.4941
vn 0.7253 0.3878 -0.5688
vn 0.6690 0.3576 -0.6515
vn 0.5955 0.3182 -0.7377
vn 0.5059 0.2705 -0.8191
vn 0.4056 0.2168 -0.8879
vn 0.3048 0.1629 -0.9384
vn 0.2130 0.1138 -0.9704
vn 0.1375 0.0735 -0.9878
vn 0.0811 0.0433 -0.9958
vn 0.0405 0.0167 -0.9990
vn 0.0406 0.0167 -0.9990
vn 0.0175 0.0076 -0.9998
vn 0.0057 0.0025 -1.0000
vn 0.0060 0.0026 -1.0000
vn 0.0007 0.0003 -1.0000
vn 0.8685 0.4642 -0.1737
vn 0.8658 0.4628 -0.1901
vn 0.8624 0.4609 -0.2092
vn 0.8579 0.4585 -0.2317
vn 0.8520 0.4554 -0.2584
vn 0.8439 0.4511 -0.2904
vn 0.8330 0.4453 -0.3284
vn 0.8177 0.4371 -0.3745
vn 0.0064 0.0015 -1.0000
vn 0.0008 0.0001 -1.0000
vn 0.9424 0.2859 -0.1738
vn 0.9395 0.2850 -0.1901
vn 0.9358 0.2839 -0.2092
vn 0.9309 0.2824 -0.2317
vn 0.9245 0.2805 -0.2582
vn 0.9157 0.2778 -0.2905
vn 0.9038 0.2741 -0.3287
vn 0.8873 0.2691 -0.3746
vn 0.8643 0.2622 -0.4293
vn 0.8320 0.2525 -0.4939
vn 0.7870 0.2388 -0.5689
vn 0.7256 0.2202 -0.6520
vn 0.6459 0.1959 -0.7378
vn 0.5488 0.1664 -0.8192
vn 0.4402 0.1335 -0.8879
vn 0.3305 0.1003 -0.9385
vn 0.2307 0.0700 -0.9705
vn 0.1494 0.0454 -0.9877
vn 0.0880 0.0267 -0.9958
vn 0.0431 0.0085 -0.9990
vn 0.0186 0.0036 -0.9998
vn 0.0063 0.0013 -1.0000
vn 0.8186 0.0806 -0.5686
vn 0.7547 0.0743 -0.6518
vn 0.6719 0.0662 -0.7377
vn 0.5710 0.0562 -0.8190
vn 0.4576 0.0451 -0.8880
vn 0.3435 0.0338 -0.9385
vn 0.2404 0.0237 -0.9704
vn 0.1556 0.0153 -0.9877
vn 0.0915 0.0090 -0.9958
vn 0.0439 -0.0000 -0.9990
vn 0.0190 -0.0000 -0.9998
vn 0.0063 -0.0000 -1.0000
vn 0.0066 -0.0000 -1.0000
vn 0.0008 -0.0000 -1.0000
vn 0.9800 0.0965 -0.1738
vn 0.9770 0.0962 -0.1901
vn 0.9732 0.0958 -0.2092
vn 0.9681 0.0953 -0.2317
vn 0.9614 0.0947 -0.2583
vn 0.9523 0.0938 -0.2903
vn 0.9399 0.0926 -0.3288
vn 0.9227 0.0909 -0.3746
vn 0.8988 0.0885 -0.4292
vn 0.8652 0.0852 -0.4942
vn 0.9800 -0.0965 -0.1738
vn 0.9770 -0.0962 -0.1901
vn 0.9732 -0.0958 -0.2092
vn 0.9681 -0.0953 -0.2317
vn 0.9614 -0.0947 -0.2583
vn 0.9523 -0.0938 -0.2903
vn 0.9399 -0.0926 -0.3288
vn 0.9228 -0.0909 -0.3743
vn 0.8988 -0.0885 -0.4294
vn 0.8652 -0.0852 -0.4942
vn 0.8186 -0.0806 -0.5686
vn 0.7547 -0.0743 -0.6518
vn 0.6716 -0.0662 -0.7380
vn 0.5707 -0.0562 -0.8193
vn 0.4576 -0.0451 -0.8880
vn 0.3435 -0.0338 -0.9385
vn 0.2404 -0.0237 -0.9704
vn 0.1556 -0.0153 -0.9877
vn 0.0915 -0.0090 -0.9958
vn 0.0431 -0.0085 -0.9990
vn 0.0186 -0.0036 -0.9998
vn 0.0063 -0.0013 -1.0000
vn 0.0064 -0.0015 -1.0000
vn 0.0008 -0.0001 -1.0000
vn 0.6458 -0.1959 -0.7379
vn 0.5489 -0.1665 -0.8192
vn 0.4402 -0.1335 -0.8879
vn 0.3305 -0.1003 -0.9385
vn 0.2307 -0.0700 -0.9705
vn 0.1494 -0.0453 -0.9877
vn 0.0880 -0.0267 -0.9958
vn 0.0405 -0.0167 -0.9990
vn 0.0406 -0.0167 -0.9990
vn 0.0175 -0.0076 -0.9998
vn 0.0057 -0.0025 -1.0000
vn 0.0060 -0.0026 -1.0000
vn 0.0007 -0.0003 -1.0000
vn 0.9424 -0.2859 -0.1738
vn 0.9395 -0.2850 -0.1901
vn 0.9358 -0.2839 -0.2091
vn 0.9309 -0.2824 -0.2318
vn 0.9245 -0.2805 -0.2582
vn 0.9157 -0.2778 -0.2905
vn 0.9038 -0.2741 -0.3287
vn 0.8872 -0.2692 -0.3747
vn 0.8643 -0.2622 -0.4293
vn 0.8320 -0.2525 -0.4939
vn 0.7870 -0.2388 -0.5689
vn 0.7256 -0.2202 -0.6520
vn 0.8685 -0.4642 -0.1737
vn 0.8658 -0.4628 -0.1901
vn 0.8624 -0.4610 -0.2090
vn 0.8579 -0.4585 -0.2318
vn 0.8520 -0.4554 -0.2584
vn 0.8439 -0.4511 -0.2904
vn 0.8330 -0.4453 -0.3284
vn 0.8177 -0.4371 -0.3745
vn 0.7965 -0.4257 -0.4293
vn 0.7668 -0.4098 -0.4941
vn 0.7254 -0.3878 -0.5687
vn 0.6690 -0.3576 -0.6515
vn 0.5954 -0.3182 -0.7378
vn 0.5057 -0.2703 -0.8193
vn 0.4056 -0.2168 -0.8879
vn 0.3048 -0.1629 -0.9384
vn 0.2130 -0.1138 -0.9704
vn 0.1374 -0.0735 -0.9878
vn 0.0811 -0.0434 -0.9958
vn 0.0366 -0.0243 -0.9990
vn 0.0157 -0.0108 -0.9998
vn 0.0051 -0.0035 -1.0000
vn 0.0054 -0.0037 -1.0000
vn 0.0006 -0.0004 -1.0000
vn 0.3554 -0.2917 -0.8880
vn 0.2672 -0.2192 -0.9384
vn 0.1868 -0.1533 -0.9704
vn 0.1208 -0.0991 -0.9877
vn 0.0711 -0.0584 -0.9958
vn 0.0310 -0.0310 -0.9990
vn 0.0134 -0.0134 -0.9998
vn 0.0045 -0.0045 -1.0000
vn 0.0046 -0.0046 -1.0000
vn 0.0005 -0.0005 -1.0000
vn 0.7613 -0.6247 -0.1738
vn 0.7589 -0.6228 -0.1901
vn 0.7559 -0.6204 -0.2091
vn 0.7520 -0.6171 -0.2317
vn 0.7467 -0.6128 -0.2586
vn 0.7398 -0.6071 -0.2902
vn 0.7301 -0.5992 -0.3285
vn 0.7167 -0.5882 -0.3746
vn 0.6982 -0.5730 -0.4292
vn 0.6721 -0.5516 -0.4940
vn 0.6358 -0.5217 -0.5689
vn 0.5864 -0.4812 -0.6517
vn 0.5863 -0.4812 -0.6517
vn 0.5218 -0.4284 -0.7377
vn 0.4433 -0.3638 -0.8192
vn 0.6247 -0.7613 -0.1738
vn 0.6228 -0.7589 -0.1901
vn 0.6204 -0.7559 -0.2091
vn 0.6171 -0.7520 -0.2317
vn 0.6128 -0.7467 -0.2586
vn 0.6071 -0.7398 -0.2902
vn 0.5992 -0.7301 -0.3285
vn 0.5882 -0.7167 -0.3746
vn 0.5730 -0.6982 -0.4292
vn 0.5514 -0.6719 -0.4944
vn 0.5216 -0.6355 -0.5693
vn 0.4812 -0.5864 -0.6517
vn 0.4281 -0.5217 -0.7379
vn 0.3638 -0.4433 -0.8192
vn 0.2917 -0.3554 -0.8880
vn 0.2192 -0.2672 -0.9384
vn 0.1532 -0.1867 -0.9704
vn 0.0991 -0.1207 -0.9877
vn 0.0584 -0.0711 -0.9958
vn 0.0243 -0.0366 -0.9990
vn 0.0108 -0.0157 -0.9998
vn 0.0035 -0.0051 -1.0000
vn 0.0037 -0.0054 -1.0000
vn 0.0004 -0.0006 -1.0000
vn 0.2703 -0.5057 -0.8193
vn 0.2168 -0.4056 -0.8879
vn 0.1628 -0.3045 -0.9385
vn 0.1138 -0.2129 -0.9704
vn 0.0735 -0.1375 -0.9878
vn 0.0433 -0.0811 -0.9958
vn 0.0167 -0.0405 -0.9990
vn 0.0076 -0.0175 -0.9998
vn 0.0025 -0.0057 -1.0000
vn 0.0026 -0.0060 -1.0000
vn 0.0003 -0.0007 -1.0000
vn 0.4642 -0.8685 -0.1737
vn 0.4628 -0.8658 -0.1901
vn 0.4610 -0.8624 -0.2090
vn 0.4585 -0.8579 -0.2318
vn 0.4554 -0.8520 -0.2584
vn 0.4511 -0.8439 -0.2904
vn 0.4453 -0.8330 -0.3284
vn 0.4371 -0.8177 -0.3745
vn 0.4257 -0.7965 -0.4293
vn 0.4098 -0.7668 -0.4941
vn 0.3878 -0.7254 -0.5687
vn 0.3576 -0.6690 -0.6515
vn 0.3182 -0.5954 -0.7378
vn 0.2850 -0.9395 -0.1901
vn 0.2839 -0.9358 -0.2091
vn 0.2824 -0.9309 -0.2318
vn 0.2805 -0.9245 -0.2582
vn 0.2779 -0.9158 -0.2900
vn 0.2741 -0.9038 -0.3287
vn 0.2692 -0.8872 -0.3748
vn 0.2622 -0.8643 -0.4293
vn 0.2524 -0.8319 -0.4943
vn 0.2388 -0.7870 -0.5689
vn 0.2202 -0.7259 -0.6516
vn 0.1959 -0.6459 -0.7378
vn 0.1664 -0.5487 -0.8193
vn 0.1334 -0.4399 -0.8881
vn 0.1003 -0.3305 -0.9385
vn 0.0703 -0.2314 -0.9703
vn 0.0454 -0.1495 -0.9877
vn 0.0267 -0.0880 -0.9958
vn 0.0085 -0.0430 -0.9990
vn 0.0036 -0.0186 -0.9998
vn 0.0013 -0.0063 -1.0000
vn 0.0015 -0.0064 -1.0000
vn 0.0001 -0.0008 -1.0000
vn 0.2859 -0.9424 -0.1738
vn 0.0339 -0.3438 -0.9384
vn 0.0237 -0.2402 -0.9704
vn 0.0153 -0.1554 -0.9877
vn 0.0090 -0.0916 -0.9958
vn -0.0000 -0.0438 -0.9990
vn -0.0000 -0.0190 -0.9998
vn -0.0000 -0.0063 -1.0000
vn -0.0000 -0.0066 -1.0000
vn -0.0000 -0.0008 -1.0000
vn 0.0965 -0.9800 -0.1738
vn 0.0962 -0.9770 -0.1901
vn 0.0958 -0.9732 -0.2092
vn 0.0953 -0.9681 -0.2317
vn 0.0947 -0.9614 -0.2583
vn 0.0938 -0.9523 -0.2903
vn 0.0926 -0.9399 -0.3288
vn 0.0909 -0.9228 -0.3743
vn 0.0885 -0.8988 -0.4294
vn 0.0852 -0.8651 -0.4943
vn 0.0806 -0.8186 -0.5686
vn 0.0743 -0.7547 -0.6518
vn 0.0662 -0.6716 -0.7379
vn 0.0562 -0.5707 -0.8192
vn 0.0451 -0.4579 -0.8879
vn -0.0953 -0.9681 -0.2317
vn -0.0947 -0.9614 -0.2583
vn -0.0938 -0.9523 -0.2903
vn -0.0926 -0.9399 -0.3288
vn -0.0909 -0.9228 -0.3743
vn -0.0885 -0.8988 -0.4294
vn -0.0852 -0.8651 -0.4943
vn -0.0806 -0.8186 -0.5686
vn -0.0743 -0.7547 -0.6518
vn -0.0662 -0.6716 -0.7380
vn -0.0562 -0.5708 -0.8192
vn -0.0451 -0.4579 -0.8879
vn -0.0339 -0.3438 -0.9384
vn -0.0237 -0.2402 -0.9704
vn -0.0153 -0.1554 -0.9877
vn -0.0090 -0.0917 -0.9958
vn -0.0085 -0.0430 -0.9990
vn -0.0036 -0.0186 -0.9998
vn -0.0013 -0.0063 -1.0000
vn -0.0015 -0.0064 -1.0000
vn -0.0001 -0.0008 -1.0000
vn -0.0965 -0.9800 -0.1738
vn -0.0962 -0.9770 -0.1901
vn -0.0958 -0.9732 -0.2092
vn -0.0454 -0.1495 -0.9877
vn -0.0267 -0.0881 -0.9958
vn -0.0167 -0.0406 -0.9990
vn -0.0167 -0.0405 -0.9990
vn -0.0076 -0.0175 -0.9998
vn -0.0025 -0.0057 -1.0000
vn -0.0026 -0.0060 -1.0000
vn -0.0003 -0.0007 -1.0000
vn -0.2859 -0.9424 -0.1737
vn -0.2850 -0.9395 -0.1901
vn -0.2839 -0.9358 -0.2091
vn -0.2824 -0.9309 -0.2318
vn -0.2805 -0.9245 -0.2582
vn -0.2779 -0.9158 -0.2900
vn -0.2741 -0.9038 -0.3287
vn -0.2692 -0.8872 -0.3748
vn -0.2622 -0.8643 -0.4293
vn -0.2524 -0.8319 -0.4943
vn -0.2388 -0.7870 -0.5689
vn -0.2202 -0.7259 -0.6516
vn -0.1959 -0.6458 -0.7379
vn -0.1665 -0.5489 -0.8192
vn -0.1334 -0.4399 -0.8881
vn -0.1003 -0.3305 -0.9385
vn -0.0703 -0.2314 -0.9703
vn -0.4511 -0.8439 -0.2906
vn -0.4453 -0.8330 -0.3284
vn -0.4371 -0.8177 -0.3745
vn -0.4257 -0.7965 -0.4293
vn -0.4098 -0.7668 -0.4941
vn -0.3878 -0.7254 -0.5687
vn -0.3576 -0.6690 -0.6516
vn -0.3182 -0.5954 -0.7378
vn -0.2703 -0.5057 -0.8193
vn -0.2168 -0.4056 -0.8879
vn -0.1628 -0.3045 -0.9385
vn -0.1138 -0.2129 -0.9704
vn -0.0735 -0.1374 -0.9878
vn -0.0434 -0.0811 -0.9958
vn -0.0243 -0.0366 -0.9990
vn -0.0108 -0.0157 -0.9998
vn -0.0035 -0.0051 -1.0000
vn -0.0037 -0.0054 -1.0000
vn -0.0004 -0.0006 -1.0000
vn -0.4642 -0.8685 -0.1736
vn -0.4628 -0.8658 -0.1901
vn -0.4610 -0.8624 -0.2090
vn -0.4585 -0.8579 -0.2318
vn -0.4554 -0.8519 -0.2585
vn -0.0310 -0.0310 -0.9990
vn -0.0134 -0.0134 -0.9998
vn -0.0045 -0.0045 -1.0000
vn -0.0046 -0.0046 -1.0000
vn -0.0005 -0.0005 -1.0000
vn -0.6247 -0.7613 -0.1738
vn -0.6228 -0.7589 -0.1901
vn -0.6204 -0.7559 -0.2091
vn -0.6171 -0.7520 -0.2317
vn -0.6128 -0.7467 -0.2585
vn -0.6071 -0.7397 -0.2904
vn -0.5992 -0.7301 -0.3285
vn -0.5882 -0.7167 -0.3746
vn -0.5730 -0.6982 -0.4292
vn -0.5514 -0.6719 -0.4944
vn -0.5216 -0.6355 -0.5693
vn -0.4812 -0.5864 -0.6517
vn -0.4281 -0.5217 -0.7379
vn -0.3638 -0.4433 -0.8192
vn -0.2917 -0.3554 -0.8880
vn -0.2192 -0.2672 -0.9384
vn -0.1532 -0.1867 -0.9704
vn -0.0991 -0.1207 -0.9877
vn -0.0584 -0.0711 -0.9958
vn -0.7167 -0.5882 -0.3746
vn -0.6982 -0.5730 -0.4292
vn -0.6721 -0.5516 -0.4940
vn -0.6355 -0.5216 -0.5693
vn -0.5864 -0.4812 -0.6517
vn -0.5218 -0.4283 -0.7378
vn -0.4431 -0.3636 -0.8194
vn -0.3554 -0.2917 -0.8880
vn -0.2672 -0.2192 -0.9384
vn -0.1868 -0.1533 -0.9704
vn -0.1208 -0.0991 -0.9877
vn -0.0711 -0.0584 -0.9958
vn -0.0366 -0.0243 -0.9990
vn -0.0157 -0.0108 -0.9998
vn -0.0051 -0.0035 -1.0000
vn -0.0054 -0.0037 -1.0000
vn -0.0006 -0.0004 -1.0000
vn -0.7613 -0.6247 -0.1738
vn -0.7589 -0.6228 -0.1901
vn -0.7559 -0.6204 -0.2091
vn -0.7520 -0.6171 -0.2317
vn -0.7467 -0.6128 -0.2586
vn -0.7398 -0.6071 -0.2902
vn -0.7301 -0.5992 -0.3285
vn -0.0060 -0.0026 -1.0000
vn -0.0007 -0.0003 -1.0000
vn -0.8685 -0.4642 -0.1737
vn -0.8658 -0.4628 -0.1901
vn -0.8624 -0.4610 -0.2090
vn -0.8579 -0.4585 -0.2318
vn -0.8520 -0.4554 -0.2584
vn -0.8439 -0.4511 -0.2904
vn -0.8330 -0.4453 -0.3284
vn -0.8177 -0.4371 -0.3745
vn -0.7965 -0.4257 -0.4295
vn -0.7667 -0.4098 -0.4942
vn -0.7254 -0.3878 -0.5687
vn -0.6690 -0.3576 -0.6515
vn -0.5955 -0.3182 -0.7377
vn -0.5059 -0.2705 -0.8191
vn -0.4056 -0.2168 -0.8879
vn -0.3048 -0.1629 -0.9384
vn -0.2130 -0.1138 -0.9704
vn -0.1375 -0.0735 -0.9878
vn -0.0811 -0.0433 -0.9958
vn -0.0405 -0.0167 -0.9990
vn -0.0406 -0.0167 -0.9990
vn -0.0175 -0.0076 -0.9998
vn -0.0057 -0.0025 -1.0000
vn -0.7870 -0.2387 -0.5689
vn -0.7256 -0.2202 -0.6520
vn -0.6459 -0.1959 -0.7378
vn -0.5488 -0.1664 -0.8192
vn -0.4402 -0.1335 -0.8879
vn -0.3305 -0.1003 -0.9385
vn -0.2307 -0.0700 -0.9705
vn -0.1494 -0.0454 -0.9877
vn -0.0880 -0.0267 -0.9958
vn -0.0430 -0.0085 -0.9990
vn -0.0186 -0.0036 -0.9998
vn -0.0063 -0.0013 -1.0000
vn -0.0064 -0.0015 -1.0000
vn -0.0008 -0.0001 -1.0000
vn -0.9424 -0.2859 -0.1738
vn -0.9395 -0.2850 -0.1901
vn -0.9358 -0.2839 -0.2091
vn -0.9309 -0.2824 -0.2318
vn -0.9245 -0.2805 -0.2582
vn -0.9157 -0.2778 -0.2905
vn -0.9038 -0.2741 -0.3287
vn -0.8874 -0.2692 -0.3744
vn -0.8643 -0.2622 -0.4292
vn -0.8320 -0.2525 -0.4940
vn -0.9800 -0.0965 -0.1738
vn -0.9770 -0.0962 -0.1901
vn -0.9732 -0.0958 -0.2092
vn -0.9681 -0.0953 -0.2317
vn -0.9614 -0.0947 -0.2583
vn -0.9523 -0.0938 -0.2903
vn -0.9399 -0.0926 -0.3288
vn -0.9228 -0.0909 -0.3743
vn -0.8988 -0.0885 -0.4294
vn -0.8651 -0.0852 -0.4943
vn -0.8186 -0.0806 -0.5686
vn -0.7547 -0.0743 -0.6518
vn -0.6719 -0.0662 -0.7377
vn -0.5710 -0.0562 -0.8190
vn -0.4576 -0.0451 -0.8880
vn -0.3435 -0.0338 -0.9385
vn -0.2404 -0.0237 -0.9704
vn -0.1556 -0.0153 -0.9877
vn -0.0916 -0.0090 -0.9958
vn -0.0438 -0.0000 -0.9990
vn -0.0190 -0.0000 -0.9998
vn -0.0063 -0.0000 -1.0000
vn -0.0066 -0.0000 -1.0000
vn -0.0008 -0.0000 -1.0000
vn -0.9681 0.0953 -0.2317
vn -0.9614 0.0947 -0.2583
vn -0.9523 0.0938 -0.2903
vn -0.9399 0.0926 -0.3288
vn -0.9228 0.0909 -0.3743
vn -0.8988 0.0885 -0.4294
vn -0.8652 0.0852 -0.4942
vn -0.8186 0.0806 -0.5686
vn -0.7547 0.0743 -0.6518
vn -0.6716 0.0662 -0.7380
vn -0.5707 0.0562 -0.8193
vn -0.4576 0.0451 -0.8880
vn -0.3435 0.0338 -0.9385
vn -0.2404 0.0237 -0.9704
vn -0.1556 0.0153 -0.9877
vn -0.0917 0.0090 -0.9957
vn -0.0430 0.0085 -0.9990
vn -0.0186 0.0036 -0.9998
vn -0.0063 0.0013 -1.0000
vn -0.0064 0.0015 -1.0000
vn -0.0008 0.0001 -1.0000
vn -0.9800 0.0965 -0.1738
vn -0.9770 0.0962 -0.1901
vn -0.9732 0.0958 -0.2092
vn -0.1494 0.0453 -0.9877
vn -0.0881 0.0267 -0.9958
vn -0.0406 0.0167 -0.9990
vn -0.0405 0.0167 -0.9990
vn -0.0175 0.0076 -0.9998
vn -0.0057 0.0025 -1.0000
vn -0.0060 0.0026 -1.0000
vn -0.0007 0.0003 -1.0000
vn -0.9424 0.2859 -0.1737
vn -0.9395 0.2850 -0.1901
vn -0.9358 0.2839 -0.2091
vn -0.9309 0.2824 -0.2318
vn -0.9245 0.2805 -0.2582
vn -0.9157 0.2778 -0.2905
vn -0.9038 0.2741 -0.3287
vn -0.8872 0.2692 -0.3747
vn -0.8643 0.2622 -0.4293
vn -0.8320 0.2525 -0.4939
vn -0.7870 0.2388 -0.5689
vn -0.7256 0.2202 -0.6520
vn -0.6461 0.1960 -0.7377
vn -0.5489 0.1665 -0.8192
vn -0.4402 0.1335 -0.8879
vn -0.3305 0.1003 -0.9385
vn -0.2307 0.0700 -0.9705
vn -0.8439 0.4511 -0.2903
vn -0.8330 0.4453 -0.3284
vn -0.8177 0.4371 -0.3745
vn -0.7965 0.4257 -0.4293
vn -0.7668 0.4098 -0.4941
vn -0.7254 0.3878 -0.5687
vn -0.6690 0.3576 -0.6515
vn -0.5954 0.3182 -0.7378
vn -0.5057 0.2703 -0.8193
vn -0.4056 0.2168 -0.8879
vn -0.3048 0.1629 -0.9384
vn -0.2130 0.1138 -0.9704
vn -0.1374 0.0735 -0.9878
vn -0.0811 0.0434 -0.9958
vn -0.0366 0.0243 -0.9990
vn -0.0157 0.0108 -0.9998
vn -0.0051 0.0035 -1.0000
vn -0.0054 0.0037 -1.0000
vn -0.0006 0.0004 -1.0000
vn -0.8685 0.4642 -0.1736
vn -0.8658 0.4628 -0.1901
vn -0.8624 0.4610 -0.2090
vn -0.8579 0.4585 -0.2318
vn -0.8520 0.4554 -0.2582
vn -0.0310 0.0310 -0.9990
vn -0.0134 0.0134 -0.9998
vn -0.0045 0.0045 -1.0000
vn -0.0046 0.0046 -1.0000
vn -0.0005 0.0005 -1.0000
vn -0.7613 0.6247 -0.1738
vn -0.7589 0.6228 -0.1901
vn -0.7559 0.6204 -0.2091
vn -0.7520 0.6171 -0.2317
vn -0.7467 0.6128 -0.2585
vn -0.7397 0.6071 -0.2904
vn -0.7301 0.5992 -0.3285
vn -0.7167 0.5882 -0.3746
vn -0.6982 0.5730 -0.4292
vn -0.6721 0.5516 -0.4940
vn -0.6357 0.5217 -0.5690
vn -0.5864 0.4813 -0.6515
vn -0.5218 0.4284 -0.7377
vn -0.4433 0.3638 -0.8192
vn -0.3554 0.2917 -0.8880
vn -0.2672 0.2192 -0.9384
vn -0.1868 0.1533 -0.9704
vn -0.1208 0.0991 -0.9877
vn -0.0711 0.0584 -0.9958
vn -0.5882 0.7167 -0.3746
vn -0.5730 0.6982 -0.4292
vn -0.5514 0.6719 -0.4944
vn -0.5217 0.6356 -0.5691
vn -0.4810 0.5863 -0.6518
vn -0.4281 0.5217 -0.7379
vn -0.3638 0.4433 -0.8192
vn -0.2917 0.3554 -0.8880
vn -0.2192 0.2672 -0.9384
vn -0.1532 0.1867 -0.9704
vn -0.0991 0.1207 -0.9877
vn -0.0584 0.0711 -0.9958
vn -0.0243 0.0366 -0.9990
vn -0.0108 0.0157 -0.9998
vn -0.0035 0.0051 -1.0000
vn -0.0037 0.0054 -1.0000
vn -0.0004 0.0006 -1.0000
vn -0.6247 0.7613 -0.1738
vn -0.6228 0.7589 -0.1901
vn -0.6204 0.7559 -0.2091
vn -0.6171 0.7520 -0.2317
vn -0.6128 0.7467 -0.2585
vn -0.6071 0.7397 -0.2904
vn -0.5992 0.7301 -0.3285
vn -0.0025 0.0057 -1.0000
vn -0.0026 0.0060 -1.0000
vn -0.0003 0.0007 -1.0000
vn -0.4642 0.8685 -0.1737
vn -0.4628 0.8658 -0.1901
vn -0.4610 0.8624 -0.2090
vn -0.4585 0.8579 -0.2318
vn -0.4554 0.8519 -0.2585
vn -0.4511 0.8439 -0.2906
vn -0.4452 0.8330 -0.3286
vn -0.4371 0.8177 -0.3747
vn -0.4258 0.7966 -0.4292
vn -0.4098 0.7667 -0.4942
vn -0.3878 0.7254 -0.5687
vn -0.3576 0.6690 -0.6516
vn -0.3182 0.5954 -0.7378
vn -0.2703 0.5057 -0.8193
vn -0.2168 0.4056 -0.8879
vn -0.1628 0.3045 -0.9385
vn -0.1138 0.2129 -0.9704
vn -0.0735 0.1375 -0.9878
vn -0.0433 0.0811 -0.9958
vn -0.0167 0.0406 -0.9990
vn -0.0167 0.0405 -0.9990
vn -0.0076 0.0175 -0.9998
vn -0.2524 0.8319 -0.4943
vn -0.2387 0.7870 -0.5689
vn -0.2202 0.7259 -0.6516
vn -0.1959 0.6459 -0.7378
vn -0.1664 0.5487 -0.8193
vn -0.1334 0.4399 -0.8881
vn -0.1003 0.3305 -0.9385
vn -0.0703 0.2314 -0.9703
vn -0.0454 0.1495 -0.9877
vn -0.0267 0.0881 -0.9958
vn -0.0085 0.0430 -0.9990
vn -0.0036 0.0186 -0.9998
vn -0.0013 0.0063 -1.0000
vn -0.0015 0.0064 -1.0000
vn -0.0001 0.0008 -1.0000
vn -0.2859 0.9424 -0.1738
vn -0.2850 0.9395 -0.1901
vn -0.2839 0.9358 -0.2091
vn -0.2824 0.9309 -0.2318
vn -0.2805 0.9245 -0.2582
vn -0.2779 0.9158 -0.2900
vn -0.2742 0.9037 -0.3288
vn -0.2692 0.8873 -0.3744
vn -0.2622 0.8643 -0.4292
vn -0.0965 0.9800 -0.1738
vn -0.0962 0.9770 -0.1901
vn -0.0958 0.9732 -0.2092
vn -0.0953 0.9681 -0.2317
vn -0.0947 0.9614 -0.2583
vn -0.0938 0.9523 -0.2903
vn -0.0926 0.9399 -0.3286
vn -0.0908 0.9227 -0.3745
vn -0.0885 0.8988 -0.4294
vn -0.0852 0.8651 -0.4943
vn -0.0806 0.8186 -0.5686
vn -0.0743 0.7547 -0.6518
vn -0.0662 0.6719 -0.7377
vn -0.0562 0.5707 -0.8192
vn -0.0451 0.4579 -0.8879
vn -0.0339 0.3438 -0.9384
vn -0.0237 0.2402 -0.9704
vn -0.0153 0.1554 -0.9877
vn -0.0090 0.0916 -0.9958
vn 0.0415 0.4216 0.9059
vn 0.0980 0.9952 -0.0000
vn 0.2902 0.9570 -0.0000
vn 0.1230 0.4053 0.9059
vn 0.4715 0.8819 -0.0000
vn 0.1997 0.3736 0.9059
vn 0.6344 0.7730 -0.0000
vn 0.2687 0.3274 0.9059
vn 0.3274 0.2687 0.9059
vn 0.7730 0.6344 -0.0000
vn 0.8820 0.4712 -0.0000
vn 0.3736 0.1997 0.9059
vn 0.4053 0.1230 0.9059
vn 0.9568 0.2907 -0.0000
vn 0.9952 0.0979 -0.0000
vn 0.4216 0.0415 0.9059
vn 0.4216 -0.0415 0.9059
vn 0.9952 -0.0979 -0.0000
vn 0.9568 -0.2907 -0.0000
vn 0.4053 -0.1230 0.9059
vn 0.3736 -0.1997 0.9059
vn 0.8820 -0.4712 -0.0000
vn 0.7730 -0.6344 -0.0000
vn 0.3274 -0.2687 0.9059
vn 0.2687 -0.3274 0.9059
vn 0.6344 -0.7730 -0.0000
vn 0.4715 -0.8819 -0.0000
vn 0.1997 -0.3736 0.9059
vn 0.2902 -0.9570 -0.0000
vn 0.1230 -0.4053 0.9059
vn 0.0980 -0.9952 -0.0000
vn 0.0415 -0.4216 0.9059
vn -0.0980 -0.9952 -0.0000
vn -0.0415 -0.4216 0.9059
vn -0.2902 -0.9570 -0.0000
vn -0.1230 -0.4053 0.9059
vn -0.4715 -0.8819 -0.0000
vn -0.1997 -0.3736 0.9058
vn -0.2687 -0.3274 0.9059
vn -0.6344 -0.7730 -0.0000
vn -0.7730 -0.6344 -0.0000
vn -0.3274 -0.2687 0.9059
vn -0.3736 -0.1997 0.9059
vn -0.8820 -0.4712 -0.0000
vn -0.9568 -0.2907 -0.0000
vn -0.4053 -0.1230 0.9059
vn -0.4216 -0.0415 0.9058
vn -0.9952 -0.0979 -0.0000
vn -0.9952 0.0979 -0.0000
vn -0.4216 0.0415 0.9059
vn -0.9568 0.2907 -0.0000
vn -0.4053 0.1230 0.9059
vn -0.8820 0.4712 -0.0000
vn -0.3736 0.1997 0.9058
vn -0.3274 0.2687 0.9059
vn -0.7730 0.6344 -0.0000
vn -0.6344 0.7730 -0.0000
vn -0.2687 0.3274 0.9059
vn -0.1997 0.3736 0.9059
vn -0.4715 0.8819 -0.0000
vn -0.2902 0.9570 -0.0000
vn -0.1230 0.4053 0.9059
vn -0.0415 0.4216 0.9058
vn -0.0980 0.9952 -0.0000
s 1
f 49//1 50//1 122//1 121//1
f 23//2 24//3 96//4 95//5
f 50//1 51//1 123//1 122//1
f 24//3 25//1 97//1 96//4
f 51//1 52//1 124//1 123//1
f 25//1 26//1 98//1 97//1
f 52//1 53//1 125//1 124//1
f 26//1 27//1 99//1 98//1
f 53//1 54//1 126//1 125//1
f 27//1 28//1 100//1 99//1
f 1//6 2//6 74//6 73//6
f 54//1 55//1 127//1 126//1
f 28//1 29//1 101//1 100//1
f 2//7 3//7 75//7 74//7
f 55//1 56//1 128//1 127//1
f 29//1 30//1 102//1 101//1
f 3//8 4//8 76//8 75//8
f 56//1 57//1 129//1 128//1
f 30//1 31//1 103//1 102//1
f 4//9 5//9 77//9 76//9
f 57//1 58//1 130//1 129//1
f 31//1 32//1 104//1 103//1
f 5//10 6//10 78//10 77//10
f 58//1 59//1 131//1 130//1
f 32//1 33//1 105//1 104//1
f 6//11 7//11 79//11 78//11
f 59//1 60//1 132//1 131//1
f 33//1 34//1 106//1 105//1
f 7//12 8//12 80//12 79//12
f 60//1 61//1 133//1 132//1
f 34//1 35//1 107//1 106//1
f 8//13 9//13 81//13 80//13
f 61//1 62//1 134//1 133//1
f 35//1 36//1 108//1 107//1
f 9//14 10//14 82//14 81//14
f 62//1 63//1 135//1 134//1
f 36//1 37//1 109//1 108//1
f 10//15 11//15 83//15 82//15
f 63//1 64//1 136//1 135//1
f 37//1 38//1 110//1 109//1
f 11//16 12//16 84//16 83//16
f 64//1 65//1 137//1 136//1
f 38//1 39//1 111//1 110//1
f 12//17 13//17 85//17 84//17
f 65//1 66//1 138//1 137//1
f 39//1 40//1 112//1 111//1
f 13//18 14//18 86//18 85//18
f 66//1 67//1 139//1 138//1
f 40//1 41//1 113//1 112//1
f 14//19 15//19 87//19 86//19
f 67//1 68//1 140//1 139//1
f 41//1 42//1 114//1 113//1
f 15//20 16//20 88//20 87//20
f 68//1 69//1 141//1 140//1
f 42//1 43//1 115//1 114//1
f 16//21 17//21 89//21 88//21
f 69//1 70//1 142//1 141//1
f 43//1 44//1 116//1 115//1
f 17//22 18//22 90//22 89//22
f 70//1 71//1 143//1 142//1
f 44//1 45//1 117//1 116//1
f 18//23 19//23 91//23 90//23
f 71//1 72//1 144//1 143//1
f 45//1 46//1 118//1 117//1
f 19//24 20//24 92//24 91//24
f 46//1 47//1 119//1 118//1
f 20//25 21//25 93//26 92//26
f 47//1 48//1 120//1 119//1
f 21//27 22//27 94//28 93//29
f 48//1 49//1 121//1 120//1
f 22//30 23//2 95//5 94//31
f 102//1 103//1 175//1 174//1
f 76//32 77//32 149//32 148//32
f 129//1 130//1 202//1 201//1
f 103//1 104//1 176//1 175//1
f 77//33 78//33 150//33 149//33
f 130//1 131//1 203//1 202//1
f 104//1 105//1 177//1 176//1
f 78//34 79//34 151//34 150//34
f 131//1 132//1 204//1 203//1
f 105//1 106//1 178//1 177//1
f 79//35 80//35 152//35 151//35
f 132//1 133//1 205//1 204//1
f 106//1 107//1 179//1 178//1
f 80//36 81//36 153//36 152//36
f 133//1 134//1 206//1 205//1
f 107//1 108//1 180//1 179//1
f 81//37 82//37 154//37 153//37
f 134//1 135//1 207//1 206//1
f 108//1 109//1 181//1 180//1
f 82//38 83//38 155//38 154//38
f 135//1 136//1 208//1 207//1
f 109//1 110//1 182//1 181//1
f 83//39 84//39 156//39 155//39
f 136//1 137//1 209//1 208//1
f 110//1 111//1 183//1 182//1
f 84//40 85//40 157//40 156//40
f 137//1 138//1 210//1 209//1
f 111//1 112//1 184//1 183//1
f 85//41 86//41 158//41 157//41
f 138//1 139//1 211//1 210//1
f 112//1 113//1 185//1 184//1
f 86//42 87//42 159//42 158//42
f 139//1 140//1 212//1 211//1
f 113//1 114//1 186//1 185//1
f 87//43 88//43 160//43 159//43
f 140//1 141//1 213//1 212//1
f 114//1 115//1 187//1 186//1
f 88//44 89//44 161//44 160//44
f 141//1 142//1 214//1 213//1
f 115//1 116//1 188//1 187//1
f 89//45 90//45 162//45 161//45
f 142//1 143//1 215//1 214//1
f 116//1 117//1 189//1 188//1
f 90//46 91//46 163//46 162//46
f 143//1 144//1 216//1 215//1
f 117//1 118//1 190//1 189//1
f 91//47 92//47 164//47 163//47
f 118//1 119//1 191//1 190//1
f 92//26 93//26 165//48 164//48
f 119//1 120//1 192//1 191//1
f 93//29 94//28 166//49 165//50
f 120//1 121//1 193//1 192//1
f 94//28 95//5 167//51 166//49
f 121//1 122//1 194//1 193//1
f 95//5 96//4 168//52 167//51
f 122//1 123//1 195//1 194//1
f 96//4 97//1 169//1 168//52
f 123//1 124//1 196//1 195//1
f 97//1 98//1 170//1 169//1
f 124//1 125//1 197//1 196//1
f 98//1 99//1 171//1 170//1
f 125//1 126//1 198//1 197//1
f 99//1 100//1 172//1 171//1
f 73//53 74//53 146//53 145//53
f 126//1 127//1 199//1 198//1
f 100//1 101//1 173//1 172//1
f 74//54 75//54 147//54 146//54
f 127//1 128//1 200//1 199//1
f 101//1 102//1 174//1 173//1
f 75//55 76//55 148//55 147//55
f 128//1 129//1 201//1 200//1
f 162//56 163//56 235//56 234//56
f 215//1 216//1 288//1 287//1
f 189//1 190//1 262//1 261//1
f 163//57 164//57 236//57 235//57
f 190//1 191//1 263//1 262//1
f 164//48 165//48 237//58 236//59
f 191//1 192//1 264//1 263//1
f 165//60 166//61 238//61 237//60
f 192//1 193//1 265//1 264//1
f 166//61 167//51 239//62 238//61
f 193//1 194//1 266//1 265//1
f 167//51 168//52 240//63 239//62
f 194//1 195//1 267//1 266//1
f 168//52 169//1 241//1 240//63
f 195//1 196//1 268//1 267//1
f 169//1 170//1 242//1 241//1
f 196//1 197//1 269//1 268//1
f 170//1 171//1 243//1 242//1
f 197//1 198//1 270//1 269//1
f 171//1 172//1 244//1 243//1
f 145//64 146//64 218//64 217//64
f 198//1 199//1 271//1 270//1
f 172//1 173//1 245//1 244//1
f 146//65 147//65 219//65 218//65
f 199//1 200//1 272//1 271//1
f 173//1 174//1 246//1 245//1
f 147//66 148//66 220//66 219//66
f 200//1 201//1 273//1 272//1
f 174//1 175//1 247//1 246//1
f 148//67 149//67 221//67 220//67
f 201//1 202//1 274//1 273//1
f 175//1 176//1 248//1 247//1
f 149//68 150//68 222//68 221//68
f 202//1 203//1 275//1 274//1
f 176//1 177//1 249//1 248//1
f 150//69 151//69 223//69 222//69
f 203//1 204//1 276//1 275//1
f 177//1 178//1 250//1 249//1
f 151//70 152//70 224//70 223//70
f 204//1 205//1 277//1 276//1
f 178//1 179//1 251//1 250//1
f 152//71 153//71 225//71 224//71
f 205//1 206//1 278//1 277//1
f 179//1 180//1 252//1 251//1
f 153//72 154//72 226//72 225//72
f 206//1 207//1 279//1 278//1
f 180//1 181//1 253//1 252//1
f 154//73 155//73 227//73 226//73
f 207//1 208//1 280//1 279//1
f 181//1 182//1 254//1 253//1
f 155//74 156//74 228//74 227//74
f 208//1 209//1 281//1 280//1
f 182//1 183//1 255//1 254//1
f 156//75 157//75 229//75 228//75
f 209//1 210//1 282//1 281//1
f 183//1 184//1 256//1 255//1
f 157//76 158//76 230//76 229//76
f 210//1 211//1 283//1 282//1
f 184//1 185//1 257//1 256//1
f 158//77 159//77 231//77 230//77
f 211//1 212//1 284//1 283//1
f 185//1 186//1 258//1 257//1
f 159//78 160//78 232//78 231//78
f 212//1 213//1 285//1 284//1
f 186//1 187//1 259//1 258//1
f 160//79 161//79 233//79 232//79
f 213//1 214//1 286//1 285//1
f 187//1 188//1 260//1 259//1
f 161//80 162//80 234//80 233//80
f 214//1 215//1 287//1 286//1
f 188//1 189//1 261//1 260//1
f 222//81 223//81 295//81 294//81
f 275//1 276//1 348//1 347//1
f 249//1 250//1 322//1 321//1
f 223//82 224//82 296//82 295//82
f 276//1 277//1 349//1 348//1
f 250//1 251//1 323//1 322//1
f 224//83 225//83 297//83 296//83
f 277//1 278//1 350//1 349//1
f 251//1 252//1 324//1 323//1
f 225//84 226//84 298//84 297//84
f 278//1 279//1 351//1 350//1
f 252//1 253//1 325//1 324//1
f 226//85 227//85 299//85 298//85
f 279//1 280//1 352//1 351//1
f 253//1 254//1 326//1 325//1
f 227//86 228//86 300//86 299//86
f 280//1 281//1 353//1 352//1
f 254//1 255//1 327//1 326//1
f 228//87 229//87 301//87 300//87
f 281//1 282//1 354//1 353//1
f 255//1 256//1 328//1 327//1
f 229//88 230//88 302//88 301//88
f 282//1 283//1 355//1 354//1
f 256//1 257//1 329//1 328//1
f 230//89 231//89 303//89 302//89
f 283//1 284//1 356//1 355//1
f 257//1 258//1 330//1 329//1
f 231//90 232//90 304//90 303//90
f 284//1 285//1 357//1 356//1
f 258//1 259//1 331//1 330//1
f 232//91 233//91 305//91 304//91
f 285//1 286//1 358//1 357//1
f 259//1 260//1 332//1 331//1
f 233//92 234//92 306//92 305//92
f 286//1 287//1 359//1 358//1
f 260//1 261//1 333//1 332//1
f 234//93 235//93 307//93 306//93
f 287//1 288//1 360//1 359//1
f 261//1 262//1 334//1 333//1
f 235//94 236//94 308//94 307//94
f 262//1 263//1 335//1 334//1
f 236//59 237//58 309//95 308//95
f 263//1 264//1 336//1 335//1
f 237//96 238//97 310//98 309//96
f 264//1 265//1 337//1 336//1
f 238//97 239//62 311//99 310//98
f 265//1 266//1 338//1 337//1
f 239//62 240//63 312//100 311//99
f 266//1 267//1 339//1 338//1
f 240//63 241//1 313//1 312//100
f 267//1 268//1 340//1 339//1
f 241//1 242//1 314//1 313//1
f 268//1 269//1 341//1 340//1
f 242//1 243//1 315//1 314//1
f 269//1 270//1 342//1 341//1
f 243//1 244//1 316//1 315//1
f 217//101 218//101 290//101 289//101
f 270//1 271//1 343//1 342//1
f 244//1 245//1 317//1 316//1
f 218//102 219//102 291//102 290//102
f 271//1 272//1 344//1 343//1
f 245//1 246//1 318//1 317//1
f 219//103 220//103 292//103 291//103
f 272//1 273//1 345//1 344//1
f 246//1 247//1 319//1 318//1
f 220//104 221//104 293//104 292//104
f 273//1 274//1 346//1 345//1
f 247//1 248//1 320//1 319//1
f 221//105 222//105 294//105 293//105
f 274//1 275//1 347//1 346//1
f 248//1 249//1 321//1 320//1
f 335//1 336//1 408//1 407//1
f 309//106 310//107 382//107 381//106
f 336//1 337//1 409//1 408//1
f 310//107 311//99 383//108 382//107
f 337//1 338//1 410//1 409//1
f 311//99 312//100 384//109 383//108
f 338//1 339//1 411//1 410//1
f 312//100 313//1 385//1 384//109
f 339//1 340//1 412//1 411//1
f 313//1 314//1 386//1 385//1
f 340//1 341//1 413//1 412//1
f 314//1 315//1 387//1 386//1
f 341//1 342//1 414//1 413//1
f 315//1 316//1 388//1 387//1
f 289//110 290//110 362//110 361//110
f 342//1 343//1 415//1 414//1
f 316//1 317//1 389//1 388//1
f 290//111 291//111 363//111 362//111
f 343//1 344//1 416//1 415//1
f 317//1 318//1 390//1 389//1
f 291//112 292//112 364//112 363//112
f 344//1 345//1 417//1 416//1
f 318//1 319//1 391//1 390//1
f 292//113 293//113 365//113 364//113
f 345//1 346//1 418//1 417//1
f 319//1 320//1 392//1 391//1
f 293//114 294//114 366//114 365//114
f 346//1 347//1 419//1 418//1
f 320//1 321//1 393//1 392//1
f 294//115 295//115 367//115 366//115
f 347//1 348//1 420//1 419//1
f 321//1 322//1 394//1 393//1
f 295//116 296//116 368//116 367//116
f 348//1 349//1 421//1 420//1
f 322//1 323//1 395//1 394//1
f 296//117 297//117 369//117 368//117
f 349//1 350//1 422//1 421//1
f 323//1 324//1 396//1 395//1
f 297//118 298//118 370//118 369//118
f 350//1 351//1 423//1 422//1
f 324//1 325//1 397//1 396//1
f 298//119 299//119 371//119 370//119
f 351//1 352//1 424//1 423//1
f 325//1 326//1 398//1 397//1
f 299//120 300//120 372//120 371//120
f 352//1 353//1 425//1 424//1
f 326//1 327//1 399//1 398//1
f 300//121 301//121 373//121 372//121
f 353//1 354//1 426//1 425//1
f 327//1 328//1 400//1 399//1
f 301//122 302//122 374//122 373//122
f 354//1 355//1 427//1 426//1
f 328//1 329//1 401//1 400//1
f 302//123 303//123 375//123 374//123
f 355//1 356//1 428//1 427//1
f 329//1 330//1 402//1 401//1
f 303//124 304//124 376//124 375//124
f 356//1 357//1 429//1 428//1
f 330//1 331//1 403//1 402//1
f 304//125 305//125 377//125 376//125
f 357//1 358//1 430//1 429//1
f 331//1 332//1 404//1 403//1
f 305//126 306//126 378//126 377//126
f 358//1 359//1 431//1 430//1
f 332//1 333//1 405//1 404//1
f 306//127 307//127 379//127 378//127
f 359//1 360//1 432//1 431//1
f 333//1 334//1 406//1 405//1
f 307//128 308//128 380//128 379//128
f 334//1 335//1 407//1 406//1
f 308//95 309//95 381//129 380//130
f 421//1 422//1 494//1 493//1
f 395//1 396//1 468//1 467//1
f 369//131 370//131 442//131 441//131
f 422//1 423//1 495//1 494//1
f 396//1 397//1 469//1 468//1
f 370//132 371//132 443//132 442//132
f 423//1 424//1 496//1 495//1
f 397//1 398//1 470//1 469//1
f 371//133 372//133 444//133 443//133
f 424//1 425//1 497//1 496//1
f 398//1 399//1 471//1 470//1
f 372//134 373//134 445//134 444//134
f 425//1 426//1 498//1 497//1
f 399//1 400//1 472//1 471//1
f 373//135 374//135 446//135 445//135
f 426//1 427//1 499//1 498//1
f 400//1 401//1 473//1 472//1
f 374//136 375//136 447//136 446//136
f 427//1 428//1 500//1 499//1
f 401//1 402//1 474//1 473//1
f 375//137 376//137 448//137 447//137
f 428//1 429//1 501//1 500//1
f 402//1 403//1 475//1 474//1
f 376//138 377//138 449//138 448//138
f 429//1 430//1 502//1 501//1
f 403//1 404//1 476//1 475//1
f 377//139 378//139 450//139 449//139
f 430//1 431//1 503//1 502//1
f 404//1 405//1 477//1 476//1
f 378//140 379//140 451//140 450//140
f 431//1 432//1 504//1 503//1
f 405//1 406//1 478//1 477//1
f 379//141 380//141 452//141 451//141
f 406//1 407//1 479//1 478//1
f 380//130 381//129 453//142 452//142
f 407//1 408//1 480//1 479//1
f 381//143 382//144 454//144 453//143
f 408//1 409//1 481//1 480//1
f 382//144 383//108 455//145 454//144
f 409//1 410//1 482//1 481//1
f 383//108 384//109 456//146 455//145
f 410//1 411//1 483//1 482//1
f 384//109 385//1 457//1 456//146
f 411//1 412//1 484//1 483//1
f 385//1 386//1 458//1 457//1
f 412//1 413//1 485//1 484//1
f 386//1 387//1 459//1 458//1
f 413//1 414//1 486//1 485//1
f 387//1 388//1 460//1 459//1
f 361//147 362//147 434//147 433//147
f 414//1 415//1 487//1 486//1
f 388//1 389//1 461//1 460//1
f 362//148 363//148 435//148 434//148
f 415//1 416//1 488//1 487//1
f 389//1 390//1 462//1 461//1
f 363//149 364//149 436//149 435//149
f 416//1 417//1 489//1 488//1
f 390//1 391//1 463//1 462//1
f 364//150 365//150 437//150 436//150
f 417//1 418//1 490//1 489//1
f 391//1 392//1 464//1 463//1
f 365//151 366//151 438//151 437//151
f 418//1 419//1 491//1 490//1
f 392//1 393//1 465//1 464//1
f 366//152 367//152 439//152 438//152
f 419//1 420//1 492//1 491//1
f 393//1 394//1 466//1 465//1
f 367//153 368//153 440//153 439//153
f 420//1 421//1 493//1 492//1
f 394//1 395//1 467//1 466//1
f 368//154 369//154 441//154 440//154
f 481//1 482//1 554//1 553//1
f 455//145 456//146 528//155 527//156
f 482//1 483//1 555//1 554//1
f 456//146 457//1 529//1 528//155
f 483//1 484//1 556//1 555//1
f 457//1 458//1 530//1 529//1
f 484//1 485//1 557//1 556//1
f 458//1 459//1 531//1 530//1
f 485//1 486//1 558//1 557//1
f 459//1 460//1 532//1 531//1
f 433//157 434//157 506//157 505//157
f 486//1 487//1 559//1 558//1
f 460//1 461//1 533//1 532//1
f 434//158 435//158 507//158 506//158
f 487//1 488//1 560//1 559//1
f 461//1 462//1 534//1 533//1
f 435//159 436//159 508//159 507//159
f 488//1 489//1 561//1 560//1
f 462//1 463//1 535//1 534//1
f 436//160 437//160 509//160 508//160
f 489//1 490//1 562//1 561//1
f 463//1 464//1 536//1 535//1
f 437//161 438//161 510//161 509//161
f 490//1 491//1 563//1 562//1
f 464//1 465//1 537//1 536//1
f 438//162 439//162 511//162 510//162
f 491//1 492//1 564//1 563//1
f 465//1 466//1 538//1 537//1
f 439//163 440//163 512//163 511//163
f 492//1 493//1 565//1 564//1
f 466//1 467//1 539//1 538//1
f 440//164 441//164 513//164 512//164
f 493//1 494//1 566//1 565//1
f 467//1 468//1 540//1 539//1
f 441//165 442//165 514//165 513//165
f 494//1 495//1 567//1 566//1
f 468//1 469//1 541//1 540//1
f 442//166 443//166 515//166 514//166
f 495//1 496//1 568//1 567//1
f 469//1 470//1 542//1 541//1
f 443//167 444//167 516//167 515//167
f 496//1 497//1 569//1 568//1
f 470//1 471//1 543//1 542//1
f 444//168 445//168 517//168 516//168
f 497//1 498//1 570//1 569//1
f 471//1 472//1 544//1 543//1
f 445//169 446//169 518//169 517//169
f 498//1 499//1 571//1 570//1
f 472//1 473//1 545//1 544//1
f 446//170 447//170 519//170 518//170
f 499//1 500//1 572//1 571//1
f 473//1 474//1 546//1 545//1
f 447//171 448//171 520//171 519//171
f 500//1 501//1 573//1 572//1
f 474//1 475//1 547//1 546//1
f 448//172 449//172 521//172 520//172
f 501//1 502//1 574//1 573//1
f 475//1 476//1 548//1 547//1
f 449//173 450//173 522//173 521//173
f 502//1 503//1 575//1 574//1
f 476//1 477//1 549//1 548//1
f 450//174 451//174 523//174 522//174
f 503//1 504//1 576//1 575//1
f 477//1 478//1 550//1 549//1
f 451//175 452//175 524//175 523//175
f 478//1 479//1 551//1 550//1
f 452//142 453//142 525//176 524//176
f 479//1 480//1 552//1 551//1
f 453//177 454//177 526//178 525//179
f 480//1 481//1 553//1 552//1
f 454//180 455//145 527//156 526//181
f 567//1 568//1 640//1 639//1
f 541//1 542//1 614//1 613//1
f 515//182 516//182 588//182 587//182
f 568//1 569//1 641//1 640//1
f 542//1 543//1 615//1 614//1
f 516//183 517//183 589//183 588//183
f 569//1 570//1 642//1 641//1
f 543//1 544//1 616//1 615//1
f 517//184 518//184 590//184 589//184
f 570//1 571//1 643//1 642//1
f 544//1 545//1 617//1 616//1
f 518//185 519//185 591//185 590//185
f 571//1 572//1 644//1 643//1
f 545//1 546//1 618//1 617//1
f 519//186 520//186 592//186 591//186
f 572//1 573//1 645//1 644//1
f 546//1 547//1 619//1 618//1
f 520//187 521//187 593//187 592//187
f 573//1 574//1 646//1 645//1
f 547//1 548//1 620//1 619//1
f 521//188 522//188 594//188 593//188
f 574//1 575//1 647//1 646//1
f 548//1 549//1 621//1 620//1
f 522//189 523//189 595//189 594//189
f 575//1 576//1 648//1 647//1
f 549//1 550//1 622//1 621//1
f 523//190 524//190 596//190 595//190
f 550//1 551//1 623//1 622//1
f 524//176 525//176 597//191 596//191
f 551//1 552//1 624//1 623//1
f 525//179 526//178 598//192 597//192
f 552//1 553//1 625//1 624//1
f 526//181 527//156 599//193 598//194
f 553//1 554//1 626//1 625//1
f 527//156 528//155 600//195 599//193
f 554//1 555//1 627//1 626//1
f 528//155 529//1 601//1 600//195
f 555//1 556//1 628//1 627//1
f 529//1 530//1 602//1 601//1
f 556//1 557//1 629//1 628//1
f 530//1 531//1 603//1 602//1
f 557//1 558//1 630//1 629//1
f 531//1 532//1 604//1 603//1
f 505//196 506//196 578//196 577//196
f 558//1 559//1 631//1 630//1
f 532//1 533//1 605//1 604//1
f 506//197 507//197 579//197 578//197
f 559//1 560//1 632//1 631//1
f 533//1 534//1 606//1 605//1
f 507//198 508//198 580//198 579//198
f 560//1 561//1 633//1 632//1
f 534//1 535//1 607//1 606//1
f 508//199 509//199 581//199 580//199
f 561//1 562//1 634//1 633//1
f 535//1 536//1 608//1 607//1
f 509//200 510//200 582//200 581//200
f 562//1 563//1 635//1 634//1
f 536//1 537//1 609//1 608//1
f 510//201 511//201 583//201 582//201
f 563//1 564//1 636//1 635//1
f 537//1 538//1 610//1 609//1
f 511//202 512//202 584//202 583//202
f 564//1 565//1 637//1 636//1
f 538//1 539//1 611//1 610//1
f 512//203 513//203 585//203 584//203
f 565//1 566//1 638//1 637//1
f 539//1 540//1 612//1 611//1
f 513//204 514//204 586//204 585//204
f 566//1 567//1 639//1 638//1
f 540//1 541//1 613//1 612//1
f 514//205 515//205 587//205 586//205
f 627//1 628//1 700//1 699//1
f 601//1 602//1 674//1 673//1
f 628//1 629//1 701//1 700//1
f 602//1 603//1 675//1 674//1
f 629//1 630//1 702//1 701//1
f 603//1 604//1 676//1 675//1
f 577//206 578//206 650//206 649//206
f 630//1 631//1 703//1 702//1
f 604//1 605//1 677//1 676//1
f 578//207 579//207 651//207 650//207
f 631//1 632//1 704//1 703//1
f 605//1 606//1 678//1 677//1
f 579//208 580//208 652//208 651//208
f 632//1 633//1 705//1 704//1
f 606//1 607//1 679//1 678//1
f 580//209 581//209 653//209 652//209
f 633//1 634//1 706//1 705//1
f 607//1 608//1 680//1 679//1
f 581//210 582//210 654//210 653//210
f 634//1 635//1 707//1 706//1
f 608//1 609//1 681//1 680//1
f 582//211 583//211 655//211 654//211
f 635//1 636//1 708//1 707//1
f 609//1 610//1 682//1 681//1
f 583//212 584//212 656//212 655//212
f 636//1 637//1 709//1 708//1
f 610//1 611//1 683//1 682//1
f 584//213 585//213 657//213 656//213
f 637//1 638//1 710//1 709//1
f 611//1 612//1 684//1 683//1
f 585//214 586//214 658//214 657//214
f 638//1 639//1 711//1 710//1
f 612//1 613//1 685//1 684//1
f 586//215 587//215 659//215 658//215
f 639//1 640//1 712//1 711//1
f 613//1 614//1 686//1 685//1
f 587//216 588//216 660//216 659//216
f 640//1 641//1 713//1 712//1
f 614//1 615//1 687//1 686//1
f 588//217 589//217 661//217 660//217
f 641//1 642//1 714//1 713//1
f 615//1 616//1 688//1 687//1
f 589//218 590//218 662//218 661//218
f 642//1 643//1 715//1 714//1
f 616//1 617//1 689//1 688//1
f 590//219 591//219 663//219 662//219
f 643//1 644//1 716//1 715//1
f 617//1 618//1 690//1 689//1
f 591//220 592//220 664//220 663//220
f 644//1 645//1 717//1 716//1
f 618//1 619//1 691//1 690//1
f 592//221 593//221 665//221 664//221
f 645//1 646//1 718//1 717//1
f 619//1 620//1 692//1 691//1
f 593//222 594//222 666//222 665//222
f 646//1 647//1 719//1 718//1
f 620//1 621//1 693//1 692//1
f 594//223 595//223 667//223 666//223
f 647//1 648//1 720//1 719//1
f 621//1 622//1 694//1 693//1
f 595//224 596//224 668//224 667//224
f 622//1 623//1 695//1 694//1
f 596//191 597//191 669//225 668//225
f 623//1 624//1 696//1 695//1
f 597//192 598//192 670//226 669//227
f 624//1 625//1 697//1 696//1
f 598//194 599//193 671//228 670//229
f 625//1 626//1 698//1 697//1
f 599//193 600//195 672//230 671//228
f 626//1 627//1 699//1 698//1
f 600//195 601//1 673//1 672//230
f 713//1 714//1 786//1 785//1
f 687//1 688//1 760//1 759//1
f 661//231 662//231 734//231 733//231
f 714//1 715//1 787//1 786//1
f 688//1 689//1 761//1 760//1
f 662//232 663//232 735//232 734//232
f 715//1 716//1 788//1 787//1
f 689//1 690//1 762//1 761//1
f 663//233 664//233 736//233 735//233
f 716//1 717//1 789//1 788//1
f 690//1 691//1 763//1 762//1
f 664//234 665//234 737//234 736//234
f 717//1 718//1 790//1 789//1
f 691//1 692//1 764//1 763//1
f 665//235 666//235 738//235 737//235
f 718//1 719//1 791//1 790//1
f 692//1 693//1 765//1 764//1
f 666//236 667//236 739//236 738//236
f 719//1 720//1 792//1 791//1
f 693//1 694//1 766//1 765//1
f 667//237 668//237 740//237 739//237
f 694//1 695//1 767//1 766//1
f 668//225 669//225 741//238 740//238
f 695//1 696//1 768//1 767//1
f 669//227 670//226 742//239 741//240
f 696//1 697//1 769//1 768//1
f 670//226 671//228 743//241 742//239
f 697//1 698//1 770//1 769//1
f 671//228 672//230 744//242 743//241
f 698//1 699//1 771//1 770//1
f 672//230 673//1 745//1 744//242
f 699//1 700//1 772//1 771//1
f 673//1 674//1 746//1 745//1
f 700//1 701//1 773//1 772//1
f 674//1 675//1 747//1 746//1
f 701//1 702//1 774//1 773//1
f 675//1 676//1 748//1 747//1
f 649//243 650//243 722//243 721//243
f 702//1 703//1 775//1 774//1
f 676//1 677//1 749//1 748//1
f 650//244 651//244 723//244 722//244
f 703//1 704//1 776//1 775//1
f 677//1 678//1 750//1 749//1
f 651//245 652//245 724//245 723//245
f 704//1 705//1 777//1 776//1
f 678//1 679//1 751//1 750//1
f 652//246 653//246 725//246 724//246
f 705//1 706//1 778//1 777//1
f 679//1 680//1 752//1 751//1
f 653//247 654//247 726//247 725//247
f 706//1 707//1 779//1 778//1
f 680//1 681//1 753//1 752//1
f 654//248 655//248 727//248 726//248
f 707//1 708//1 780//1 779//1
f 681//1 682//1 754//1 753//1
f 655//249 656//249 728//249 727//249
f 708//1 709//1 781//1 780//1
f 682//1 683//1 755//1 754//1
f 656//250 657//250 729//250 728//250
f 709//1 710//1 782//1 781//1
f 683//1 684//1 756//1 755//1
f 657//251 658//251 730//251 729//251
f 710//1 711//1 783//1 782//1
f 684//1 685//1 757//1 756//1
f 658//252 659//252 731//252 730//252
f 711//1 712//1 784//1 783//1
f 685//1 686//1 758//1 757//1
f 659//253 660//253 732//253 731//253
f 712//1 713//1 785//1 784//1
f 686//1 687//1 759//1 758//1
f 660//254 661//254 733//254 732//254
f 773//1 774//1 846//1 845//1
f 747//1 748//1 820//1 819//1
f 721//255 722//255 794//255 793//255
f 774//1 775//1 847//1 846//1
f 748//1 749//1 821//1 820//1
f 722//256 723//256 795//256 794//256
f 775//1 776//1 848//1 847//1
f 749//1 750//1 822//1 821//1
f 723//257 724//257 796//257 795//257
f 776//1 777//1 849//1 848//1
f 750//1 751//1 823//1 822//1
f 724//258 725//258 797//258 796//258
f 777//1 778//1 850//1 849//1
f 751//1 752//1 824//1 823//1
f 725//259 726//259 798//259 797//259
f 778//1 779//1 851//1 850//1
f 752//1 753//1 825//1 824//1
f 726//260 727//260 799//260 798//260
f 779//1 780//1 852//1 851//1
f 753//1 754//1 826//1 825//1
f 727//261 728//261 800//261 799//261
f 780//1 781//1 853//1 852//1
f 754//1 755//1 827//1 826//1
f 728//262 729//262 801//262 800//262
f 781//1 782//1 854//1 853//1
f 755//1 756//1 828//1 827//1
f 729//263 730//263 802//263 801//263
f 782//1 783//1 855//1 854//1
f 756//1 757//1 829//1 828//1
f 730//264 731//264 803//264 802//264
f 783//1 784//1 856//1 855//1
f 757//1 758//1 830//1 829//1
f 731//265 732//265 804//265 803//265
f 784//1 785//1 857//1 856//1
f 758//1 759//1 831//1 830//1
f 732//266 733//266 805//266 804//266
f 785//1 786//1 858//1 857//1
f 759//1 760//1 832//1 831//1
f 733//267 734//267 806//267 805//267
f 786//1 787//1 859//1 858//1
f 760//1 761//1 833//1 832//1
f 734//268 735//268 807//268 806//268
f 787//1 788//1 860//1 859//1
f 761//1 762//1 834//1 833//1
f 735//269 736//269 808//269 807//269
f 788//1 789//1 861//1 860//1
f 762//1 763//1 835//1 834//1
f 736//270 737//270 809//270 808//270
f 789//1 790//1 862//1 861//1
f 763//1 764//1 836//1 835//1
f 737//271 738//271 810//271 809//271
f 790//1 791//1 863//1 862//1
f 764//1 765//1 837//1 836//1
f 738//272 739//272 811//272 810//272
f 791//1 792//1 864//1 863//1
f 765//1 766//1 838//1 837//1
f 739//273 740//273 812//273 811//273
f 766//1 767//1 839//1 838//1
f 740//238 741//238 813//274 812//275
f 767//1 768//1 840//1 839//1
f 741//276 742//277 814//277 813//276
f 768//1 769//1 841//1 840//1
f 742//277 743//241 815//278 814//277
f 769//1 770//1 842//1 841//1
f 743//241 744//242 816//279 815//278
f 770//1 771//1 843//1 842//1
f 744//242 745//1 817//1 816//279
f 771//1 772//1 844//1 843//1
f 745//1 746//1 818//1 817//1
f 772//1 773//1 845//1 844//1
f 746//1 747//1 819//1 818//1
f 833//1 834//1 906//1 905//1
f 807//280 808//280 880//280 879//280
f 860//1 861//1 933//1 932//1
f 834//1 835//1 907//1 906//1
f 808//281 809//281 881//281 880//281
f 861//1 862//1 934//1 933//1
f 835//1 836//1 908//1 907//1
f 809//282 810//282 882//282 881//282
f 862//1 863//1 935//1 934//1
f 836//1 837//1 909//1 908//1
f 810//283 811//283 883//283 882//283
f 863//1 864//1 936//1 935//1
f 837//1 838//1 910//1 909//1
f 811//284 812//284 884//284 883//284
f 838//1 839//1 911//1 910//1
f 812//275 813//274 885//285 884//285
f 839//1 840//1 912//1 911//1
f 813//286 814//287 886//287 885//286
f 840//1 841//1 913//1 912//1
f 814//287 815//278 887//288 886//287
f 841//1 842//1 914//1 913//1
f 815//278 816//279 888//289 887//288
f 842//1 843//1 915//1 914//1
f 816//279 817//1 889//1 888//289
f 843//1 844//1 916//1 915//1
f 817//1 818//1 890//1 889//1
f 844//1 845//1 917//1 916//1
f 818//1 819//1 891//1 890//1
f 845//1 846//1 918//1 917//1
f 819//1 820//1 892//1 891//1
f 793//290 794//290 866//290 865//290
f 846//1 847//1 919//1 918//1
f 820//1 821//1 893//1 892//1
f 794//291 795//291 867//291 866//291
f 847//1 848//1 920//1 919//1
f 821//1 822//1 894//1 893//1
f 795//292 796//292 868//292 867//292
f 848//1 849//1 921//1 920//1
f 822//1 823//1 895//1 894//1
f 796//293 797//293 869//293 868//293
f 849//1 850//1 922//1 921//1
f 823//1 824//1 896//1 895//1
f 797//294 798//294 870//294 869//294
f 850//1 851//1 923//1 922//1
f 824//1 825//1 897//1 896//1
f 798//295 799//295 871//295 870//295
f 851//1 852//1 924//1 923//1
f 825//1 826//1 898//1 897//1
f 799//296 800//296 872//296 871//296
f 852//1 853//1 925//1 924//1
f 826//1 827//1 899//1 898//1
f 800//297 801//297 873//297 872//297
f 853//1 854//1 926//1 925//1
f 827//1 828//1 900//1 899//1
f 801//298 802//298 874//298 873//298
f 854//1 855//1 927//1 926//1
f 828//1 829//1 901//1 900//1
f 802//299 803//299 875//299 874//299
f 855//1 856//1 928//1 927//1
f 829//1 830//1 902//1 901//1
f 803//300 804//300 876//300 875//300
f 856//1 857//1 929//1 928//1
f 830//1 831//1 903//1 902//1
f 804//301 805//301 877//301 876//301
f 857//1 858//1 930//1 929//1
f 831//1 832//1 904//1 903//1
f 805//302 806//302 878//302 877//302
f 858//1 859//1 931//1 930//1
f 832//1 833//1 905//1 904//1
f 806//303 807//303 879//303 878//303
f 859//1 860//1 932//1 931//1
f 916//1 917//1 989//1 988//1
f 890//1 891//1 963//1 962//1
f 917//1 918//1 990//1 989//1
f 891//1 892//1 964//1 963//1
f 865//304 866//304 938//304 937//304
f 918//1 919//1 991//1 990//1
f 892//1 893//1 965//1 964//1
f 866//305 867//305 939//305 938//305
f 919//1 920//1 992//1 991//1
f 893//1 894//1 966//1 965//1
f 867//306 868//306 940//306 939//306
f 920//1 921//1 993//1 992//1
f 894//1 895//1 967//1 966//1
f 868//307 869//307 941//307 940//307
f 921//1 922//1 994//1 993//1
f 895//1 896//1 968//1 967//1
f 869//308 870//308 942//308 941//308
f 922//1 923//1 995//1 994//1
f 896//1 897//1 969//1 968//1
f 870//309 871//309 943//309 942//309
f 923//1 924//1 996//1 995//1
f 897//1 898//1 970//1 969//1
f 871//310 872//310 944//310 943//310
f 924//1 925//1 997//1 996//1
f 898//1 899//1 971//1 970//1
f 872//311 873//311 945//311 944//311
f 925//1 926//1 998//1 997//1
f 899//1 900//1 972//1 971//1
f 873//312 874//312 946//312 945//312
f 926//1 927//1 999//1 998//1
f 900//1 901//1 973//1 972//1
f 874//313 875//313 947//313 946//313
f 927//1 928//1 1000//1 999//1
f 901//1 902//1 974//1 973//1
f 875//314 876//314 948//314 947//314
f 928//1 929//1 1001//1 1000//1
f 902//1 903//1 975//1 974//1
f 876//315 877//315 949//315 948//315
f 929//1 930//1 1002//1 1001//1
f 903//1 904//1 976//1 975//1
f 877//316 878//316 950//316 949//316
f 930//1 931//1 1003//1 1002//1
f 904//1 905//1 977//1 976//1
f 878//317 879//317 951//317 950//317
f 931//1 932//1 1004//1 1003//1
f 905//1 906//1 978//1 977//1
f 879//318 880//318 952//318 951//318
f 932//1 933//1 1005//1 1004//1
f 906//1 907//1 979//1 978//1
f 880//319 881//319 953//319 952//319
f 933//1 934//1 1006//1 1005//1
f 907//1 908//1 980//1 979//1
f 881//320 882//320 954//320 953//320
f 934//1 935//1 1007//1 1006//1
f 908//1 909//1 981//1 980//1
f 882//321 883//321 955//321 954//321
f 935//1 936//1 1008//1 1007//1
f 909//1 910//1 982//1 981//1
f 883//322 884//322 956//322 955//322
f 910//1 911//1 983//1 982//1
f 884//285 885//285 957//323 956//324
f 911//1 912//1 984//1 983//1
f 885//325 886//326 958//326 957//325
f 912//1 913//1 985//1 984//1
f 886//326 887//288 959//327 958//326
f 913//1 914//1 986//1 985//1
f 887//288 888//289 960//328 959//327
f 914//1 915//1 987//1 986//1
f 888//289 889//1 961//1 960//328
f 915//1 916//1 988//1 987//1
f 889//1 890//1 962//1 961//1
f 1002//1 1003//1 1075//1 1074//1
f 976//1 977//1 1049//1 1048//1
f 950//329 951//329 1023//329 1022//329
f 1003//1 1004//1 1076//1 1075//1
f 977//1 978//1 1050//1 1049//1
f 951//330 952//330 1024//330 1023//330
f 1004//1 1005//1 1077//1 1076//1
f 978//1 979//1 1051//1 1050//1
f 952//331 953//331 1025//331 1024//331
f 1005//1 1006//1 1078//1 1077//1
f 979//1 980//1 1052//1 1051//1
f 953//332 954//332 1026//332 1025//332
f 1006//1 1007//1 1079//1 1078//1
f 980//1 981//1 1053//1 1052//1
f 954//333 955//333 1027//333 1026//333
f 1007//1 1008//1 1080//1 1079//1
f 981//1 982//1 1054//1 1053//1
f 955//334 956//334 1028//334 1027//334
f 982//1 983//1 1055//1 1054//1
f 956//324 957//323 1029//335 1028//335
f 983//1 984//1 1056//1 1055//1
f 957//336 958//337 1030//337 1029//336
f 984//1 985//1 1057//1 1056//1
f 958//337 959//327 1031//338 1030//337
f 985//1 986//1 1058//1 1057//1
f 959//327 960//328 1032//339 1031//338
f 986//1 987//1 1059//1 1058//1
f 960//328 961//1 1033//1 1032//339
f 987//1 988//1 1060//1 1059//1
f 961//1 962//1 1034//1 1033//1
f 988//1 989//1 1061//1 1060//1
f 962//1 963//1 1035//1 1034//1
f 989//1 990//1 1062//1 1061//1
f 963//1 964//1 1036//1 1035//1
f 937//340 938//340 1010//340 1009//340
f 990//1 991//1 1063//1 1062//1
f 964//1 965//1 1037//1 1036//1
f 938//341 939//341 1011//341 1010//341
f 991//1 992//1 1064//1 1063//1
f 965//1 966//1 1038//1 1037//1
f 939//342 940//342 1012//342 1011//342
f 992//1 993//1 1065//1 1064//1
f 966//1 967//1 1039//1 1038//1
f 940//343 941//343 1013//343 1012//343
f 993//1 994//1 1066//1 1065//1
f 967//1 968//1 1040//1 1039//1
f 941//344 942//344 1014//344 1013//344
f 994//1 995//1 1067//1 1066//1
f 968//1 969//1 1041//1 1040//1
f 942//345 943//345 1015//345 1014//345
f 995//1 996//1 1068//1 1067//1
f 969//1 970//1 1042//1 1041//1
f 943//346 944//346 1016//346 1015//346
f 996//1 997//1 1069//1 1068//1
f 970//1 971//1 1043//1 1042//1
f 944//347 945//347 1017//347 1016//347
f 997//1 998//1 1070//1 1069//1
f 971//1 972//1 1044//1 1043//1
f 945//348 946//348 1018//348 1017//348
f 998//1 999//1 1071//1 1070//1
f 972//1 973//1 1045//1 1044//1
f 946//349 947//349 1019//349 1018//349
f 999//1 1000//1 1072//1 1071//1
f 973//1 974//1 1046//1 1045//1
f 947//350 948//350 1020//350 1019//350
f 1000//1 1001//1 1073//1 1072//1
f 974//1 975//1 1047//1 1046//1
f 948//351 949//351 1021//351 1020//351
f 1001//1 1002//1 1074//1 1073//1
f 975//1 976//1 1048//1 1047//1
f 949//352 950//352 1022//352 1021//352
f 1062//1 1063//1 1135//1 1134//1
f 1036//1 1037//1 1109//1 1108//1
f 1010//353 1011//353 1083//353 1082//353
f 1063//1 1064//1 1136//1 1135//1
f 1037//1 1038//1 1110//1 1109//1
f 1011//354 1012//354 1084//354 1083//354
f 1064//1 1065//1 1137//1 1136//1
f 1038//1 1039//1 1111//1 1110//1
f 1012//355 1013//355 1085//355 1084//355
f 1065//1 1066//1 1138//1 1137//1
f 1039//1 1040//1 1112//1 1111//1
f 1013//356 1014//356 1086//356 1085//356
f 1066//1 1067//1 1139//1 1138//1
f 1040//1 1041//1 1113//1 1112//1
f 1014//357 1015//357 1087//357 1086//357
f 1067//1 1068//1 1140//1 1139//1
f 1041//1 1042//1 1114//1 1113//1
f 1015//358 1016//358 1088//358 1087//358
f 1068//1 1069//1 1141//1 1140//1
f 1042//1 1043//1 1115//1 1114//1
f 1016//359 1017//359 1089//359 1088//359
f 1069//1 1070//1 1142//1 1141//1
f 1043//1 1044//1 1116//1 1115//1
f 1017//360 1018//360 1090//360 1089//360
f 1070//1 1071//1 1143//1 1142//1
f 1044//1 1045//1 1117//1 1116//1
f 1018//361 1019//361 1091//361 1090//361
f 1071//1 1072//1 1144//1 1143//1
f 1045//1 1046//1 1118//1 1117//1
f 1019//362 1020//362 1092//362 1091//362
f 1072//1 1073//1 1145//1 1144//1
f 1046//1 1047//1 1119//1 1118//1
f 1020//363 1021//363 1093//363 1092//363
f 1073//1 1074//1 1146//1 1145//1
f 1047//1 1048//1 1120//1 1119//1
f 1021//364 1022//364 1094//365 1093//364
f 1074//1 1075//1 1147//1 1146//1
f 1048//1 1049//1 1121//1 1120//1
f 1022//366 1023//366 1095//366 1094//366
f 1075//1 1076//1 1148//1 1147//1
f 1049//1 1050//1 1122//1 1121//1
f 1023//367 1024//367 1096//367 1095//367
f 1076//1 1077//1 1149//1 1148//1
f 1050//1 1051//1 1123//1 1122//1
f 1024//368 1025//368 1097//368 1096//368
f 1077//1 1078//1 1150//1 1149//1
f 1051//1 1052//1 1124//1 1123//1
f 1025//369 1026//369 1098//369 1097//369
f 1078//1 1079//1 1151//1 1150//1
f 1052//1 1053//1 1125//1 1124//1
f 1026//370 1027//370 1099//370 1098//370
f 1079//1 1080//1 1152//1 1151//1
f 1053//1 1054//1 1126//1 1125//1
f 1027//371 1028//371 1100//371 1099//371
f 1054//1 1055//1 1127//1 1126//1
f 1028//335 1029//335 1101//372 1100//372
f 1055//1 1056//1 1128//1 1127//1
f 1029//373 1030//373 1102//374 1101//374
f 1056//1 1057//1 1129//1 1128//1
f 1030//375 1031//338 1103//376 1102//377
f 1057//1 1058//1 1130//1 1129//1
f 1031//338 1032//339 1104//378 1103//376
f 1058//1 1059//1 1131//1 1130//1
f 1032//339 1033//1 1105//1 1104//378
f 1059//1 1060//1 1132//1 1131//1
f 1033//1 1034//1 1106//1 1105//1
f 1060//1 1061//1 1133//1 1132//1
f 1034//1 1035//1 1107//1 1106//1
f 1061//1 1062//1 1134//1 1133//1
f 1035//1 1036//1 1108//1 1107//1
f 1009//379 1010//379 1082//379 1081//379
f 1148//1 1149//1 1221//1 1220//1
f 1122//1 1123//1 1195//1 1194//1
f 1096//380 1097//380 1169//380 1168//380
f 1149//1 1150//1 1222//1 1221//1
f 1123//1 1124//1 1196//1 1195//1
f 1097//381 1098//381 1170//381 1169//381
f 1150//1 1151//1 1223//1 1222//1
f 1124//1 1125//1 1197//1 1196//1
f 1098//382 1099//382 1171//382 1170//382
f 1151//1 1152//1 1224//1 1223//1
f 1125//1 1126//1 1198//1 1197//1
f 1099//383 1100//383 1172//383 1171//383
f 1126//1 1127//1 1199//1 1198//1
f 1100//372 1101//372 1173//384 1172//384
f 1127//1 1128//1 1200//1 1199//1
f 1101//374 1102//374 1174//385 1173//385
f 1128//1 1129//1 1201//1 1200//1
f 1102//377 1103//376 1175//386 1174//387
f 1129//1 1130//1 1202//1 1201//1
f 1103//376 1104//378 1176//388 1175//386
f 1130//1 1131//1 1203//1 1202//1
f 1104//378 1105//1 1177//1 1176//388
f 1131//1 1132//1 1204//1 1203//1
f 1105//1 1106//1 1178//1 1177//1
f 1132//1 1133//1 1205//1 1204//1
f 1106//1 1107//1 1179//1 1178//1
f 1133//1 1134//1 1206//1 1205//1
f 1107//1 1108//1 1180//1 1179//1
f 1081//389 1082//389 1154//389 1153//389
f 1134//1 1135//1 1207//1 1206//1
f 1108//1 1109//1 1181//1 1180//1
f 1082//390 1083//390 1155//390 1154//390
f 1135//1 1136//1 1208//1 1207//1
f 1109//1 1110//1 1182//1 1181//1
f 1083//391 1084//391 1156//391 1155//391
f 1136//1 1137//1 1209//1 1208//1
f 1110//1 1111//1 1183//1 1182//1
f 1084//392 1085//392 1157//392 1156//392
f 1137//1 1138//1 1210//1 1209//1
f 1111//1 1112//1 1184//1 1183//1
f 1085//393 1086//393 1158//393 1157//393
f 1138//1 1139//1 1211//1 1210//1
f 1112//1 1113//1 1185//1 1184//1
f 1086//394 1087//394 1159//394 1158//394
f 1139//1 1140//1 1212//1 1211//1
f 1113//1 1114//1 1186//1 1185//1
f 1087//395 1088//395 1160//395 1159//395
f 1140//1 1141//1 1213//1 1212//1
f 1114//1 1115//1 1187//1 1186//1
f 1088//396 1089//396 1161//396 1160//396
f 1141//1 1142//1 1214//1 1213//1
f 1115//1 1116//1 1188//1 1187//1
f 1089//397 1090//397 1162//397 1161//397
f 1142//1 1143//1 1215//1 1214//1
f 1116//1 1117//1 1189//1 1188//1
f 1090//398 1091//398 1163//398 1162//398
f 1143//1 1144//1 1216//1 1215//1
f 1117//1 1118//1 1190//1 1189//1
f 1091//399 1092//399 1164//399 1163//399
f 1144//1 1145//1 1217//1 1216//1
f 1118//1 1119//1 1191//1 1190//1
f 1092//400 1093//400 1165//400 1164//400
f 1145//1 1146//1 1218//1 1217//1
f 1119//1 1120//1 1192//1 1191//1
f 1093//401 1094//401 1166//401 1165//401
f 1146//1 1147//1 1219//1 1218//1
f 1120//1 1121//1 1193//1 1192//1
f 1094//402 1095//402 1167//402 1166//402
f 1147//1 1148//1 1220//1 1219//1
f 1121//1 1122//1 1194//1 1193//1
f 1095//403 1096//403 1168//403 1167//403
f 1208//1 1209//1 1281//1 1280//1
f 1182//1 1183//1 1255//1 1254//1
f 1156//404 1157//404 1229//404 1228//404
f 1209//1 1210//1 1282//1 1281//1
f 1183//1 1184//1 1256//1 1255//1
f 1157//405 1158//405 1230//405 1229//405
f 1210//1 1211//1 1283//1 1282//1
f 1184//1 1185//1 1257//1 1256//1
f 1158//406 1159//406 1231//406 1230//406
f 1211//1 1212//1 1284//1 1283//1
f 1185//1 1186//1 1258//1 1257//1
f 1159//407 1160//407 1232//407 1231//407
f 1212//1 1213//1 1285//1 1284//1
f 1186//1 1187//1 1259//1 1258//1
f 1160//408 1161//408 1233//408 1232//408
f 1213//1 1214//1 1286//1 1285//1
f 1187//1 1188//1 1260//1 1259//1
f 1161//409 1162//409 1234//409 1233//409
f 1214//1 1215//1 1287//1 1286//1
f 1188//1 1189//1 1261//1 1260//1
f 1162//410 1163//410 1235//410 1234//410
f 1215//1 1216//1 1288//1 1287//1
f 1189//1 1190//1 1262//1 1261//1
f 1163//411 1164//411 1236//411 1235//411
f 1216//1 1217//1 1289//1 1288//1
f 1190//1 1191//1 1263//1 1262//1
f 1164//412 1165//412 1237//412 1236//412
f 1217//1 1218//1 1290//1 1289//1
f 1191//1 1192//1 1264//1 1263//1
f 1165//413 1166//413 1238//413 1237//413
f 1218//1 1219//1 1291//1 1290//1
f 1192//1 1193//1 1265//1 1264//1
f 1166//414 1167//414 1239//414 1238//414
f 1219//1 1220//1 1292//1 1291//1
f 1193//1 1194//1 1266//1 1265//1
f 1167//415 1168//415 1240//415 1239//415
f 1220//1 1221//1 1293//1 1292//1
f 1194//1 1195//1 1267//1 1266//1
f 1168//416 1169//416 1241//416 1240//416
f 1221//1 1222//1 1294//1 1293//1
f 1195//1 1196//1 1268//1 1267//1
f 1169//417 1170//417 1242//417 1241//417
f 1222//1 1223//1 1295//1 1294//1
f 1196//1 1197//1 1269//1 1268//1
f 1170//418 1171//418 1243//418 1242//418
f 1223//1 1224//1 1296//1 1295//1
f 1197//1 1198//1 1270//1 1269//1
f 1171//419 1172//419 1244//419 1243//419
f 1198//1 1199//1 1271//1 1270//1
f 1172//384 1173//384 1245//420 1244//420
f 1199//1 1200//1 1272//1 1271//1
f 1173//385 1174//385 1246//421 1245//422
f 1200//1 1201//1 1273//1 1272//1
f 1174//387 1175//386 1247//423 1246//424
f 1201//1 1202//1 1274//1 1273//1
f 1175//386 1176//388 1248//425 1247//423
f 1202//1 1203//1 1275//1 1274//1
f 1176//388 1177//1 1249//1 1248//425
f 1203//1 1204//1 1276//1 1275//1
f 1177//1 1178//1 1250//1 1249//1
f 1204//1 1205//1 1277//1 1276//1
f 1178//1 1179//1 1251//1 1250//1
f 1205//1 1206//1 1278//1 1277//1
f 1179//1 1180//1 1252//1 1251//1
f 1153//426 1154//426 1226//426 1225//426
f 1206//1 1207//1 1279//1 1278//1
f 1180//1 1181//1 1253//1 1252//1
f 1154//427 1155//427 1227//427 1226//427
f 1207//1 1208//1 1280//1 1279//1
f 1181//1 1182//1 1254//1 1253//1
f 1155//428 1156//428 1228//428 1227//428
f 1268//1 1269//1 1341//1 1340//1
f 1242//429 1243//429 1315//429 1314//429
f 1295//1 1296//1 1368//1 1367//1
f 1269//1 1270//1 1342//1 1341//1
f 1243//430 1244//430 1316//430 1315//430
f 1270//1 1271//1 1343//1 1342//1
f 1244//420 1245//420 1317//431 1316//431
f 1271//1 1272//1 1344//1 1343//1
f 1245//422 1246//421 1318//432 1317//433
f 1272//1 1273//1 1345//1 1344//1
f 1246//421 1247//423 1319//434 1318//432
f 1273//1 1274//1 1346//1 1345//1
f 1247//423 1248//425 1320//435 1319//434
f 1274//1 1275//1 1347//1 1346//1
f 1248//425 1249//1 1321//1 1320//435
f 1275//1 1276//1 1348//1 1347//1
f 1249//1 1250//1 1322//1 1321//1
f 1276//1 1277//1 1349//1 1348//1
f 1250//1 1251//1 1323//1 1322//1
f 1277//1 1278//1 1350//1 1349//1
f 1251//1 1252//1 1324//1 1323//1
f 1225//436 1226//436 1298//436 1297//436
f 1278//1 1279//1 1351//1 1350//1
f 1252//1 1253//1 1325//1 1324//1
f 1226//437 1227//437 1299//437 1298//437
f 1279//1 1280//1 1352//1 1351//1
f 1253//1 1254//1 1326//1 1325//1
f 1227//438 1228//438 1300//438 1299//438
f 1280//1 1281//1 1353//1 1352//1
f 1254//1 1255//1 1327//1 1326//1
f 1228//439 1229//439 1301//439 1300//439
f 1281//1 1282//1 1354//1 1353//1
f 1255//1 1256//1 1328//1 1327//1
f 1229//440 1230//440 1302//440 1301//440
f 1282//1 1283//1 1355//1 1354//1
f 1256//1 1257//1 1329//1 1328//1
f 1230//441 1231//441 1303//441 1302//441
f 1283//1 1284//1 1356//1 1355//1
f 1257//1 1258//1 1330//1 1329//1
f 1231//442 1232//442 1304//442 1303//442
f 1284//1 1285//1 1357//1 1356//1
f 1258//1 1259//1 1331//1 1330//1
f 1232//443 1233//443 1305//443 1304//443
f 1285//1 1286//1 1358//1 1357//1
f 1259//1 1260//1 1332//1 1331//1
f 1233//444 1234//444 1306//444 1305//444
f 1286//1 1287//1 1359//1 1358//1
f 1260//1 1261//1 1333//1 1332//1
f 1234//445 1235//445 1307//445 1306//445
f 1287//1 1288//1 1360//1 1359//1
f 1261//1 1262//1 1334//1 1333//1
f 1235//446 1236//446 1308//446 1307//446
f 1288//1 1289//1 1361//1 1360//1
f 1262//1 1263//1 1335//1 1334//1
f 1236//447 1237//447 1309//447 1308//447
f 1289//1 1290//1 1362//1 1361//1
f 1263//1 1264//1 1336//1 1335//1
f 1237//448 1238//448 1310//448 1309//448
f 1290//1 1291//1 1363//1 1362//1
f 1264//1 1265//1 1337//1 1336//1
f 1238//449 1239//449 1311//449 1310//449
f 1291//1 1292//1 1364//1 1363//1
f 1265//1 1266//1 1338//1 1337//1
f 1239//450 1240//450 1312//450 1311//450
f 1292//1 1293//1 1365//1 1364//1
f 1266//1 1267//1 1339//1 1338//1
f 1240//451 1241//451 1313//451 1312//451
f 1293//1 1294//1 1366//1 1365//1
f 1267//1 1268//1 1340//1 1339//1
f 1241//452 1242//452 1314//452 1313//452
f 1294//1 1295//1 1367//1 1366//1
f 1328//1 1329//1 1401//1 1400//1
f 1302//453 1303//453 1375//453 1374//453
f 1355//1 1356//1 1428//1 1427//1
f 1329//1 1330//1 1402//1 1401//1
f 1303//454 1304//454 1376//454 1375//454
f 1356//1 1357//1 1429//1 1428//1
f 1330//1 1331//1 1403//1 1402//1
f 1304//455 1305//455 1377//455 1376//455
f 1357//1 1358//1 1430//1 1429//1
f 1331//1 1332//1 1404//1 1403//1
f 1305//456 1306//456 1378//456 1377//456
f 1358//1 1359//1 1431//1 1430//1
f 1332//1 1333//1 1405//1 1404//1
f 1306//457 1307//457 1379//457 1378//457
f 1359//1 1360//1 1432//1 1431//1
f 1333//1 1334//1 1406//1 1405//1
f 1307//458 1308//458 1380//458 1379//458
f 1360//1 1361//1 1433//1 1432//1
f 1334//1 1335//1 1407//1 1406//1
f 1308//459 1309//459 1381//459 1380//459
f 1361//1 1362//1 1434//1 1433//1
f 1335//1 1336//1 1408//1 1407//1
f 1309//460 1310//460 1382//460 1381//460
f 1362//1 1363//1 1435//1 1434//1
f 1336//1 1337//1 1409//1 1408//1
f 1310//461 1311//461 1383//461 1382//461
f 1363//1 1364//1 1436//1 1435//1
f 1337//1 1338//1 1410//1 1409//1
f 1311//462 1312//462 1384//462 1383//462
f 1364//1 1365//1 1437//1 1436//1
f 1338//1 1339//1 1411//1 1410//1
f 1312//463 1313//463 1385//463 1384//463
f 1365//1 1366//1 1438//1 1437//1
f 1339//1 1340//1 1412//1 1411//1
f 1313//464 1314//464 1386//464 1385//464
f 1366//1 1367//1 1439//1 1438//1
f 1340//1 1341//1 1413//1 1412//1
f 1314//465 1315//465 1387//465 1386//465
f 1367//1 1368//1 1440//1 1439//1
f 1341//1 1342//1 1414//1 1413//1
f 1315//466 1316//466 1388//466 1387//466
f 1342//1 1343//1 1415//1 1414//1
f 1316//431 1317//431 1389//467 1388//468
f 1343//1 1344//1 1416//1 1415//1
f 1317//469 1318//470 1390//470 1389//469
f 1344//1 1345//1 1417//1 1416//1
f 1318//470 1319//434 1391//471 1390//470
f 1345//1 1346//1 1418//1 1417//1
f 1319//434 1320//435 1392//472 1391//471
f 1346//1 1347//1 1419//1 1418//1
f 1320//435 1321//1 1393//1 1392//472
f 1347//1 1348//1 1420//1 1419//1
f 1321//1 1322//1 1394//1 1393//1
f 1348//1 1349//1 1421//1 1420//1
f 1322//1 1323//1 1395//1 1394//1
f 1349//1 1350//1 1422//1 1421//1
f 1323//1 1324//1 1396//1 1395//1
f 1297//473 1298//473 1370//473 1369//473
f 1350//1 1351//1 1423//1 1422//1
f 1324//1 1325//1 1397//1 1396//1
f 1298//474 1299//474 1371//474 1370//474
f 1351//1 1352//1 1424//1 1423//1
f 1325//1 1326//1 1398//1 1397//1
f 1299//475 1300//475 1372//475 1371//475
f 1352//1 1353//1 1425//1 1424//1
f 1326//1 1327//1 1399//1 1398//1
f 1300//476 1301//476 1373//476 1372//476
f 1353//1 1354//1 1426//1 1425//1
f 1327//1 1328//1 1400//1 1399//1
f 1301//477 1302//477 1374//477 1373//477
f 1354//1 1355//1 1427//1 1426//1
f 1388//468 1389//467 1461//478 1460//478
f 1415//1 1416//1 1488//1 1487//1
f 1389//479 1390//480 1462//481 1461//479
f 1416//1 1417//1 1489//1 1488//1
f 1390//480 1391//471 1463//482 1462//481
f 1417//1 1418//1 1490//1 1489//1
f 1391//471 1392//472 1464//483 1463//482
f 1418//1 1419//1 1491//1 1490//1
f 1392//472 1393//1 1465//1 1464//483
f 1419//1 1420//1 1492//1 1491//1
f 1393//1 1394//1 1466//1 1465//1
f 1420//1 1421//1 1493//1 1492//1
f 1394//1 1395//1 1467//1 1466//1
f 1421//1 1422//1 1494//1 1493//1
f 1395//1 1396//1 1468//1 1467//1
f 1369//484 1370//484 1442//484 1441//484
f 1422//1 1423//1 1495//1 1494//1
f 1396//1 1397//1 1469//1 1468//1
f 1370//485 1371//485 1443//485 1442//485
f 1423//1 1424//1 1496//1 1495//1
f 1397//1 1398//1 1470//1 1469//1
f 1371//486 1372//486 1444//486 1443//486
f 1424//1 1425//1 1497//1 1496//1
f 1398//1 1399//1 1471//1 1470//1
f 1372//487 1373//487 1445//487 1444//487
f 1425//1 1426//1 1498//1 1497//1
f 1399//1 1400//1 1472//1 1471//1
f 1373//488 1374//488 1446//488 1445//488
f 1426//1 1427//1 1499//1 1498//1
f 1400//1 1401//1 1473//1 1472//1
f 1374//489 1375//489 1447//489 1446//489
f 1427//1 1428//1 1500//1 1499//1
f 1401//1 1402//1 1474//1 1473//1
f 1375//490 1376//490 1448//490 1447//490
f 1428//1 1429//1 1501//1 1500//1
f 1402//1 1403//1 1475//1 1474//1
f 1376//491 1377//491 1449//491 1448//491
f 1429//1 1430//1 1502//1 1501//1
f 1403//1 1404//1 1476//1 1475//1
f 1377//492 1378//492 1450//492 1449//492
f 1430//1 1431//1 1503//1 1502//1
f 1404//1 1405//1 1477//1 1476//1
f 1378//493 1379//493 1451//493 1450//493
f 1431//1 1432//1 1504//1 1503//1
f 1405//1 1406//1 1478//1 1477//1
f 1379//494 1380//494 1452//494 1451//494
f 1432//1 1433//1 1505//1 1504//1
f 1406//1 1407//1 1479//1 1478//1
f 1380//495 1381//495 1453//495 1452//495
f 1433//1 1434//1 1506//1 1505//1
f 1407//1 1408//1 1480//1 1479//1
f 1381//496 1382//496 1454//496 1453//496
f 1434//1 1435//1 1507//1 1506//1
f 1408//1 1409//1 1481//1 1480//1
f 1382//497 1383//497 1455//497 1454//497
f 1435//1 1436//1 1508//1 1507//1
f 1409//1 1410//1 1482//1 1481//1
f 1383//498 1384//498 1456//498 1455//498
f 1436//1 1437//1 1509//1 1508//1
f 1410//1 1411//1 1483//1 1482//1
f 1384//499 1385//499 1457//499 1456//499
f 1437//1 1438//1 1510//1 1509//1
f 1411//1 1412//1 1484//1 1483//1
f 1385//500 1386//500 1458//500 1457//500
f 1438//1 1439//1 1511//1 1510//1
f 1412//1 1413//1 1485//1 1484//1
f 1386//501 1387//501 1459//501 1458//501
f 1439//1 1440//1 1512//1 1511//1
f 1413//1 1414//1 1486//1 1485//1
f 1387//502 1388//502 1460//502 1459//502
f 1414//1 1415//1 1487//1 1486//1
f 1448//503 1449//503 1521//503 1520//503
f 1501//1 1502//1 1574//1 1573//1
f 1475//1 1476//1 1548//1 1547//1
f 1449//504 1450//504 1522//504 1521//504
f 1502//1 1503//1 1575//1 1574//1
f 1476//1 1477//1 1549//1 1548//1
f 1450//505 1451//505 1523//505 1522//505
f 1503//1 1504//1 1576//1 1575//1
f 1477//1 1478//1 1550//1 1549//1
f 1451//506 1452//506 1524//506 1523//506
f 1504//1 1505//1 1577//1 1576//1
f 1478//1 1479//1 1551//1 1550//1
f 1452//507 1453//507 1525//507 1524//507
f 1505//1 1506//1 1578//1 1577//1
f 1479//1 1480//1 1552//1 1551//1
f 1453//508 1454//508 1526//508 1525//508
f 1506//1 1507//1 1579//1 1578//1
f 1480//1 1481//1 1553//1 1552//1
f 1454//509 1455//509 1527//509 1526//509
f 1507//1 1508//1 1580//1 1579//1
f 1481//1 1482//1 1554//1 1553//1
f 1455//510 1456//510 1528//510 1527//510
f 1508//1 1509//1 1581//1 1580//1
f 1482//1 1483//1 1555//1 1554//1
f 1456//511 1457//511 1529//511 1528//511
f 1509//1 1510//1 1582//1 1581//1
f 1483//1 1484//1 1556//1 1555//1
f 1457//512 1458//512 1530//512 1529//512
f 1510//1 1511//1 1583//1 1582//1
f 1484//1 1485//1 1557//1 1556//1
f 1458//513 1459//513 1531//513 1530//513
f 1511//1 1512//1 1584//1 1583//1
f 1485//1 1486//1 1558//1 1557//1
f 1459//514 1460//514 1532//514 1531//514
f 1486//1 1487//1 1559//1 1558//1
f 1460//478 1461//478 1533//515 1532//516
f 1487//1 1488//1 1560//1 1559//1
f 1461//517 1462//518 1534//518 1533//517
f 1488//1 1489//1 1561//1 1560//1
f 1462//518 1463//482 1535//519 1534//518
f 1489//1 1490//1 1562//1 1561//1
f 1463//482 1464//483 1536//520 1535//519
f 1490//1 1491//1 1563//1 1562//1
f 1464//483 1465//1 1537//1 1536//520
f 1491//1 1492//1 1564//1 1563//1
f 1465//1 1466//1 1538//1 1537//1
f 1492//1 1493//1 1565//1 1564//1
f 1466//1 1467//1 1539//1 1538//1
f 1493//1 1494//1 1566//1 1565//1
f 1467//1 1468//1 1540//1 1539//1
f 1441//521 1442//521 1514//521 1513//521
f 1494//1 1495//1 1567//1 1566//1
f 1468//1 1469//1 1541//1 1540//1
f 1442//522 1443//522 1515//522 1514//522
f 1495//1 1496//1 1568//1 1567//1
f 1469//1 1470//1 1542//1 1541//1
f 1443//523 1444//523 1516//523 1515//523
f 1496//1 1497//1 1569//1 1568//1
f 1470//1 1471//1 1543//1 1542//1
f 1444//524 1445//524 1517//524 1516//524
f 1497//1 1498//1 1570//1 1569//1
f 1471//1 1472//1 1544//1 1543//1
f 1445//525 1446//525 1518//525 1517//525
f 1498//1 1499//1 1571//1 1570//1
f 1472//1 1473//1 1545//1 1544//1
f 1446//526 1447//526 1519//526 1518//526
f 1499//1 1500//1 1572//1 1571//1
f 1473//1 1474//1 1546//1 1545//1
f 1447//527 1448//527 1520//527 1519//527
f 1500//1 1501//1 1573//1 1572//1
f 1474//1 1475//1 1547//1 1546//1
f 1561//1 1562//1 1634//1 1633//1
f 1535//519 1536//520 1608//528 1607//529
f 1562//1 1563//1 1635//1 1634//1
f 1536//520 1537//1 1609//1 1608//528
f 1563//1 1564//1 1636//1 1635//1
f 1537//1 1538//1 1610//1 1609//1
f 1564//1 1565//1 1637//1 1636//1
f 1538//1 1539//1 1611//1 1610//1
f 1565//1 1566//1 1638//1 1637//1
f 1539//1 1540//1 1612//1 1611//1
f 1513//530 1514//530 1586//530 1585//530
f 1566//1 1567//1 1639//1 1638//1
f 1540//1 1541//1 1613//1 1612//1
f 1514//531 1515//531 1587//531 1586//531
f 1567//1 1568//1 1640//1 1639//1
f 1541//1 1542//1 1614//1 1613//1
f 1515//532 1516//532 1588//532 1587//532
f 1568//1 1569//1 1641//1 1640//1
f 1542//1 1543//1 1615//1 1614//1
f 1516//533 1517//533 1589//533 1588//533
f 1569//1 1570//1 1642//1 1641//1
f 1543//1 1544//1 1616//1 1615//1
f 1517//534 1518//534 1590//534 1589//534
f 1570//1 1571//1 1643//1 1642//1
f 1544//1 1545//1 1617//1 1616//1
f 1518//535 1519//535 1591//535 1590//535
f 1571//1 1572//1 1644//1 1643//1
f 1545//1 1546//1 1618//1 1617//1
f 1519//536 1520//536 1592//536 1591//536
f 1572//1 1573//1 1645//1 1644//1
f 1546//1 1547//1 1619//1 1618//1
f 1520//537 1521//537 1593//537 1592//537
f 1573//1 1574//1 1646//1 1645//1
f 1547//1 1548//1 1620//1 1619//1
f 1521//538 1522//538 1594//538 1593//538
f 1574//1 1575//1 1647//1 1646//1
f 1548//1 1549//1 1621//1 1620//1
f 1522//539 1523//539 1595//539 1594//539
f 1575//1 1576//1 1648//1 1647//1
f 1549//1 1550//1 1622//1 1621//1
f 1523//540 1524//540 1596//540 1595//540
f 1576//1 1577//1 1649//1 1648//1
f 1550//1 1551//1 1623//1 1622//1
f 1524//541 1525//541 1597//541 1596//541
f 1577//1 1578//1 1650//1 1649//1
f 1551//1 1552//1 1624//1 1623//1
f 1525//542 1526//542 1598//542 1597//542
f 1578//1 1579//1 1651//1 1650//1
f 1552//1 1553//1 1625//1 1624//1
f 1526//543 1527//543 1599//543 1598//543
f 1579//1 1580//1 1652//1 1651//1
f 1553//1 1554//1 1626//1 1625//1
f 1527//544 1528//544 1600//544 1599//544
f 1580//1 1581//1 1653//1 1652//1
f 1554//1 1555//1 1627//1 1626//1
f 1528//545 1529//545 1601//545 1600//545
f 1581//1 1582//1 1654//1 1653//1
f 1555//1 1556//1 1628//1 1627//1
f 1529//546 1530//546 1602//546 1601//546
f 1582//1 1583//1 1655//1 1654//1
f 1556//1 1557//1 1629//1 1628//1
f 1530//547 1531//547 1603//547 1602//547
f 1583//1 1584//1 1656//1 1655//1
f 1557//1 1558//1 1630//1 1629//1
f 1531//548 1532//548 1604//548 1603//548
f 1558//1 1559//1 1631//1 1630//1
f 1532//516 1533//515 1605//549 1604//549
f 1559//1 1560//1 1632//1 1631//1
f 1533//550 1534//551 1606//551 1605//550
f 1560//1 1561//1 1633//1 1632//1
f 1534//551 1535//519 1607//529 1606//551
f 1647//1 1648//1 1720//1 1719//1
f 1621//1 1622//1 1694//1 1693//1
f 1595//552 1596//552 1668//552 1667//552
f 1648//1 1649//1 1721//1 1720//1
f 1622//1 1623//1 1695//1 1694//1
f 1596//553 1597//553 1669//553 1668//553
f 1649//1 1650//1 1722//1 1721//1
f 1623//1 1624//1 1696//1 1695//1
f 1597//554 1598//554 1670//554 1669//554
f 1650//1 1651//1 1723//1 1722//1
f 1624//1 1625//1 1697//1 1696//1
f 1598//555 1599//555 1671//555 1670//555
f 1651//1 1652//1 1724//1 1723//1
f 1625//1 1626//1 1698//1 1697//1
f 1599//556 1600//556 1672//556 1671//556
f 1652//1 1653//1 1725//1 1724//1
f 1626//1 1627//1 1699//1 1698//1
f 1600//557 1601//557 1673//557 1672//557
f 1653//1 1654//1 1726//1 1725//1
f 1627//1 1628//1 1700//1 1699//1
f 1601//558 1602//558 1674//558 1673//558
f 1654//1 1655//1 1727//1 1726//1
f 1628//1 1629//1 1701//1 1700//1
f 1602//559 1603//559 1675//559 1674//559
f 1655//1 1656//1 1728//1 1727//1
f 1629//1 1630//1 1702//1 1701//1
f 1603//560 1604//560 1676//560 1675//560
f 1630//1 1631//1 1703//1 1702//1
f 1604//549 1605//549 1677//561 1676//561
f 1631//1 1632//1 1704//1 1703//1
f 1605//562 1606//562 1678//563 1677//563
f 1632//1 1633//1 1705//1 1704//1
f 1606//564 1607//529 1679//565 1678//566
f 1633//1 1634//1 1706//1 1705//1
f 1607//529 1608//528 1680//567 1679//565
f 1634//1 1635//1 1707//1 1706//1
f 1608//528 1609//1 1681//1 1680//567
f 1635//1 1636//1 1708//1 1707//1
f 1609//1 1610//1 1682//1 1681//1
f 1636//1 1637//1 1709//1 1708//1
f 1610//1 1611//1 1683//1 1682//1
f 1637//1 1638//1 1710//1 1709//1
f 1611//1 1612//1 1684//1 1683//1
f 1585//568 1586//568 1658//568 1657//568
f 1638//1 1639//1 1711//1 1710//1
f 1612//1 1613//1 1685//1 1684//1
f 1586//569 1587//569 1659//569 1658//569
f 1639//1 1640//1 1712//1 1711//1
f 1613//1 1614//1 1686//1 1685//1
f 1587//570 1588//570 1660//570 1659//570
f 1640//1 1641//1 1713//1 1712//1
f 1614//1 1615//1 1687//1 1686//1
f 1588//571 1589//571 1661//571 1660//571
f 1641//1 1642//1 1714//1 1713//1
f 1615//1 1616//1 1688//1 1687//1
f 1589//572 1590//572 1662//572 1661//572
f 1642//1 1643//1 1715//1 1714//1
f 1616//1 1617//1 1689//1 1688//1
f 1590//573 1591//573 1663//573 1662//573
f 1643//1 1644//1 1716//1 1715//1
f 1617//1 1618//1 1690//1 1689//1
f 1591//574 1592//574 1664//574 1663//574
f 1644//1 1645//1 1717//1 1716//1
f 1618//1 1619//1 1691//1 1690//1
f 1592//575 1593//575 1665//575 1664//575
f 1645//1 1646//1 1718//1 1717//1
f 1619//1 1620//1 1692//1 1691//1
f 1593//576 1594//576 1666//576 1665//576
f 1646//1 1647//1 1719//1 1718//1
f 1620//1 1621//1 1693//1 1692//1
f 1594//577 1595//577 1667//577 1666//577
f 1724//1 1725//1 1797//1 1796//1
f 1707//1 1708//1 1780//1 1779//1
f 1681//1 1682//1 1754//1 1753//1
f 1725//1 1726//1 1798//1 1797//1
f 1708//1 1709//1 1781//1 1780//1
f 1682//1 1683//1 1755//1 1754//1
f 1726//1 1727//1 1799//1 1798//1
f 1709//1 1710//1 1782//1 1781//1
f 1683//1 1684//1 1756//1 1755//1
f 1657//578 1658//578 1730//578 1729//578
f 1727//1 1728//1 1800//1 1799//1
f 1710//1 1711//1 1783//1 1782//1
f 1684//1 1685//1 1757//1 1756//1
f 1658//579 1659//579 1731//579 1730//579
f 1711//1 1712//1 1784//1 1783//1
f 1685//1 1686//1 1758//1 1757//1
f 1659//580 1660//580 1732//580 1731//580
f 1712//1 1713//1 1785//1 1784//1
f 1686//1 1687//1 1759//1 1758//1
f 1660//581 1661//581 1733//581 1732//581
f 1713//1 1714//1 1786//1 1785//1
f 1687//1 1688//1 1760//1 1759//1
f 1661//582 1662//582 1734//582 1733//582
f 1714//1 1715//1 1787//1 1786//1
f 1688//1 1689//1 1761//1 1760//1
f 1662//583 1663//583 1735//583 1734//583
f 1715//1 1716//1 1788//1 1787//1
f 1689//1 1690//1 1762//1 1761//1
f 1663//584 1664//584 1736//584 1735//584
f 1690//1 1691//1 1763//1 1762//1
f 1664//585 1665//585 1737//585 1736//585
f 1691//1 1692//1 1764//1 1763//1
f 1665//586 1666//586 1738//586 1737//586
f 1692//1 1693//1 1765//1 1764//1
f 1666//587 1667//587 1739//587 1738//587
f 1693//1 1694//1 1766//1 1765//1
f 1667//588 1668//588 1740//588 1739//588
f 1694//1 1695//1 1767//1 1766//1
f 1668//589 1669//589 1741//589 1740//589
f 1695//1 1696//1 1768//1 1767//1
f 1669//590 1670//590 1742//590 1741//590
f 1696//1 1697//1 1769//1 1768//1
f 1670//591 1671//591 1743//591 1742//591
f 1697//1 1698//1 1770//1 1769//1
f 1671//592 1672//592 1744//592 1743//592
f 1698//1 1699//1 1771//1 1770//1
f 1672//593 1673//593 1745//593 1744//593
f 1716//1 1717//1 1789//1 1788//1
f 1699//1 1700//1 1772//1 1771//1
f 1673//594 1674//594 1746//594 1745//594
f 1717//1 1718//1 1790//1 1789//1
f 1700//1 1701//1 1773//1 1772//1
f 1674//595 1675//595 1747//595 1746//595
f 1718//1 1719//1 1791//1 1790//1
f 1701//1 1702//1 1774//1 1773//1
f 1675//596 1676//596 1748//596 1747//596
f 1719//1 1720//1 1792//1 1791//1
f 1702//1 1703//1 1775//1 1774//1
f 1676//561 1677//561 1749//597 1748//597
f 1720//1 1721//1 1793//1 1792//1
f 1703//1 1704//1 1776//1 1775//1
f 1677//563 1678//563 1750//598 1749//598
f 1721//1 1722//1 1794//1 1793//1
f 1704//1 1705//1 1777//1 1776//1
f 1678//566 1679//565 1751//599 1750//600
f 1722//1 1723//1 1795//1 1794//1
f 1705//1 1706//1 1778//1 1777//1
f 1679//565 1680//567 1752//601 1751//599
f 1723//1 1724//1 1796//1 1795//1
f 1706//1 1707//1 1779//1 1778//1
f 1680//567 1681//1 1753//1 1752//601
f 1784//1 1785//1 1857//1 1856//1
f 1758//1 1759//1 1831//1 1830//1
f 1732//602 1733//602 1805//602 1804//602
f 1785//1 1786//1 1858//1 1857//1
f 1759//1 1760//1 1832//1 1831//1
f 1733//603 1734//603 1806//603 1805//603
f 1786//1 1787//1 1859//1 1858//1
f 1760//1 1761//1 1833//1 1832//1
f 1734//604 1735//604 1807//604 1806//604
f 1787//1 1788//1 1860//1 1859//1
f 1761//1 1762//1 1834//1 1833//1
f 1735//605 1736//605 1808//605 1807//605
f 1788//1 1789//1 1861//1 1860//1
f 1762//1 1763//1 1835//1 1834//1
f 1736//606 1737//606 1809//606 1808//606
f 1789//1 1790//1 1862//1 1861//1
f 1763//1 1764//1 1836//1 1835//1
f 1737//607 1738//607 1810//607 1809//607
f 1790//1 1791//1 1863//1 1862//1
f 1764//1 1765//1 1837//1 1836//1
f 1738//608 1739//608 1811//608 1810//608
f 1791//1 1792//1 1864//1 1863//1
f 1765//1 1766//1 1838//1 1837//1
f 1739//609 1740//609 1812//609 1811//609
f 1792//1 1793//1 1865//1 1864//1
f 1766//1 1767//1 1839//1 1838//1
f 1740//610 1741//610 1813//610 1812//610
f 1793//1 1794//1 1866//1 1865//1
f 1767//1 1768//1 1840//1 1839//1
f 1741//611 1742//611 1814//611 1813//611
f 1794//1 1795//1 1867//1 1866//1
f 1768//1 1769//1 1841//1 1840//1
f 1742//612 1743//612 1815//612 1814//612
f 1795//1 1796//1 1868//1 1867//1
f 1769//1 1770//1 1842//1 1841//1
f 1743//613 1744//613 1816//613 1815//613
f 1796//1 1797//1 1869//1 1868//1
f 1770//1 1771//1 1843//1 1842//1
f 1744//614 1745//614 1817//614 1816//614
f 1797//1 1798//1 1870//1 1869//1
f 1771//1 1772//1 1844//1 1843//1
f 1745//615 1746//615 1818//615 1817//615
f 1798//1 1799//1 1871//1 1870//1
f 1772//1 1773//1 1845//1 1844//1
f 1746//616 1747//616 1819//616 1818//616
f 1799//1 1800//1 1872//1 1871//1
f 1773//1 1774//1 1846//1 1845//1
f 1747//617 1748//617 1820//617 1819//617
f 1774//1 1775//1 1847//1 1846//1
f 1748//597 1749//597 1821//618 1820//618
f 1775//1 1776//1 1848//1 1847//1
f 1749//598 1750//598 1822//619 1821//620
f 1776//1 1777//1 1849//1 1848//1
f 1750//600 1751//599 1823//621 1822//622
f 1777//1 1778//1 1850//1 1849//1
f 1751//599 1752//601 1824//623 1823//621
f 1778//1 1779//1 1851//1 1850//1
f 1752//601 1753//1 1825//1 1824//623
f 1779//1 1780//1 1852//1 1851//1
f 1753//1 1754//1 1826//1 1825//1
f 1780//1 1781//1 1853//1 1852//1
f 1754//1 1755//1 1827//1 1826//1
f 1781//1 1782//1 1854//1 1853//1
f 1755//1 1756//1 1828//1 1827//1
f 1729//624 1730//624 1802//624 1801//624
f 1782//1 1783//1 1855//1 1854//1
f 1756//1 1757//1 1829//1 1828//1
f 1730//625 1731//625 1803//625 1802//625
f 1783//1 1784//1 1856//1 1855//1
f 1757//1 1758//1 1830//1 1829//1
f 1731//626 1732//626 1804//626 1803//626
f 1870//1 1871//1 1943//1 1942//1
f 1844//1 1845//1 1917//1 1916//1
f 1818//627 1819//627 1891//627 1890//627
f 1871//1 1872//1 1944//1 1943//1
f 1845//1 1846//1 1918//1 1917//1
f 1819//628 1820//628 1892//628 1891//628
f 1846//1 1847//1 1919//1 1918//1
f 1820//618 1821//618 1893//629 1892//629
f 1847//1 1848//1 1920//1 1919//1
f 1821//620 1822//619 1894//630 1893//631
f 1848//1 1849//1 1921//1 1920//1
f 1822//619 1823//621 1895//632 1894//630
f 1849//1 1850//1 1922//1 1921//1
f 1823//621 1824//623 1896//633 1895//632
f 1850//1 1851//1 1923//1 1922//1
f 1824//623 1825//1 1897//1 1896//633
f 1851//1 1852//1 1924//1 1923//1
f 1825//1 1826//1 1898//1 1897//1
f 1852//1 1853//1 1925//1 1924//1
f 1826//1 1827//1 1899//1 1898//1
f 1853//1 1854//1 1926//1 1925//1
f 1827//1 1828//1 1900//1 1899//1
f 1801//634 1802//634 1874//634 1873//634
f 1854//1 1855//1 1927//1 1926//1
f 1828//1 1829//1 1901//1 1900//1
f 1802//635 1803//635 1875//635 1874//635
f 1855//1 1856//1 1928//1 1927//1
f 1829//1 1830//1 1902//1 1901//1
f 1803//636 1804//636 1876//636 1875//636
f 1856//1 1857//1 1929//1 1928//1
f 1830//1 1831//1 1903//1 1902//1
f 1804//637 1805//637 1877//637 1876//637
f 1857//1 1858//1 1930//1 1929//1
f 1831//1 1832//1 1904//1 1903//1
f 1805//638 1806//638 1878//638 1877//638
f 1858//1 1859//1 1931//1 1930//1
f 1832//1 1833//1 1905//1 1904//1
f 1806//639 1807//639 1879//639 1878//639
f 1859//1 1860//1 1932//1 1931//1
f 1833//1 1834//1 1906//1 1905//1
f 1807//640 1808//640 1880//640 1879//640
f 1860//1 1861//1 1933//1 1932//1
f 1834//1 1835//1 1907//1 1906//1
f 1808//641 1809//641 1881//641 1880//641
f 1861//1 1862//1 1934//1 1933//1
f 1835//1 1836//1 1908//1 1907//1
f 1809//642 1810//642 1882//642 1881//642
f 1862//1 1863//1 1935//1 1934//1
f 1836//1 1837//1 1909//1 1908//1
f 1810//643 1811//643 1883//643 1882//643
f 1863//1 1864//1 1936//1 1935//1
f 1837//1 1838//1 1910//1 1909//1
f 1811//644 1812//644 1884//644 1883//644
f 1864//1 1865//1 1937//1 1936//1
f 1838//1 1839//1 1911//1 1910//1
f 1812//645 1813//645 1885//645 1884//645
f 1865//1 1866//1 1938//1 1937//1
f 1839//1 1840//1 1912//1 1911//1
f 1813//646 1814//646 1886//646 1885//646
f 1866//1 1867//1 1939//1 1938//1
f 1840//1 1841//1 1913//1 1912//1
f 1814//647 1815//647 1887//647 1886//647
f 1867//1 1868//1 1940//1 1939//1
f 1841//1 1842//1 1914//1 1913//1
f 1815//648 1816//648 1888//648 1887//648
f 1868//1 1869//1 1941//1 1940//1
f 1842//1 1843//1 1915//1 1914//1
f 1816//649 1817//649 1889//649 1888//649
f 1869//1 1870//1 1942//1 1941//1
f 1843//1 1844//1 1916//1 1915//1
f 1817//650 1818//650 1890//650 1889//650
f 1930//1 1931//1 2003//1 2002//1
f 1904//1 1905//1 1977//1 1976//1
f 1878//651 1879//651 1951//651 1950//651
f 1931//1 1932//1 2004//1 2003//1
f 1905//1 1906//1 1978//1 1977//1
f 1879//652 1880//652 1952//652 1951//652
f 1932//1 1933//1 2005//1 2004//1
f 1906//1 1907//1 1979//1 1978//1
f 1880//653 1881//653 1953//653 1952//653
f 1933//1 1934//1 2006//1 2005//1
f 1907//1 1908//1 1980//1 1979//1
f 1881//654 1882//654 1954//654 1953//654
f 1934//1 1935//1 2007//1 2006//1
f 1908//1 1909//1 1981//1 1980//1
f 1882//655 1883//655 1955//655 1954//655
f 1935//1 1936//1 2008//1 2007//1
f 1909//1 1910//1 1982//1 1981//1
f 1883//656 1884//656 1956//656 1955//656
f 1936//1 1937//1 2009//1 2008//1
f 1910//1 1911//1 1983//1 1982//1
f 1884//657 1885//657 1957//657 1956//657
f 1937//1 1938//1 2010//1 2009//1
f 1911//1 1912//1 1984//1 1983//1
f 1885//658 1886//658 1958//658 1957//658
f 1938//1 1939//1 2011//1 2010//1
f 1912//1 1913//1 1985//1 1984//1
f 1886//659 1887//659 1959//659 1958//659
f 1939//1 1940//1 2012//1 2011//1
f 1913//1 1914//1 1986//1 1985//1
f 1887//660 1888//660 1960//660 1959//660
f 1940//1 1941//1 2013//1 2012//1
f 1914//1 1915//1 1987//1 1986//1
f 1888//661 1889//661 1961//661 1960//661
f 1941//1 1942//1 2014//1 2013//1
f 1915//1 1916//1 1988//1 1987//1
f 1889//662 1890//662 1962//662 1961//662
f 1942//1 1943//1 2015//1 2014//1
f 1916//1 1917//1 1989//1 1988//1
f 1890//663 1891//663 1963//663 1962//663
f 1943//1 1944//1 2016//1 2015//1
f 1917//1 1918//1 1990//1 1989//1
f 1891//664 1892//664 1964//664 1963//664
f 1918//1 1919//1 1991//1 1990//1
f 1892//629 1893//629 1965//665 1964//666
f 1919//1 1920//1 1992//1 1991//1
f 1893//667 1894//668 1966//668 1965//667
f 1920//1 1921//1 1993//1 1992//1
f 1894//668 1895//632 1967//669 1966//668
f 1921//1 1922//1 1994//1 1993//1
f 1895//632 1896//633 1968//670 1967//669
f 1922//1 1923//1 1995//1 1994//1
f 1896//633 1897//1 1969//1 1968//670
f 1923//1 1924//1 1996//1 1995//1
f 1897//1 1898//1 1970//1 1969//1
f 1924//1 1925//1 1997//1 1996//1
f 1898//1 1899//1 1971//1 1970//1
f 1925//1 1926//1 1998//1 1997//1
f 1899//1 1900//1 1972//1 1971//1
f 1873//671 1874//671 1946//671 1945//671
f 1926//1 1927//1 1999//1 1998//1
f 1900//1 1901//1 1973//1 1972//1
f 1874//672 1875//672 1947//672 1946//672
f 1927//1 1928//1 2000//1 1999//1
f 1901//1 1902//1 1974//1 1973//1
f 1875//673 1876//673 1948//673 1947//673
f 1928//1 1929//1 2001//1 2000//1
f 1902//1 1903//1 1975//1 1974//1
f 1876//674 1877//674 1949//674 1948//674
f 1929//1 1930//1 2002//1 2001//1
f 1903//1 1904//1 1976//1 1975//1
f 1877//675 1878//675 1950//675 1949//675
f 1990//1 1991//1 2063//1 2062//1
f 1964//666 1965//665 2037//676 2036//676
f 1991//1 1992//1 2064//1 2063//1
f 1965//677 1966//678 2038//678 2037//677
f 1992//1 1993//1 2065//1 2064//1
f 1966//678 1967//669 2039//679 2038//678
f 1993//1 1994//1 2066//1 2065//1
f 1967//669 1968//670 2040//680 2039//679
f 1994//1 1995//1 2067//1 2066//1
f 1968//670 1969//1 2041//1 2040//680
f 1995//1 1996//1 2068//1 2067//1
f 1969//1 1970//1 2042//1 2041//1
f 1996//1 1997//1 2069//1 2068//1
f 1970//1 1971//1 2043//1 2042//1
f 1997//1 1998//1 2070//1 2069//1
f 1971//1 1972//1 2044//1 2043//1
f 1945//681 1946//681 2018//681 2017//681
f 1998//1 1999//1 2071//1 2070//1
f 1972//1 1973//1 2045//1 2044//1
f 1946//682 1947//682 2019//682 2018//682
f 1999//1 2000//1 2072//1 2071//1
f 1973//1 1974//1 2046//1 2045//1
f 1947//683 1948//683 2020//683 2019//683
f 2000//1 2001//1 2073//1 2072//1
f 1974//1 1975//1 2047//1 2046//1
f 1948//684 1949//684 2021//684 2020//684
f 2001//1 2002//1 2074//1 2073//1
f 1975//1 1976//1 2048//1 2047//1
f 1949//685 1950//685 2022//685 2021//685
f 2002//1 2003//1 2075//1 2074//1
f 1976//1 1977//1 2049//1 2048//1
f 1950//686 1951//686 2023//686 2022//686
f 2003//1 2004//1 2076//1 2075//1
f 1977//1 1978//1 2050//1 2049//1
f 1951//687 1952//687 2024//687 2023//687
f 2004//1 2005//1 2077//1 2076//1
f 1978//1 1979//1 2051//1 2050//1
f 1952//688 1953//688 2025//688 2024//688
f 2005//1 2006//1 2078//1 2077//1
f 1979//1 1980//1 2052//1 2051//1
f 1953//689 1954//689 2026//689 2025//689
f 2006//1 2007//1 2079//1 2078//1
f 1980//1 1981//1 2053//1 2052//1
f 1954//690 1955//690 2027//690 2026//690
f 2007//1 2008//1 2080//1 2079//1
f 1981//1 1982//1 2054//1 2053//1
f 1955//691 1956//691 2028//691 2027//691
f 2008//1 2009//1 2081//1 2080//1
f 1982//1 1983//1 2055//1 2054//1
f 1956//692 1957//692 2029//692 2028//692
f 2009//1 2010//1 2082//1 2081//1
f 1983//1 1984//1 2056//1 2055//1
f 1957//693 1958//693 2030//693 2029//693
f 2010//1 2011//1 2083//1 2082//1
f 1984//1 1985//1 2057//1 2056//1
f 1958//694 1959//694 2031//694 2030//694
f 2011//1 2012//1 2084//1 2083//1
f 1985//1 1986//1 2058//1 2057//1
f 1959//695 1960//695 2032//695 2031//695
f 2012//1 2013//1 2085//1 2084//1
f 1986//1 1987//1 2059//1 2058//1
f 1960//696 1961//696 2033//696 2032//696
f 2013//1 2014//1 2086//1 2085//1
f 1987//1 1988//1 2060//1 2059//1
f 1961//697 1962//697 2034//697 2033//697
f 2014//1 2015//1 2087//1 2086//1
f 1988//1 1989//1 2061//1 2060//1
f 1962//698 1963//698 2035//698 2034//698
f 2015//1 2016//1 2088//1 2087//1
f 1989//1 1990//1 2062//1 2061//1
f 1963//699 1964//699 2036//699 2035//699
f 2050//1 2051//1 2123//1 2122//1
f 2024//700 2025//700 2097//700 2096//700
f 2077//1 2078//1 2150//1 2149//1
f 2051//1 2052//1 2124//1 2123//1
f 2025//701 2026//701 2098//701 2097//701
f 2078//1 2079//1 2151//1 2150//1
f 2052//1 2053//1 2125//1 2124//1
f 2026//702 2027//702 2099//702 2098//702
f 2079//1 2080//1 2152//1 2151//1
f 2053//1 2054//1 2126//1 2125//1
f 2027//703 2028//703 2100//703 2099//703
f 2080//1 2081//1 2153//1 2152//1
f 2054//1 2055//1 2127//1 2126//1
f 2028//704 2029//704 2101//704 2100//704
f 2081//1 2082//1 2154//1 2153//1
f 2055//1 2056//1 2128//1 2127//1
f 2029//705 2030//705 2102//705 2101//705
f 2082//1 2083//1 2155//1 2154//1
f 2056//1 2057//1 2129//1 2128//1
f 2030//706 2031//706 2103//706 2102//706
f 2083//1 2084//1 2156//1 2155//1
f 2057//1 2058//1 2130//1 2129//1
f 2031//707 2032//707 2104//707 2103//707
f 2084//1 2085//1 2157//1 2156//1
f 2058//1 2059//1 2131//1 2130//1
f 2032//708 2033//708 2105//708 2104//708
f 2085//1 2086//1 2158//1 2157//1
f 2059//1 2060//1 2132//1 2131//1
f 2033//709 2034//709 2106//709 2105//709
f 2086//1 2087//1 2159//1 2158//1
f 2060//1 2061//1 2133//1 2132//1
f 2034//710 2035//710 2107//710 2106//710
f 2087//1 2088//1 2160//1 2159//1
f 2061//1 2062//1 2134//1 2133//1
f 2035//711 2036//711 2108//711 2107//711
f 2062//1 2063//1 2135//1 2134//1
f 2036//676 2037//676 2109//712 2108//713
f 2063//1 2064//1 2136//1 2135//1
f 2037//714 2038//715 2110//715 2109//714
f 2064//1 2065//1 2137//1 2136//1
f 2038//715 2039//679 2111//716 2110//715
f 2065//1 2066//1 2138//1 2137//1
f 2039//679 2040//680 2112//717 2111//716
f 2066//1 2067//1 2139//1 2138//1
f 2040//680 2041//1 2113//1 2112//717
f 2067//1 2068//1 2140//1 2139//1
f 2041//1 2042//1 2114//1 2113//1
f 2068//1 2069//1 2141//1 2140//1
f 2042//1 2043//1 2115//1 2114//1
f 2069//1 2070//1 2142//1 2141//1
f 2043//1 2044//1 2116//1 2115//1
f 2017//718 2018//718 2090//718 2089//718
f 2070//1 2071//1 2143//1 2142//1
f 2044//1 2045//1 2117//1 2116//1
f 2018//719 2019//719 2091//719 2090//719
f 2071//1 2072//1 2144//1 2143//1
f 2045//1 2046//1 2118//1 2117//1
f 2019//720 2020//720 2092//720 2091//720
f 2072//1 2073//1 2145//1 2144//1
f 2046//1 2047//1 2119//1 2118//1
f 2020//721 2021//721 2093//721 2092//721
f 2073//1 2074//1 2146//1 2145//1
f 2047//1 2048//1 2120//1 2119//1
f 2021//722 2022//722 2094//722 2093//722
f 2074//1 2075//1 2147//1 2146//1
f 2048//1 2049//1 2121//1 2120//1
f 2022//723 2023//723 2095//723 2094//723
f 2075//1 2076//1 2148//1 2147//1
f 2049//1 2050//1 2122//1 2121//1
f 2023//724 2024//724 2096//724 2095//724
f 2076//1 2077//1 2149//1 2148//1
f 2110//725 2111//716 2183//726 2182//727
f 2137//1 2138//1 2210//1 2209//1
f 2111//716 2112//717 2184//728 2183//726
f 2138//1 2139//1 2211//1 2210//1
f 2112//717 2113//1 2185//1 2184//728
f 2139//1 2140//1 2212//1 2211//1
f 2113//1 2114//1 2186//1 2185//1
f 2140//1 2141//1 2213//1 2212//1
f 2114//1 2115//1 2187//1 2186//1
f 2141//1 2142//1 2214//1 2213//1
f 2115//1 2116//1 2188//1 2187//1
f 2089//729 2090//729 2162//729 2161//729
f 2142//1 2143//1 2215//1 2214//1
f 2116//1 2117//1 2189//1 2188//1
f 2090//730 2091//730 2163//730 2162//730
f 2143//1 2144//1 2216//1 2215//1
f 2117//1 2118//1 2190//1 2189//1
f 2091//731 2092//731 2164//731 2163//731
f 2144//1 2145//1 2217//1 2216//1
f 2118//1 2119//1 2191//1 2190//1
f 2092//732 2093//732 2165//732 2164//732
f 2145//1 2146//1 2218//1 2217//1
f 2119//1 2120//1 2192//1 2191//1
f 2093//733 2094//733 2166//733 2165//733
f 2146//1 2147//1 2219//1 2218//1
f 2120//1 2121//1 2193//1 2192//1
f 2094//734 2095//734 2167//734 2166//734
f 2147//1 2148//1 2220//1 2219//1
f 2121//1 2122//1 2194//1 2193//1
f 2095//735 2096//735 2168//735 2167//735
f 2148//1 2149//1 2221//1 2220//1
f 2122//1 2123//1 2195//1 2194//1
f 2096//736 2097//736 2169//736 2168//736
f 2149//1 2150//1 2222//1 2221//1
f 2123//1 2124//1 2196//1 2195//1
f 2097//737 2098//737 2170//737 2169//737
f 2150//1 2151//1 2223//1 2222//1
f 2124//1 2125//1 2197//1 2196//1
f 2098//738 2099//738 2171//738 2170//738
f 2151//1 2152//1 2224//1 2223//1
f 2125//1 2126//1 2198//1 2197//1
f 2099//739 2100//739 2172//739 2171//739
f 2152//1 2153//1 2225//1 2224//1
f 2126//1 2127//1 2199//1 2198//1
f 2100//740 2101//740 2173//740 2172//740
f 2153//1 2154//1 2226//1 2225//1
f 2127//1 2128//1 2200//1 2199//1
f 2101//741 2102//741 2174//741 2173//741
f 2154//1 2155//1 2227//1 2226//1
f 2128//1 2129//1 2201//1 2200//1
f 2102//742 2103//742 2175//742 2174//742
f 2155//1 2156//1 2228//1 2227//1
f 2129//1 2130//1 2202//1 2201//1
f 2103//743 2104//743 2176//743 2175//743
f 2156//1 2157//1 2229//1 2228//1
f 2130//1 2131//1 2203//1 2202//1
f 2104//744 2105//744 2177//744 2176//744
f 2157//1 2158//1 2230//1 2229//1
f 2131//1 2132//1 2204//1 2203//1
f 2105//745 2106//745 2178//745 2177//745
f 2158//1 2159//1 2231//1 2230//1
f 2132//1 2133//1 2205//1 2204//1
f 2106//746 2107//746 2179//746 2178//746
f 2159//1 2160//1 2232//1 2231//1
f 2133//1 2134//1 2206//1 2205//1
f 2107//747 2108//747 2180//747 2179//747
f 2134//1 2135//1 2207//1 2206//1
f 2108//713 2109//712 2181//748 2180//748
f 2135//1 2136//1 2208//1 2207//1
f 2109//749 2110//749 2182//750 2181//751
f 2136//1 2137//1 2209//1 2208//1
f 2170//752 2171//752 2243//752 2242//752
f 2223//1 2224//1 2296//1 2295//1
f 2197//1 2198//1 2270//1 2269//1
f 2171//753 2172//753 2244//753 2243//753
f 2224//1 2225//1 2297//1 2296//1
f 2198//1 2199//1 2271//1 2270//1
f 2172//754 2173//754 2245//754 2244//754
f 2225//1 2226//1 2298//1 2297//1
f 2199//1 2200//1 2272//1 2271//1
f 2173//755 2174//755 2246//755 2245//755
f 2226//1 2227//1 2299//1 2298//1
f 2200//1 2201//1 2273//1 2272//1
f 2174//756 2175//756 2247//756 2246//756
f 2227//1 2228//1 2300//1 2299//1
f 2201//1 2202//1 2274//1 2273//1
f 2175//757 2176//757 2248//757 2247//757
f 2228//1 2229//1 2301//1 2300//1
f 2202//1 2203//1 2275//1 2274//1
f 2176//758 2177//758 2249//758 2248//758
f 2229//1 2230//1 2302//1 2301//1
f 2203//1 2204//1 2276//1 2275//1
f 2177//759 2178//759 2250//759 2249//759
f 2230//1 2231//1 2303//1 2302//1
f 2204//1 2205//1 2277//1 2276//1
f 2178//760 2179//760 2251//760 2250//760
f 2231//1 2232//1 2304//1 2303//1
f 2205//1 2206//1 2278//1 2277//1
f 2179//761 2180//761 2252//761 2251//761
f 2206//1 2207//1 2279//1 2278//1
f 2180//748 2181//748 2253//762 2252//763
f 2207//1 2208//1 2280//1 2279//1
f 2181//751 2182//750 2254//764 2253//764
f 2208//1 2209//1 2281//1 2280//1
f 2182//727 2183//726 2255//765 2254//766
f 2209//1 2210//1 2282//1 2281//1
f 2183//726 2184//728 2256//767 2255//765
f 2210//1 2211//1 2283//1 2282//1
f 2184//728 2185//1 2257//1 2256//767
f 2211//1 2212//1 2284//1 2283//1
f 2185//1 2186//1 2258//1 2257//1
f 2212//1 2213//1 2285//1 2284//1
f 2186//1 2187//1 2259//1 2258//1
f 2213//1 2214//1 2286//1 2285//1
f 2187//1 2188//1 2260//1 2259//1
f 2161//768 2162//768 2234//768 2233//768
f 2214//1 2215//1 2287//1 2286//1
f 2188//1 2189//1 2261//1 2260//1
f 2162//769 2163//769 2235//769 2234//769
f 2215//1 2216//1 2288//1 2287//1
f 2189//1 2190//1 2262//1 2261//1
f 2163//770 2164//770 2236//770 2235//770
f 2216//1 2217//1 2289//1 2288//1
f 2190//1 2191//1 2263//1 2262//1
f 2164//771 2165//771 2237//771 2236//771
f 2217//1 2218//1 2290//1 2289//1
f 2191//1 2192//1 2264//1 2263//1
f 2165//772 2166//772 2238//772 2237//772
f 2218//1 2219//1 2291//1 2290//1
f 2192//1 2193//1 2265//1 2264//1
f 2166//773 2167//773 2239//773 2238//773
f 2219//1 2220//1 2292//1 2291//1
f 2193//1 2194//1 2266//1 2265//1
f 2167//774 2168//774 2240//774 2239//774
f 2220//1 2221//1 2293//1 2292//1
f 2194//1 2195//1 2267//1 2266//1
f 2168//775 2169//775 2241//775 2240//775
f 2221//1 2222//1 2294//1 2293//1
f 2195//1 2196//1 2268//1 2267//1
f 2169//776 2170//776 2242//776 2241//776
f 2222//1 2223//1 2295//1 2294//1
f 2196//1 2197//1 2269//1 2268//1
f 2283//1 2284//1 52//1 51//1
f 2257//1 2258//1 26//1 25//1
f 2284//1 2285//1 53//1 52//1
f 2258//1 2259//1 27//1 26//1
f 2285//1 2286//1 54//1 53//1
f 2259//1 2260//1 28//1 27//1
f 2233//777 2234//777 2//777 1//777
f 2286//1 2287//1 55//1 54//1
f 2260//1 2261//1 29//1 28//1
f 2234//778 2235//778 3//778 2//778
f 2287//1 2288//1 56//1 55//1
f 2261//1 2262//1 30//1 29//1
f 2235//779 2236//779 4//779 3//779
f 2288//1 2289//1 57//1 56//1
f 2262//1 2263//1 31//1 30//1
f 2236//780 2237//780 5//780 4//780
f 2289//1 2290//1 58//1 57//1
f 2263//1 2264//1 32//1 31//1
f 2237//781 2238//781 6//781 5//781
f 2290//1 2291//1 59//1 58//1
f 2264//1 2265//1 33//1 32//1
f 2238//782 2239//782 7//782 6//782
f 2291//1 2292//1 60//1 59//1
f 2265//1 2266//1 34//1 33//1
f 2239//783 2240//783 8//783 7//783
f 2292//1 2293//1 61//1 60//1
f 2266//1 2267//1 35//1 34//1
f 2240//784 2241//784 9//784 8//784
f 2293//1 2294//1 62//1 61//1
f 2267//1 2268//1 36//1 35//1
f 2241//785 2242//785 10//785 9//785
f 2294//1 2295//1 63//1 62//1
f 2268//1 2269//1 37//1 36//1
f 2242//786 2243//786 11//786 10//786
f 2295//1 2296//1 64//1 63//1
f 2269//1 2270//1 38//1 37//1
f 2243//787 2244//787 12//787 11//787
f 2296//1 2297//1 65//1 64//1
f 2270//1 2271//1 39//1 38//1
f 2244//788 2245//789 13//789 12//789
f 2297//1 2298//1 66//1 65//1
f 2271//1 2272//1 40//1 39//1
f 2245//790 2246//790 14//790 13//790
f 2298//1 2299//1 67//1 66//1
f 2272//1 2273//1 41//1 40//1
f 2246//791 2247//791 15//791 14//791
f 2299//1 2300//1 68//1 67//1
f 2273//1 2274//1 42//1 41//1
f 2247//792 2248//792 16//792 15//792
f 2300//1 2301//1 69//1 68//1
f 2274//1 2275//1 43//1 42//1
f 2248//793 2249//793 17//793 16//793
f 2301//1 2302//1 70//1 69//1
f 2275//1 2276//1 44//1 43//1
f 2249//794 2250//794 18//794 17//794
f 2302//1 2303//1 71//1 70//1
f 2276//1 2277//1 45//1 44//1
f 2250//795 2251//795 19//795 18//795
f 2303//1 2304//1 72//1 71//1
f 2277//1 2278//1 46//1 45//1
f 2251//796 2252//796 20//796 19//796
f 2278//1 2279//1 47//1 46//1
f 2252//763 2253//762 21//25 20//25
f 2279//1 2280//1 48//1 47//1
f 2253//764 2254//764 22//27 21//27
f 2280//1 2281//1 49//1 48//1
f 2254//766 2255//765 23//2 22//30
f 2281//1 2282//1 50//1 49//1
f 2255//765 2256//767 24//3 23//2
f 2282//1 2283//1 51//1 50//1
f 2256//767 2257//1 25//1 24//3
f 2353//797 2425//797 2426//797 2354//797
f 2327//798 2399//799 2400//800 2328//801
f 2354//797 2426//797 2427//797 2355//797
f 2328//801 2400//800 2401//797 2329//797
f 2355//797 2427//797 2428//797 2356//797
f 2329//797 2401//797 2402//797 2330//797
f 2356//797 2428//797 2429//797 2357//797
f 2330//797 2402//797 2403//797 2331//797
f 2357//797 2429//797 2430//797 2358//797
f 2331//797 2403//797 2404//797 2332//797
f 2305//802 2377//802 2378//802 2306//802
f 2358//797 2430//797 2431//797 2359//797
f 2332//797 2404//797 2405//797 2333//797
f 2306//803 2378//803 2379//803 2307//803
f 2359//797 2431//797 2432//797 2360//797
f 2333//797 2405//797 2406//797 2334//797
f 2307//804 2379//804 2380//804 2308//804
f 2360//797 2432//797 2433//797 2361//797
f 2334//797 2406//797 2407//797 2335//797
f 2308//805 2380//805 2381//805 2309//805
f 2361//797 2433//797 2434//797 2362//797
f 2335//797 2407//797 2408//797 2336//797
f 2309//806 2381//806 2382//806 2310//806
f 2362//797 2434//797 2435//797 2363//797
f 2336//797 2408//797 2409//797 2337//797
f 2310//807 2382//807 2383//807 2311//807
f 2363//797 2435//797 2436//797 2364//797
f 2337//797 2409//797 2410//797 2338//797
f 2311//808 2383//808 2384//808 2312//808
f 2364//797 2436//797 2437//797 2365//797
f 2338//797 2410//797 2411//797 2339//797
f 2312//809 2384//809 2385//809 2313//809
f 2365//797 2437//797 2438//797 2366//797
f 2339//797 2411//797 2412//797 2340//797
f 2313//810 2385//810 2386//810 2314//810
f 2366//797 2438//797 2439//797 2367//797
f 2340//797 2412//797 2413//797 2341//797
f 2314//811 2386//811 2387//811 2315//811
f 2367//797 2439//797 2440//797 2368//797
f 2341//797 2413//797 2414//797 2342//797
f 2315//812 2387//812 2388//812 2316//812
f 2368//797 2440//797 2441//797 2369//797
f 2342//797 2414//797 2415//797 2343//797
f 2316//813 2388//813 2389//813 2317//813
f 2369//797 2441//797 2442//797 2370//797
f 2343//797 2415//797 2416//797 2344//797
f 2317//814 2389//814 2390//814 2318//814
f 2370//797 2442//797 2443//797 2371//797
f 2344//797 2416//797 2417//797 2345//797
f 2318//815 2390//815 2391//815 2319//815
f 2371//797 2443//797 2444//797 2372//797
f 2345//797 2417//797 2418//797 2346//797
f 2319//816 2391//816 2392//816 2320//816
f 2372//797 2444//797 2445//797 2373//797
f 2346//797 2418//797 2419//797 2347//797
f 2320//817 2392//817 2393//817 2321//817
f 2373//797 2445//797 2446//797 2374//797
f 2347//797 2419//797 2420//797 2348//797
f 2321//818 2393//818 2394//818 2322//818
f 2374//797 2446//797 2447//797 2375//797
f 2348//797 2420//797 2421//797 2349//797
f 2322//819 2394//819 2395//819 2323//819
f 2375//797 2447//797 2448//797 2376//797
f 2349//797 2421//797 2422//797 2350//797
f 2323//820 2395//820 2396//820 2324//820
f 2350//797 2422//797 2423//797 2351//797
f 2324//821 2396//822 2397//822 2325//823
f 2351//797 2423//797 2424//797 2352//797
f 2325//824 2397//825 2398//825 2326//824
f 2352//797 2424//797 2425//797 2353//797
f 2326//826 2398//827 2399//799 2327//798
f 2406//797 2478//797 2479//797 2407//797
f 2380//828 2452//828 2453//828 2381//828
f 2433//797 2505//797 2506//797 2434//797
f 2407//797 2479//797 2480//797 2408//797
f 2381//829 2453//829 2454//829 2382//829
f 2434//797 2506//797 2507//797 2435//797
f 2408//797 2480//797 2481//797 2409//797
f 2382//830 2454//830 2455//830 2383//830
f 2435//797 2507//797 2508//797 2436//797
f 2409//797 2481//797 2482//797 2410//797
f 2383//831 2455//831 2456//831 2384//831
f 2436//797 2508//797 2509//797 2437//797
f 2410//797 2482//797 2483//797 2411//797
f 2384//832 2456//832 2457//832 2385//832
f 2437//797 2509//797 2510//797 2438//797
f 2411//797 2483//797 2484//797 2412//797
f 2385//833 2457//833 2458//833 2386//833
f 2438//797 2510//797 2511//797 2439//797
f 2412//797 2484//797 2485//797 2413//797
f 2386//834 2458//834 2459//834 2387//834
f 2439//797 2511//797 2512//797 2440//797
f 2413//797 2485//797 2486//797 2414//797
f 2387//835 2459//835 2460//835 2388//835
f 2440//797 2512//797 2513//797 2441//797
f 2414//797 2486//797 2487//797 2415//797
f 2388//836 2460//836 2461//836 2389//836
f 2441//797 2513//797 2514//797 2442//797
f 2415//797 2487//797 2488//797 2416//797
f 2389//837 2461//837 2462//837 2390//837
f 2442//797 2514//797 2515//797 2443//797
f 2416//797 2488//797 2489//797 2417//797
f 2390//838 2462//838 2463//838 2391//838
f 2443//797 2515//797 2516//797 2444//797
f 2417//797 2489//797 2490//797 2418//797
f 2391//839 2463//839 2464//839 2392//839
f 2444//797 2516//797 2517//797 2445//797
f 2418//797 2490//797 2491//797 2419//797
f 2392//840 2464//840 2465//840 2393//840
f 2445//797 2517//797 2518//797 2446//797
f 2419//797 2491//797 2492//797 2420//797
f 2393//841 2465//841 2466//841 2394//841
f 2446//797 2518//797 2519//797 2447//797
f 2420//797 2492//797 2493//797 2421//797
f 2394//842 2466//842 2467//842 2395//842
f 2447//797 2519//797 2520//797 2448//797
f 2421//797 2493//797 2494//797 2422//797
f 2395//843 2467//843 2468//843 2396//843
f 2422//797 2494//797 2495//797 2423//797
f 2396//822 2468//844 2469//844 2397//822
f 2423//797 2495//797 2496//797 2424//797
f 2397//825 2469//845 2470//845 2398//825
f 2424//797 2496//797 2497//797 2425//797
f 2398//827 2470//846 2471//847 2399//799
f 2425//797 2497//797 2498//797 2426//797
f 2399//799 2471//847 2472//848 2400//800
f 2426//797 2498//797 2499//797 2427//797
f 2400//800 2472//848 2473//797 2401//797
f 2427//797 2499//797 2500//797 2428//797
f 2401//797 2473//797 2474//797 2402//797
f 2428//797 2500//797 2501//797 2429//797
f 2402//797 2474//797 2475//797 2403//797
f 2429//797 2501//797 2502//797 2430//797
f 2403//797 2475//797 2476//797 2404//797
f 2377//849 2449//849 2450//849 2378//849
f 2430//797 2502//797 2503//797 2431//797
f 2404//797 2476//797 2477//797 2405//797
f 2378//850 2450//850 2451//850 2379//850
f 2431//797 2503//797 2504//797 2432//797
f 2405//797 2477//797 2478//797 2406//797
f 2379//851 2451//851 2452//851 2380//851
f 2432//797 2504//797 2505//797 2433//797
f 2466//852 2538//852 2539//852 2467//852
f 2519//797 2591//797 2592//797 2520//797
f 2493//797 2565//797 2566//797 2494//797
f 2467//853 2539//853 2540//853 2468//853
f 2494//797 2566//797 2567//797 2495//797
f 2468//844 2540//854 2541//854 2469//844
f 2495//797 2567//797 2568//797 2496//797
f 2469//845 2541//855 2542//855 2470//845
f 2496//797 2568//797 2569//797 2497//797
f 2470//846 2542//856 2543//857 2471//847
f 2497//797 2569//797 2570//797 2498//797
f 2471//847 2543//857 2544//858 2472//848
f 2498//797 2570//797 2571//797 2499//797
f 2472//848 2544//858 2545//797 2473//797
f 2499//797 2571//797 2572//797 2500//797
f 2473//797 2545//797 2546//797 2474//797
f 2500//797 2572//797 2573//797 2501//797
f 2474//797 2546//797 2547//797 2475//797
f 2501//797 2573//797 2574//797 2502//797
f 2475//797 2547//797 2548//797 2476//797
f 2449//859 2521//859 2522//859 2450//859
f 2502//797 2574//797 2575//797 2503//797
f 2476//797 2548//797 2549//797 2477//797
f 2450//860 2522//860 2523//860 2451//860
f 2503//797 2575//797 2576//797 2504//797
f 2477//797 2549//797 2550//797 2478//797
f 2451//861 2523//861 2524//861 2452//861
f 2504//797 2576//797 2577//797 2505//797
f 2478//797 2550//797 2551//797 2479//797
f 2452//862 2524//862 2525//862 2453//862
f 2505//797 2577//797 2578//797 2506//797
f 2479//797 2551//797 2552//797 2480//797
f 2453//863 2525//863 2526//863 2454//863
f 2506//797 2578//797 2579//797 2507//797
f 2480//797 2552//797 2553//797 2481//797
f 2454//864 2526//864 2527//864 2455//864
f 2507//797 2579//797 2580//797 2508//797
f 2481//797 2553//797 2554//797 2482//797
f 2455//865 2527//865 2528//865 2456//865
f 2508//797 2580//797 2581//797 2509//797
f 2482//797 2554//797 2555//797 2483//797
f 2456//866 2528//866 2529//866 2457//866
f 2509//797 2581//797 2582//797 2510//797
f 2483//797 2555//797 2556//797 2484//797
f 2457//867 2529//867 2530//867 2458//867
f 2510//797 2582//797 2583//797 2511//797
f 2484//797 2556//797 2557//797 2485//797
f 2458//868 2530//868 2531//868 2459//868
f 2511//797 2583//797 2584//797 2512//797
f 2485//797 2557//797 2558//797 2486//797
f 2459//869 2531//869 2532//869 2460//869
f 2512//797 2584//797 2585//797 2513//797
f 2486//797 2558//797 2559//797 2487//797
f 2460//870 2532//870 2533//870 2461//870
f 2513//797 2585//797 2586//797 2514//797
f 2487//797 2559//797 2560//797 2488//797
f 2461//871 2533//871 2534//871 2462//871
f 2514//797 2586//797 2587//797 2515//797
f 2488//797 2560//797 2561//797 2489//797
f 2462//872 2534//872 2535//872 2463//872
f 2515//797 2587//797 2588//797 2516//797
f 2489//797 2561//797 2562//797 2490//797
f 2463//873 2535//873 2536//873 2464//873
f 2516//797 2588//797 2589//797 2517//797
f 2490//797 2562//797 2563//797 2491//797
f 2464//874 2536//874 2537//874 2465//874
f 2517//797 2589//797 2590//797 2518//797
f 2491//797 2563//797 2564//797 2492//797
f 2465//875 2537//875 2538//875 2466//875
f 2518//797 2590//797 2591//797 2519//797
f 2492//797 2564//797 2565//797 2493//797
f 2526//876 2598//876 2599//876 2527//876
f 2579//797 2651//797 2652//797 2580//797
f 2553//797 2625//797 2626//797 2554//797
f 2527//877 2599//877 2600//877 2528//877
f 2580//797 2652//797 2653//797 2581//797
f 2554//797 2626//797 2627//797 2555//797
f 2528//878 2600//878 2601//878 2529//878
f 2581//797 2653//797 2654//797 2582//797
f 2555//797 2627//797 2628//797 2556//797
f 2529//879 2601//879 2602//879 2530//879
f 2582//797 2654//797 2655//797 2583//797
f 2556//797 2628//797 2629//797 2557//797
f 2530//880 2602//880 2603//880 2531//880
f 2583//797 2655//797 2656//797 2584//797
f 2557//797 2629//797 2630//797 2558//797
f 2531//881 2603//881 2604//881 2532//881
f 2584//797 2656//797 2657//797 2585//797
f 2558//797 2630//797 2631//797 2559//797
f 2532//882 2604//882 2605//882 2533//882
f 2585//797 2657//797 2658//797 2586//797
f 2559//797 2631//797 2632//797 2560//797
f 2533//883 2605//883 2606//883 2534//883
f 2586//797 2658//797 2659//797 2587//797
f 2560//797 2632//797 2633//797 2561//797
f 2534//884 2606//884 2607//884 2535//884
f 2587//797 2659//797 2660//797 2588//797
f 2561//797 2633//797 2634//797 2562//797
f 2535//885 2607//885 2608//885 2536//885
f 2588//797 2660//797 2661//797 2589//797
f 2562//797 2634//797 2635//797 2563//797
f 2536//886 2608//886 2609//886 2537//886
f 2589//797 2661//797 2662//797 2590//797
f 2563//797 2635//797 2636//797 2564//797
f 2537//887 2609//887 2610//887 2538//887
f 2590//797 2662//797 2663//797 2591//797
f 2564//797 2636//797 2637//797 2565//797
f 2538//888 2610//888 2611//888 2539//888
f 2591//797 2663//797 2664//797 2592//797
f 2565//797 2637//797 2638//797 2566//797
f 2539//889 2611//889 2612//889 2540//889
f 2566//797 2638//797 2639//797 2567//797
f 2540//854 2612//890 2613//890 2541//854
f 2567//797 2639//797 2640//797 2568//797
f 2541//855 2613//891 2614//891 2542//855
f 2568//797 2640//797 2641//797 2569//797
f 2542//856 2614//892 2615//893 2543//857
f 2569//797 2641//797 2642//797 2570//797
f 2543//857 2615//893 2616//894 2544//858
f 2570//797 2642//797 2643//797 2571//797
f 2544//858 2616//894 2617//797 2545//797
f 2571//797 2643//797 2644//797 2572//797
f 2545//797 2617//797 2618//797 2546//797
f 2572//797 2644//797 2645//797 2573//797
f 2546//797 2618//797 2619//797 2547//797
f 2573//797 2645//797 2646//797 2574//797
f 2547//797 2619//797 2620//797 2548//797
f 2521//895 2593//895 2594//895 2522//895
f 2574//797 2646//797 2647//797 2575//797
f 2548//797 2620//797 2621//797 2549//797
f 2522//896 2594//896 2595//896 2523//896
f 2575//797 2647//797 2648//797 2576//797
f 2549//797 2621//797 2622//797 2550//797
f 2523//897 2595//897 2596//897 2524//897
f 2576//797 2648//797 2649//797 2577//797
f 2550//797 2622//797 2623//797 2551//797
f 2524//898 2596//898 2597//898 2525//898
f 2577//797 2649//797 2650//797 2578//797
f 2551//797 2623//797 2624//797 2552//797
f 2525//899 2597//899 2598//899 2526//899
f 2578//797 2650//797 2651//797 2579//797
f 2552//797 2624//797 2625//797 2553//797
f 2639//797 2711//797 2712//797 2640//797
f 2613//891 2685//900 2686//900 2614//891
f 2640//797 2712//797 2713//797 2641//797
f 2614//892 2686//901 2687//902 2615//893
f 2641//797 2713//797 2714//797 2642//797
f 2615//893 2687//902 2688//903 2616//894
f 2642//797 2714//797 2715//797 2643//797
f 2616//894 2688//903 2689//797 2617//797
f 2643//797 2715//797 2716//797 2644//797
f 2617//797 2689//797 2690//797 2618//797
f 2644//797 2716//797 2717//797 2645//797
f 2618//797 2690//797 2691//797 2619//797
f 2645//797 2717//797 2718//797 2646//797
f 2619//797 2691//797 2692//797 2620//797
f 2593//904 2665//904 2666//904 2594//904
f 2646//797 2718//797 2719//797 2647//797
f 2620//797 2692//797 2693//797 2621//797
f 2594//905 2666//905 2667//905 2595//905
f 2647//797 2719//797 2720//797 2648//797
f 2621//797 2693//797 2694//797 2622//797
f 2595//906 2667//906 2668//906 2596//906
f 2648//797 2720//797 2721//797 2649//797
f 2622//797 2694//797 2695//797 2623//797
f 2596//907 2668//907 2669//907 2597//907
f 2649//797 2721//797 2722//797 2650//797
f 2623//797 2695//797 2696//797 2624//797
f 2597//908 2669//908 2670//908 2598//908
f 2650//797 2722//797 2723//797 2651//797
f 2624//797 2696//797 2697//797 2625//797
f 2598//909 2670//909 2671//909 2599//909
f 2651//797 2723//797 2724//797 2652//797
f 2625//797 2697//797 2698//797 2626//797
f 2599//910 2671//910 2672//910 2600//910
f 2652//797 2724//797 2725//797 2653//797
f 2626//797 2698//797 2699//797 2627//797
f 2600//911 2672//911 2673//911 2601//911
f 2653//797 2725//797 2726//797 2654//797
f 2627//797 2699//797 2700//797 2628//797
f 2601//912 2673//912 2674//912 2602//912
f 2654//797 2726//797 2727//797 2655//797
f 2628//797 2700//797 2701//797 2629//797
f 2602//913 2674//913 2675//913 2603//913
f 2655//797 2727//797 2728//797 2656//797
f 2629//797 2701//797 2702//797 2630//797
f 2603//914 2675//914 2676//914 2604//914
f 2656//797 2728//797 2729//797 2657//797
f 2630//797 2702//797 2703//797 2631//797
f 2604//915 2676//915 2677//915 2605//915
f 2657//797 2729//797 2730//797 2658//797
f 2631//797 2703//797 2704//797 2632//797
f 2605//916 2677//916 2678//916 2606//916
f 2658//797 2730//797 2731//797 2659//797
f 2632//797 2704//797 2705//797 2633//797
f 2606//917 2678//917 2679//917 2607//917
f 2659//797 2731//797 2732//797 2660//797
f 2633//797 2705//797 2706//797 2634//797
f 2607//918 2679//918 2680//918 2608//918
f 2660//797 2732//797 2733//797 2661//797
f 2634//797 2706//797 2707//797 2635//797
f 2608//919 2680//919 2681//919 2609//919
f 2661//797 2733//797 2734//797 2662//797
f 2635//797 2707//797 2708//797 2636//797
f 2609//920 2681//920 2682//920 2610//920
f 2662//797 2734//797 2735//797 2663//797
f 2636//797 2708//797 2709//797 2637//797
f 2610//921 2682//921 2683//921 2611//921
f 2663//797 2735//797 2736//797 2664//797
f 2637//797 2709//797 2710//797 2638//797
f 2611//922 2683//922 2684//922 2612//922
f 2638//797 2710//797 2711//797 2639//797
f 2612//890 2684//923 2685//923 2613//890
f 2725//797 2797//797 2798//797 2726//797
f 2699//797 2771//797 2772//797 2700//797
f 2673//924 2745//924 2746//924 2674//924
f 2726//797 2798//797 2799//797 2727//797
f 2700//797 2772//797 2773//797 2701//797
f 2674//925 2746//925 2747//925 2675//925
f 2727//797 2799//797 2800//797 2728//797
f 2701//797 2773//797 2774//797 2702//797
f 2675//926 2747//926 2748//926 2676//926
f 2728//797 2800//797 2801//797 2729//797
f 2702//797 2774//797 2775//797 2703//797
f 2676//927 2748//927 2749//927 2677//927
f 2729//797 2801//797 2802//797 2730//797
f 2703//797 2775//797 2776//797 2704//797
f 2677//928 2749//928 2750//928 2678//928
f 2730//797 2802//797 2803//797 2731//797
f 2704//797 2776//797 2777//797 2705//797
f 2678//929 2750//929 2751//929 2679//929
f 2731//797 2803//797 2804//797 2732//797
f 2705//797 2777//797 2778//797 2706//797
f 2679//930 2751//930 2752//930 2680//930
f 2732//797 2804//797 2805//797 2733//797
f 2706//797 2778//797 2779//797 2707//797
f 2680//931 2752//931 2753//931 2681//931
f 2733//797 2805//797 2806//797 2734//797
f 2707//797 2779//797 2780//797 2708//797
f 2681//932 2753//932 2754//932 2682//932
f 2734//797 2806//797 2807//797 2735//797
f 2708//797 2780//797 2781//797 2709//797
f 2682//933 2754//933 2755//933 2683//933
f 2735//797 2807//797 2808//797 2736//797
f 2709//797 2781//797 2782//797 2710//797
f 2683//934 2755//934 2756//934 2684//934
f 2710//797 2782//797 2783//797 2711//797
f 2684//923 2756//935 2757//936 2685//923
f 2711//797 2783//797 2784//797 2712//797
f 2685//900 2757//937 2758//937 2686//900
f 2712//797 2784//797 2785//797 2713//797
f 2686//901 2758//938 2759//939 2687//902
f 2713//797 2785//797 2786//797 2714//797
f 2687//902 2759//939 2760//940 2688//903
f 2714//797 2786//797 2787//797 2715//797
f 2688//903 2760//940 2761//797 2689//797
f 2715//797 2787//797 2788//797 2716//797
f 2689//797 2761//797 2762//797 2690//797
f 2716//797 2788//797 2789//797 2717//797
f 2690//797 2762//797 2763//797 2691//797
f 2717//797 2789//797 2790//797 2718//797
f 2691//797 2763//797 2764//797 2692//797
f 2665//941 2737//941 2738//941 2666//941
f 2718//797 2790//797 2791//797 2719//797
f 2692//797 2764//797 2765//797 2693//797
f 2666//942 2738//942 2739//942 2667//942
f 2719//797 2791//797 2792//797 2720//797
f 2693//797 2765//797 2766//797 2694//797
f 2667//943 2739//943 2740//943 2668//943
f 2720//797 2792//797 2793//797 2721//797
f 2694//797 2766//797 2767//797 2695//797
f 2668//944 2740//944 2741//944 2669//944
f 2721//797 2793//797 2794//797 2722//797
f 2695//797 2767//797 2768//797 2696//797
f 2669//945 2741//945 2742//945 2670//945
f 2722//797 2794//797 2795//797 2723//797
f 2696//797 2768//797 2769//797 2697//797
f 2670//946 2742//946 2743//946 2671//946
f 2723//797 2795//797 2796//797 2724//797
f 2697//797 2769//797 2770//797 2698//797
f 2671//947 2743//947 2744//947 2672//947
f 2724//797 2796//797 2797//797 2725//797
f 2698//797 2770//797 2771//797 2699//797
f 2672//948 2744//948 2745//948 2673//948
f 2785//797 2857//797 2858//797 2786//797
f 2759//939 2831//949 2832//950 2760//940
f 2786//797 2858//797 2859//797 2787//797
f 2760//940 2832//950 2833//797 2761//797
f 2787//797 2859//797 2860//797 2788//797
f 2761//797 2833//797 2834//797 2762//797
f 2788//797 2860//797 2861//797 2789//797
f 2762//797 2834//797 2835//797 2763//797
f 2789//797 2861//797 2862//797 2790//797
f 2763//797 2835//797 2836//797 2764//797
f 2737//951 2809//951 2810//951 2738//951
f 2790//797 2862//797 2863//797 2791//797
f 2764//797 2836//797 2837//797 2765//797
f 2738//952 2810//952 2811//952 2739//952
f 2791//797 2863//797 2864//797 2792//797
f 2765//797 2837//797 2838//797 2766//797
f 2739//953 2811//953 2812//953 2740//953
f 2792//797 2864//797 2865//797 2793//797
f 2766//797 2838//797 2839//797 2767//797
f 2740//954 2812//954 2813//954 2741//954
f 2793//797 2865//797 2866//797 2794//797
f 2767//797 2839//797 2840//797 2768//797
f 2741//955 2813//955 2814//955 2742//955
f 2794//797 2866//797 2867//797 2795//797
f 2768//797 2840//797 2841//797 2769//797
f 2742//956 2814//956 2815//956 2743//956
f 2795//797 2867//797 2868//797 2796//797
f 2769//797 2841//797 2842//797 2770//797
f 2743//957 2815//957 2816//957 2744//957
f 2796//797 2868//797 2869//797 2797//797
f 2770//797 2842//797 2843//797 2771//797
f 2744//958 2816//958 2817//958 2745//958
f 2797//797 2869//797 2870//797 2798//797
f 2771//797 2843//797 2844//797 2772//797
f 2745//959 2817//959 2818//959 2746//959
f 2798//797 2870//797 2871//797 2799//797
f 2772//797 2844//797 2845//797 2773//797
f 2746//960 2818//960 2819//960 2747//960
f 2799//797 2871//797 2872//797 2800//797
f 2773//797 2845//797 2846//797 2774//797
f 2747//961 2819//961 2820//961 2748//961
f 2800//797 2872//797 2873//797 2801//797
f 2774//797 2846//797 2847//797 2775//797
f 2748//962 2820//962 2821//962 2749//962
f 2801//797 2873//797 2874//797 2802//797
f 2775//797 2847//797 2848//797 2776//797
f 2749//963 2821//963 2822//963 2750//963
f 2802//797 2874//797 2875//797 2803//797
f 2776//797 2848//797 2849//797 2777//797
f 2750//964 2822//964 2823//964 2751//964
f 2803//797 2875//797 2876//797 2804//797
f 2777//797 2849//797 2850//797 2778//797
f 2751//965 2823//965 2824//965 2752//965
f 2804//797 2876//797 2877//797 2805//797
f 2778//797 2850//797 2851//797 2779//797
f 2752//966 2824//966 2825//966 2753//966
f 2805//797 2877//797 2878//797 2806//797
f 2779//797 2851//797 2852//797 2780//797
f 2753//967 2825//967 2826//967 2754//967
f 2806//797 2878//797 2879//797 2807//797
f 2780//797 2852//797 2853//797 2781//797
f 2754//968 2826//968 2827//968 2755//968
f 2807//797 2879//797 2880//797 2808//797
f 2781//797 2853//797 2854//797 2782//797
f 2755//969 2827//969 2828//969 2756//969
f 2782//797 2854//797 2855//797 2783//797
f 2756//935 2828//970 2829//970 2757//936
f 2783//797 2855//797 2856//797 2784//797
f 2757//937 2829//971 2830//971 2758//937
f 2784//797 2856//797 2857//797 2785//797
f 2758//938 2830//972 2831//949 2759//939
f 2871//797 2943//797 2944//797 2872//797
f 2845//797 2917//797 2918//797 2846//797
f 2819//973 2891//973 2892//973 2820//973
f 2872//797 2944//797 2945//797 2873//797
f 2846//797 2918//797 2919//797 2847//797
f 2820//974 2892//974 2893//974 2821//974
f 2873//797 2945//797 2946//797 2874//797
f 2847//797 2919//797 2920//797 2848//797
f 2821//975 2893//975 2894//975 2822//975
f 2874//797 2946//797 2947//797 2875//797
f 2848//797 2920//797 2921//797 2849//797
f 2822//976 2894//976 2895//976 2823//976
f 2875//797 2947//797 2948//797 2876//797
f 2849//797 2921//797 2922//797 2850//797
f 2823//977 2895//977 2896//977 2824//977
f 2876//797 2948//797 2949//797 2877//797
f 2850//797 2922//797 2923//797 2851//797
f 2824//978 2896//978 2897//978 2825//978
f 2877//797 2949//797 2950//797 2878//797
f 2851//797 2923//797 2924//797 2852//797
f 2825//979 2897//979 2898//979 2826//979
f 2878//797 2950//797 2951//797 2879//797
f 2852//797 2924//797 2925//797 2853//797
f 2826//980 2898//980 2899//980 2827//980
f 2879//797 2951//797 2952//797 2880//797
f 2853//797 2925//797 2926//797 2854//797
f 2827//981 2899//981 2900//981 2828//981
f 2854//797 2926//797 2927//797 2855//797
f 2828//970 2900//982 2901//982 2829//970
f 2855//797 2927//797 2928//797 2856//797
f 2829//971 2901//983 2902//983 2830//971
f 2856//797 2928//797 2929//797 2857//797
f 2830//972 2902//984 2903//985 2831//949
f 2857//797 2929//797 2930//797 2858//797
f 2831//949 2903//985 2904//986 2832//950
f 2858//797 2930//797 2931//797 2859//797
f 2832//950 2904//986 2905//797 2833//797
f 2859//797 2931//797 2932//797 2860//797
f 2833//797 2905//797 2906//797 2834//797
f 2860//797 2932//797 2933//797 2861//797
f 2834//797 2906//797 2907//797 2835//797
f 2861//797 2933//797 2934//797 2862//797
f 2835//797 2907//797 2908//797 2836//797
f 2809//987 2881//987 2882//987 2810//987
f 2862//797 2934//797 2935//797 2863//797
f 2836//797 2908//797 2909//797 2837//797
f 2810//988 2882//988 2883//988 2811//988
f 2863//797 2935//797 2936//797 2864//797
f 2837//797 2909//797 2910//797 2838//797
f 2811//989 2883//989 2884//989 2812//989
f 2864//797 2936//797 2937//797 2865//797
f 2838//797 2910//797 2911//797 2839//797
f 2812//990 2884//990 2885//990 2813//990
f 2865//797 2937//797 2938//797 2866//797
f 2839//797 2911//797 2912//797 2840//797
f 2813//991 2885//991 2886//991 2814//991
f 2866//797 2938//797 2939//797 2867//797
f 2840//797 2912//797 2913//797 2841//797
f 2814//992 2886//992 2887//992 2815//992
f 2867//797 2939//797 2940//797 2868//797
f 2841//797 2913//797 2914//797 2842//797
f 2815//993 2887//993 2888//993 2816//993
f 2868//797 2940//797 2941//797 2869//797
f 2842//797 2914//797 2915//797 2843//797
f 2816//994 2888//994 2889//994 2817//994
f 2869//797 2941//797 2942//797 2870//797
f 2843//797 2915//797 2916//797 2844//797
f 2817//995 2889//995 2890//995 2818//995
f 2870//797 2942//797 2943//797 2871//797
f 2844//797 2916//797 2917//797 2845//797
f 2818//996 2890//996 2891//996 2819//996
f 2931//797 3003//797 3004//797 2932//797
f 2905//797 2977//797 2978//797 2906//797
f 2932//797 3004//797 3005//797 2933//797
f 2906//797 2978//797 2979//797 2907//797
f 2933//797 3005//797 3006//797 2934//797
f 2907//797 2979//797 2980//797 2908//797
f 2881//997 2953//997 2954//997 2882//997
f 2934//797 3006//797 3007//797 2935//797
f 2908//797 2980//797 2981//797 2909//797
f 2882//998 2954//998 2955//998 2883//998
f 2935//797 3007//797 3008//797 2936//797
f 2909//797 2981//797 2982//797 2910//797
f 2883//999 2955//999 2956//999 2884//999
f 2936//797 3008//797 3009//797 2937//797
f 2910//797 2982//797 2983//797 2911//797
f 2884//1000 2956//1000 2957//1000 2885//1000
f 2937//797 3009//797 3010//797 2938//797
f 2911//797 2983//797 2984//797 2912//797
f 2885//1001 2957//1001 2958//1001 2886//1001
f 2938//797 3010//797 3011//797 2939//797
f 2912//797 2984//797 2985//797 2913//797
f 2886//1002 2958//1002 2959//1002 2887//1002
f 2939//797 3011//797 3012//797 2940//797
f 2913//797 2985//797 2986//797 2914//797
f 2887//1003 2959//1003 2960//1003 2888//1003
f 2940//797 3012//797 3013//797 2941//797
f 2914//797 2986//797 2987//797 2915//797
f 2888//1004 2960//1004 2961//1004 2889//1004
f 2941//797 3013//797 3014//797 2942//797
f 2915//797 2987//797 2988//797 2916//797
f 2889//1005 2961//1005 2962//1005 2890//1005
f 2942//797 3014//797 3015//797 2943//797
f 2916//797 2988//797 2989//797 2917//797
f 2890//1006 2962//1006 2963//1006 2891//1006
f 2943//797 3015//797 3016//797 2944//797
f 2917//797 2989//797 2990//797 2918//797
f 2891//1007 2963//1007 2964//1007 2892//1007
f 2944//797 3016//797 3017//797 2945//797
f 2918//797 2990//797 2991//797 2919//797
f 2892//1008 2964//1008 2965//1008 2893//1008
f 2945//797 3017//797 3018//797 2946//797
f 2919//797 2991//797 2992//797 2920//797
f 2893//1009 2965//1009 2966//1009 2894//1009
f 2946//797 3018//797 3019//797 2947//797
f 2920//797 2992//797 2993//797 2921//797
f 2894//1010 2966//1010 2967//1010 2895//1010
f 2947//797 3019//797 3020//797 2948//797
f 2921//797 2993//797 2994//797 2922//797
f 2895//1011 2967//1011 2968//1011 2896//1011
f 2948//797 3020//797 3021//797 2949//797
f 2922//797 2994//797 2995//797 2923//797
f 2896//1012 2968//1012 2969//1012 2897//1012
f 2949//797 3021//797 3022//797 2950//797
f 2923//797 2995//797 2996//797 2924//797
f 2897//1013 2969//1013 2970//1013 2898//1013
f 2950//797 3022//797 3023//797 2951//797
f 2924//797 2996//797 2997//797 2925//797
f 2898//1014 2970//1014 2971//1014 2899//1014
f 2951//797 3023//797 3024//797 2952//797
f 2925//797 2997//797 2998//797 2926//797
f 2899//1015 2971//1015 2972//1015 2900//1015
f 2926//797 2998//797 2999//797 2927//797
f 2900//982 2972//1016 2973//1016 2901//982
f 2927//797 2999//797 3000//797 2928//797
f 2901//983 2973//1017 2974//1017 2902//983
f 2928//797 3000//797 3001//797 2929//797
f 2902//984 2974//1018 2975//1019 2903//985
f 2929//797 3001//797 3002//797 2930//797
f 2903//985 2975//1019 2976//1020 2904//986
f 2930//797 3002//797 3003//797 2931//797
f 2904//986 2976//1020 2977//797 2905//797
f 3017//797 3089//797 3090//797 3018//797
f 2991//797 3063//797 3064//797 2992//797
f 2965//1021 3037//1021 3038//1021 2966//1021
f 3018//797 3090//797 3091//797 3019//797
f 2992//797 3064//797 3065//797 2993//797
f 2966//1022 3038//1022 3039//1022 2967//1022
f 3019//797 3091//797 3092//797 3020//797
f 2993//797 3065//797 3066//797 2994//797
f 2967//1023 3039//1023 3040//1023 2968//1023
f 3020//797 3092//797 3093//797 3021//797
f 2994//797 3066//797 3067//797 2995//797
f 2968//1024 3040//1024 3041//1024 2969//1024
f 3021//797 3093//797 3094//797 3022//797
f 2995//797 3067//797 3068//797 2996//797
f 2969//1025 3041//1025 3042//1025 2970//1025
f 3022//797 3094//797 3095//797 3023//797
f 2996//797 3068//797 3069//797 2997//797
f 2970//1026 3042//1026 3043//1026 2971//1026
f 3023//797 3095//797 3096//797 3024//797
f 2997//797 3069//797 3070//797 2998//797
f 2971//1027 3043//1027 3044//1027 2972//1027
f 2998//797 3070//797 3071//797 2999//797
f 2972//1016 3044//1028 3045//1029 2973//1016
f 2999//797 3071//797 3072//797 3000//797
f 2973//1017 3045//1030 3046//1030 2974//1017
f 3000//797 3072//797 3073//797 3001//797
f 2974//1018 3046//1031 3047//1032 2975//1019
f 3001//797 3073//797 3074//797 3002//797
f 2975//1019 3047//1032 3048//1033 2976//1020
f 3002//797 3074//797 3075//797 3003//797
f 2976//1020 3048//1033 3049//797 2977//797
f 3003//797 3075//797 3076//797 3004//797
f 2977//797 3049//797 3050//797 2978//797
f 3004//797 3076//797 3077//797 3005//797
f 2978//797 3050//797 3051//797 2979//797
f 3005//797 3077//797 3078//797 3006//797
f 2979//797 3051//797 3052//797 2980//797
f 2953//1034 3025//1034 3026//1034 2954//1034
f 3006//797 3078//797 3079//797 3007//797
f 2980//797 3052//797 3053//797 2981//797
f 2954//1035 3026//1035 3027//1035 2955//1035
f 3007//797 3079//797 3080//797 3008//797
f 2981//797 3053//797 3054//797 2982//797
f 2955//1036 3027//1036 3028//1036 2956//1036
f 3008//797 3080//797 3081//797 3009//797
f 2982//797 3054//797 3055//797 2983//797
f 2956//1037 3028//1037 3029//1037 2957//1037
f 3009//797 3081//797 3082//797 3010//797
f 2983//797 3055//797 3056//797 2984//797
f 2957//1038 3029//1038 3030//1038 2958//1038
f 3010//797 3082//797 3083//797 3011//797
f 2984//797 3056//797 3057//797 2985//797
f 2958//1039 3030//1039 3031//1039 2959//1039
f 3011//797 3083//797 3084//797 3012//797
f 2985//797 3057//797 3058//797 2986//797
f 2959//1040 3031//1040 3032//1040 2960//1040
f 3012//797 3084//797 3085//797 3013//797
f 2986//797 3058//797 3059//797 2987//797
f 2960//1041 3032//1041 3033//1041 2961//1041
f 3013//797 3085//797 3086//797 3014//797
f 2987//797 3059//797 3060//797 2988//797
f 2961//1042 3033//1042 3034//1042 2962//1042
f 3014//797 3086//797 3087//797 3015//797
f 2988//797 3060//797 3061//797 2989//797
f 2962//1043 3034//1043 3035//1043 2963//1043
f 3015//797 3087//797 3088//797 3016//797
f 2989//797 3061//797 3062//797 2990//797
f 2963//1044 3035//1044 3036//1044 2964//1044
f 3016//797 3088//797 3089//797 3017//797
f 2990//797 3062//797 3063//797 2991//797
f 2964//1045 3036//1045 3037//1045 2965//1045
f 3077//797 3149//797 3150//797 3078//797
f 3051//797 3123//797 3124//797 3052//797
f 3025//1046 3097//1046 3098//1046 3026//1046
f 3078//797 3150//797 3151//797 3079//797
f 3052//797 3124//797 3125//797 3053//797
f 3026//1047 3098//1047 3099//1047 3027//1047
f 3079//797 3151//797 3152//797 3080//797
f 3053//797 3125//797 3126//797 3054//797
f 3027//1048 3099//1048 3100//1048 3028//1048
f 3080//797 3152//797 3153//797 3081//797
f 3054//797 3126//797 3127//797 3055//797
f 3028//1049 3100//1049 3101//1049 3029//1049
f 3081//797 3153//797 3154//797 3082//797
f 3055//797 3127//797 3128//797 3056//797
f 3029//1050 3101//1050 3102//1050 3030//1050
f 3082//797 3154//797 3155//797 3083//797
f 3056//797 3128//797 3129//797 3057//797
f 3030//1051 3102//1051 3103//1051 3031//1051
f 3083//797 3155//797 3156//797 3084//797
f 3057//797 3129//797 3130//797 3058//797
f 3031//1052 3103//1052 3104//1052 3032//1052
f 3084//797 3156//797 3157//797 3085//797
f 3058//797 3130//797 3131//797 3059//797
f 3032//1053 3104//1053 3105//1053 3033//1053
f 3085//797 3157//797 3158//797 3086//797
f 3059//797 3131//797 3132//797 3060//797
f 3033//1054 3105//1054 3106//1054 3034//1054
f 3086//797 3158//797 3159//797 3087//797
f 3060//797 3132//797 3133//797 3061//797
f 3034//1055 3106//1055 3107//1055 3035//1055
f 3087//797 3159//797 3160//797 3088//797
f 3061//797 3133//797 3134//797 3062//797
f 3035//1056 3107//1056 3108//1056 3036//1056
f 3088//797 3160//797 3161//797 3089//797
f 3062//797 3134//797 3135//797 3063//797
f 3036//1057 3108//1057 3109//1057 3037//1057
f 3089//797 3161//797 3162//797 3090//797
f 3063//797 3135//797 3136//797 3064//797
f 3037//1058 3109//1058 3110//1058 3038//1058
f 3090//797 3162//797 3163//797 3091//797
f 3064//797 3136//797 3137//797 3065//797
f 3038//1059 3110//1059 3111//1059 3039//1059
f 3091//797 3163//797 3164//797 3092//797
f 3065//797 3137//797 3138//797 3066//797
f 3039//1060 3111//1060 3112//1060 3040//1060
f 3092//797 3164//797 3165//797 3093//797
f 3066//797 3138//797 3139//797 3067//797
f 3040//1061 3112//1061 3113//1061 3041//1061
f 3093//797 3165//797 3166//797 3094//797
f 3067//797 3139//797 3140//797 3068//797
f 3041//1062 3113//1062 3114//1062 3042//1062
f 3094//797 3166//797 3167//797 3095//797
f 3068//797 3140//797 3141//797 3069//797
f 3042//1063 3114//1063 3115//1063 3043//1063
f 3095//797 3167//797 3168//797 3096//797
f 3069//797 3141//797 3142//797 3070//797
f 3043//1064 3115//1064 3116//1064 3044//1064
f 3070//797 3142//797 3143//797 3071//797
f 3044//1028 3116//1065 3117//1065 3045//1029
f 3071//797 3143//797 3144//797 3072//797
f 3045//1030 3117//1066 3118//1066 3046//1030
f 3072//797 3144//797 3145//797 3073//797
f 3046//1031 3118//1067 3119//1068 3047//1032
f 3073//797 3145//797 3146//797 3074//797
f 3047//1032 3119//1068 3120//1069 3048//1033
f 3074//797 3146//797 3147//797 3075//797
f 3048//1033 3120//1069 3121//797 3049//797
f 3075//797 3147//797 3148//797 3076//797
f 3049//797 3121//797 3122//797 3050//797
f 3076//797 3148//797 3149//797 3077//797
f 3050//797 3122//797 3123//797 3051//797
f 3137//797 3209//797 3210//797 3138//797
f 3111//1070 3183//1070 3184//1070 3112//1070
f 3164//797 3236//797 3237//797 3165//797
f 3138//797 3210//797 3211//797 3139//797
f 3112//1071 3184//1071 3185//1071 3113//1071
f 3165//797 3237//797 3238//797 3166//797
f 3139//797 3211//797 3212//797 3140//797
f 3113//1072 3185//1072 3186//1072 3114//1072
f 3166//797 3238//797 3239//797 3167//797
f 3140//797 3212//797 3213//797 3141//797
f 3114//1073 3186//1073 3187//1073 3115//1073
f 3167//797 3239//797 3240//797 3168//797
f 3141//797 3213//797 3214//797 3142//797
f 3115//1074 3187//1074 3188//1074 3116//1074
f 3142//797 3214//797 3215//797 3143//797
f 3116//1065 3188//1075 3189//1075 3117//1065
f 3143//797 3215//797 3216//797 3144//797
f 3117//1066 3189//1076 3190//1076 3118//1066
f 3144//797 3216//797 3217//797 3145//797
f 3118//1067 3190//1077 3191//1078 3119//1068
f 3145//797 3217//797 3218//797 3146//797
f 3119//1068 3191//1078 3192//1079 3120//1069
f 3146//797 3218//797 3219//797 3147//797
f 3120//1069 3192//1079 3193//797 3121//797
f 3147//797 3219//797 3220//797 3148//797
f 3121//797 3193//797 3194//797 3122//797
f 3148//797 3220//797 3221//797 3149//797
f 3122//797 3194//797 3195//797 3123//797
f 3149//797 3221//797 3222//797 3150//797
f 3123//797 3195//797 3196//797 3124//797
f 3097//1080 3169//1080 3170//1080 3098//1080
f 3150//797 3222//797 3223//797 3151//797
f 3124//797 3196//797 3197//797 3125//797
f 3098//1081 3170//1081 3171//1081 3099//1081
f 3151//797 3223//797 3224//797 3152//797
f 3125//797 3197//797 3198//797 3126//797
f 3099//1082 3171//1082 3172//1082 3100//1082
f 3152//797 3224//797 3225//797 3153//797
f 3126//797 3198//797 3199//797 3127//797
f 3100//1083 3172//1083 3173//1083 3101//1083
f 3153//797 3225//797 3226//797 3154//797
f 3127//797 3199//797 3200//797 3128//797
f 3101//1084 3173//1084 3174//1084 3102//1084
f 3154//797 3226//797 3227//797 3155//797
f 3128//797 3200//797 3201//797 3129//797
f 3102//1085 3174//1085 3175//1085 3103//1085
f 3155//797 3227//797 3228//797 3156//797
f 3129//797 3201//797 3202//797 3130//797
f 3103//1086 3175//1086 3176//1086 3104//1086
f 3156//797 3228//797 3229//797 3157//797
f 3130//797 3202//797 3203//797 3131//797
f 3104//1087 3176//1087 3177//1087 3105//1087
f 3157//797 3229//797 3230//797 3158//797
f 3131//797 3203//797 3204//797 3132//797
f 3105//1088 3177//1088 3178//1088 3106//1088
f 3158//797 3230//797 3231//797 3159//797
f 3132//797 3204//797 3205//797 3133//797
f 3106//1089 3178//1089 3179//1089 3107//1089
f 3159//797 3231//797 3232//797 3160//797
f 3133//797 3205//797 3206//797 3134//797
f 3107//1090 3179//1090 3180//1090 3108//1090
f 3160//797 3232//797 3233//797 3161//797
f 3134//797 3206//797 3207//797 3135//797
f 3108//1091 3180//1092 3181//1091 3109//1091
f 3161//797 3233//797 3234//797 3162//797
f 3135//797 3207//797 3208//797 3136//797
f 3109//1093 3181//1093 3182//1093 3110//1093
f 3162//797 3234//797 3235//797 3163//797
f 3136//797 3208//797 3209//797 3137//797
f 3110//1094 3182//1094 3183//1094 3111//1094
f 3163//797 3235//797 3236//797 3164//797
f 3220//797 3292//797 3293//797 3221//797
f 3194//797 3266//797 3267//797 3195//797
f 3221//797 3293//797 3294//797 3222//797
f 3195//797 3267//797 3268//797 3196//797
f 3169//1095 3241//1095 3242//1095 3170//1095
f 3222//797 3294//797 3295//797 3223//797
f 3196//797 3268//797 3269//797 3197//797
f 3170//1096 3242//1096 3243//1096 3171//1096
f 3223//797 3295//797 3296//797 3224//797
f 3197//797 3269//797 3270//797 3198//797
f 3171//1097 3243//1097 3244//1097 3172//1097
f 3224//797 3296//797 3297//797 3225//797
f 3198//797 3270//797 3271//797 3199//797
f 3172//1098 3244//1098 3245//1098 3173//1098
f 3225//797 3297//797 3298//797 3226//797
f 3199//797 3271//797 3272//797 3200//797
f 3173//1099 3245//1099 3246//1099 3174//1099
f 3226//797 3298//797 3299//797 3227//797
f 3200//797 3272//797 3273//797 3201//797
f 3174//1100 3246//1100 3247//1100 3175//1100
f 3227//797 3299//797 3300//797 3228//797
f 3201//797 3273//797 3274//797 3202//797
f 3175//1101 3247//1101 3248//1101 3176//1101
f 3228//797 3300//797 3301//797 3229//797
f 3202//797 3274//797 3275//797 3203//797
f 3176//1102 3248//1102 3249//1102 3177//1102
f 3229//797 3301//797 3302//797 3230//797
f 3203//797 3275//797 3276//797 3204//797
f 3177//1103 3249//1103 3250//1103 3178//1103
f 3230//797 3302//797 3303//797 3231//797
f 3204//797 3276//797 3277//797 3205//797
f 3178//1104 3250//1104 3251//1104 3179//1104
f 3231//797 3303//797 3304//797 3232//797
f 3205//797 3277//797 3278//797 3206//797
f 3179//1105 3251//1105 3252//1105 3180//1105
f 3232//797 3304//797 3305//797 3233//797
f 3206//797 3278//797 3279//797 3207//797
f 3180//1106 3252//1106 3253//1106 3181//1106
f 3233//797 3305//797 3306//797 3234//797
f 3207//797 3279//797 3280//797 3208//797
f 3181//1107 3253//1107 3254//1107 3182//1107
f 3234//797 3306//797 3307//797 3235//797
f 3208//797 3280//797 3281//797 3209//797
f 3182//1108 3254//1108 3255//1108 3183//1108
f 3235//797 3307//797 3308//797 3236//797
f 3209//797 3281//797 3282//797 3210//797
f 3183//1109 3255//1109 3256//1109 3184//1109
f 3236//797 3308//797 3309//797 3237//797
f 3210//797 3282//797 3283//797 3211//797
f 3184//1110 3256//1110 3257//1110 3185//1110
f 3237//797 3309//797 3310//797 3238//797
f 3211//797 3283//797 3284//797 3212//797
f 3185//1111 3257//1111 3258//1111 3186//1111
f 3238//797 3310//797 3311//797 3239//797
f 3212//797 3284//797 3285//797 3213//797
f 3186//1112 3258//1112 3259//1112 3187//1112
f 3239//797 3311//797 3312//797 3240//797
f 3213//797 3285//797 3286//797 3214//797
f 3187//1113 3259//1113 3260//1113 3188//1113
f 3214//797 3286//797 3287//797 3215//797
f 3188//1075 3260//1114 3261//1114 3189//1075
f 3215//797 3287//797 3288//797 3216//797
f 3189//1076 3261//1115 3262//1115 3190//1076
f 3216//797 3288//797 3289//797 3217//797
f 3190//1077 3262//1116 3263//1117 3191//1078
f 3217//797 3289//797 3290//797 3218//797
f 3191//1078 3263//1117 3264//1118 3192//1079
f 3218//797 3290//797 3291//797 3219//797
f 3192//1079 3264//1118 3265//797 3193//797
f 3219//797 3291//797 3292//797 3220//797
f 3193//797 3265//797 3266//797 3194//797
f 3306//797 3378//797 3379//797 3307//797
f 3280//797 3352//797 3353//797 3281//797
f 3254//1119 3326//1119 3327//1119 3255//1119
f 3307//797 3379//797 3380//797 3308//797
f 3281//797 3353//797 3354//797 3282//797
f 3255//1120 3327//1120 3328//1120 3256//1120
f 3308//797 3380//797 3381//797 3309//797
f 3282//797 3354//797 3355//797 3283//797
f 3256//1121 3328//1121 3329//1121 3257//1121
f 3309//797 3381//797 3382//797 3310//797
f 3283//797 3355//797 3356//797 3284//797
f 3257//1122 3329//1122 3330//1122 3258//1122
f 3310//797 3382//797 3383//797 3311//797
f 3284//797 3356//797 3357//797 3285//797
f 3258//1123 3330//1123 3331//1123 3259//1123
f 3311//797 3383//797 3384//797 3312//797
f 3285//797 3357//797 3358//797 3286//797
f 3259//1124 3331//1124 3332//1124 3260//1124
f 3286//797 3358//797 3359//797 3287//797
f 3260//1114 3332//1125 3333//1125 3261//1114
f 3287//797 3359//797 3360//797 3288//797
f 3261//1115 3333//1126 3334//1126 3262//1115
f 3288//797 3360//797 3361//797 3289//797
f 3262//1116 3334//1127 3335//1128 3263//1117
f 3289//797 3361//797 3362//797 3290//797
f 3263//1117 3335//1128 3336//1129 3264//1118
f 3290//797 3362//797 3363//797 3291//797
f 3264//1118 3336//1129 3337//797 3265//797
f 3291//797 3363//797 3364//797 3292//797
f 3265//797 3337//797 3338//797 3266//797
f 3292//797 3364//797 3365//797 3293//797
f 3266//797 3338//797 3339//797 3267//797
f 3293//797 3365//797 3366//797 3294//797
f 3267//797 3339//797 3340//797 3268//797
f 3241//1130 3313//1130 3314//1130 3242//1130
f 3294//797 3366//797 3367//797 3295//797
f 3268//797 3340//797 3341//797 3269//797
f 3242//1131 3314//1131 3315//1131 3243//1131
f 3295//797 3367//797 3368//797 3296//797
f 3269//797 3341//797 3342//797 3270//797
f 3243//1132 3315//1132 3316//1132 3244//1132
f 3296//797 3368//797 3369//797 3297//797
f 3270//797 3342//797 3343//797 3271//797
f 3244//1133 3316//1133 3317//1133 3245//1133
f 3297//797 3369//797 3370//797 3298//797
f 3271//797 3343//797 3344//797 3272//797
f 3245//1134 3317//1134 3318//1134 3246//1134
f 3298//797 3370//797 3371//797 3299//797
f 3272//797 3344//797 3345//797 3273//797
f 3246//1135 3318//1135 3319//1135 3247//1135
f 3299//797 3371//797 3372//797 3300//797
f 3273//797 3345//797 3346//797 3274//797
f 3247//1136 3319//1136 3320//1136 3248//1136
f 3300//797 3372//797 3373//797 3301//797
f 3274//797 3346//797 3347//797 3275//797
f 3248//1137 3320//1137 3321//1137 3249//1137
f 3301//797 3373//797 3374//797 3302//797
f 3275//797 3347//797 3348//797 3276//797
f 3249//1138 3321//1138 3322//1138 3250//1138
f 3302//797 3374//797 3375//797 3303//797
f 3276//797 3348//797 3349//797 3277//797
f 3250//1139 3322//1139 3323//1139 3251//1139
f 3303//797 3375//797 3376//797 3304//797
f 3277//797 3349//797 3350//797 3278//797
f 3251//1140 3323//1140 3324//1140 3252//1140
f 3304//797 3376//797 3377//797 3305//797
f 3278//797 3350//797 3351//797 3279//797
f 3252//1141 3324//1141 3325//1141 3253//1141
f 3305//797 3377//797 3378//797 3306//797
f 3279//797 3351//797 3352//797 3280//797
f 3253//1142 3325//1142 3326//1142 3254//1142
f 3366//797 3438//797 3439//797 3367//797
f 3340//797 3412//797 3413//797 3341//797
f 3314//1143 3386//1143 3387//1143 3315//1143
f 3367//797 3439//797 3440//797 3368//797
f 3341//797 3413//797 3414//797 3342//797
f 3315//1144 3387//1144 3388//1144 3316//1144
f 3368//797 3440//797 3441//797 3369//797
f 3342//797 3414//797 3415//797 3343//797
f 3316//1145 3388//1145 3389//1145 3317//1145
f 3369//797 3441//797 3442//797 3370//797
f 3343//797 3415//797 3416//797 3344//797
f 3317//1146 3389//1146 3390//1146 3318//1146
f 3370//797 3442//797 3443//797 3371//797
f 3344//797 3416//797 3417//797 3345//797
f 3318//1147 3390//1147 3391//1147 3319//1147
f 3371//797 3443//797 3444//797 3372//797
f 3345//797 3417//797 3418//797 3346//797
f 3319//1148 3391//1148 3392//1148 3320//1148
f 3372//797 3444//797 3445//797 3373//797
f 3346//797 3418//797 3419//797 3347//797
f 3320//1149 3392//1149 3393//1149 3321//1149
f 3373//797 3445//797 3446//797 3374//797
f 3347//797 3419//797 3420//797 3348//797
f 3321//1150 3393//1150 3394//1150 3322//1150
f 3374//797 3446//797 3447//797 3375//797
f 3348//797 3420//797 3421//797 3349//797
f 3322//1151 3394//1151 3395//1151 3323//1151
f 3375//797 3447//797 3448//797 3376//797
f 3349//797 3421//797 3422//797 3350//797
f 3323//1152 3395//1152 3396//1152 3324//1152
f 3376//797 3448//797 3449//797 3377//797
f 3350//797 3422//797 3423//797 3351//797
f 3324//1153 3396//1153 3397//1153 3325//1153
f 3377//797 3449//797 3450//797 3378//797
f 3351//797 3423//797 3424//797 3352//797
f 3325//1154 3397//1154 3398//1154 3326//1154
f 3378//797 3450//797 3451//797 3379//797
f 3352//797 3424//797 3425//797 3353//797
f 3326//1155 3398//1155 3399//1155 3327//1155
f 3379//797 3451//797 3452//797 3380//797
f 3353//797 3425//797 3426//797 3354//797
f 3327//1156 3399//1156 3400//1156 3328//1156
f 3380//797 3452//797 3453//797 3381//797
f 3354//797 3426//797 3427//797 3355//797
f 3328//1157 3400//1157 3401//1157 3329//1157
f 3381//797 3453//797 3454//797 3382//797
f 3355//797 3427//797 3428//797 3356//797
f 3329//1158 3401//1158 3402//1158 3330//1158
f 3382//797 3454//797 3455//797 3383//797
f 3356//797 3428//797 3429//797 3357//797
f 3330//1159 3402//1159 3403//1159 3331//1159
f 3383//797 3455//797 3456//797 3384//797
f 3357//797 3429//797 3430//797 3358//797
f 3331//1160 3403//1160 3404//1160 3332//1160
f 3358//797 3430//797 3431//797 3359//797
f 3332//1125 3404//1161 3405//1161 3333//1125
f 3359//797 3431//797 3432//797 3360//797
f 3333//1126 3405//1162 3406//1162 3334//1126
f 3360//797 3432//797 3433//797 3361//797
f 3334//1127 3406//1163 3407//1164 3335//1128
f 3361//797 3433//797 3434//797 3362//797
f 3335//1128 3407//1164 3408//1165 3336//1129
f 3362//797 3434//797 3435//797 3363//797
f 3336//1129 3408//1165 3409//797 3337//797
f 3363//797 3435//797 3436//797 3364//797
f 3337//797 3409//797 3410//797 3338//797
f 3364//797 3436//797 3437//797 3365//797
f 3338//797 3410//797 3411//797 3339//797
f 3365//797 3437//797 3438//797 3366//797
f 3339//797 3411//797 3412//797 3340//797
f 3313//1166 3385//1166 3386//1166 3314//1166
f 3452//797 3524//797 3525//797 3453//797
f 3426//797 3498//797 3499//797 3427//797
f 3400//1167 3472//1167 3473//1167 3401//1167
f 3453//797 3525//797 3526//797 3454//797
f 3427//797 3499//797 3500//797 3428//797
f 3401//1168 3473//1168 3474//1168 3402//1168
f 3454//797 3526//797 3527//797 3455//797
f 3428//797 3500//797 3501//797 3429//797
f 3402//1169 3474//1169 3475//1169 3403//1169
f 3455//797 3527//797 3528//797 3456//797
f 3429//797 3501//797 3502//797 3430//797
f 3403//1170 3475//1170 3476//1170 3404//1170
f 3430//797 3502//797 3503//797 3431//797
f 3404//1161 3476//1171 3477//1171 3405//1161
f 3431//797 3503//797 3504//797 3432//797
f 3405//1162 3477//1172 3478//1172 3406//1162
f 3432//797 3504//797 3505//797 3433//797
f 3406//1163 3478//1173 3479//1174 3407//1164
f 3433//797 3505//797 3506//797 3434//797
f 3407//1164 3479//1174 3480//1175 3408//1165
f 3434//797 3506//797 3507//797 3435//797
f 3408//1165 3480//1175 3481//797 3409//797
f 3435//797 3507//797 3508//797 3436//797
f 3409//797 3481//797 3482//797 3410//797
f 3436//797 3508//797 3509//797 3437//797
f 3410//797 3482//797 3483//797 3411//797
f 3437//797 3509//797 3510//797 3438//797
f 3411//797 3483//797 3484//797 3412//797
f 3385//1176 3457//1176 3458//1176 3386//1176
f 3438//797 3510//797 3511//797 3439//797
f 3412//797 3484//797 3485//797 3413//797
f 3386//1177 3458//1177 3459//1177 3387//1177
f 3439//797 3511//797 3512//797 3440//797
f 3413//797 3485//797 3486//797 3414//797
f 3387//1178 3459//1178 3460//1178 3388//1178
f 3440//797 3512//797 3513//797 3441//797
f 3414//797 3486//797 3487//797 3415//797
f 3388//1179 3460//1179 3461//1179 3389//1179
f 3441//797 3513//797 3514//797 3442//797
f 3415//797 3487//797 3488//797 3416//797
f 3389//1180 3461//1180 3462//1180 3390//1180
f 3442//797 3514//797 3515//797 3443//797
f 3416//797 3488//797 3489//797 3417//797
f 3390//1181 3462//1181 3463//1181 3391//1181
f 3443//797 3515//797 3516//797 3444//797
f 3417//797 3489//797 3490//797 3418//797
f 3391//1182 3463//1182 3464//1182 3392//1182
f 3444//797 3516//797 3517//797 3445//797
f 3418//797 3490//797 3491//797 3419//797
f 3392//1183 3464//1183 3465//1183 3393//1183
f 3445//797 3517//797 3518//797 3446//797
f 3419//797 3491//797 3492//797 3420//797
f 3393//1184 3465//1184 3466//1184 3394//1184
f 3446//797 3518//797 3519//797 3447//797
f 3420//797 3492//797 3493//797 3421//797
f 3394//1185 3466//1185 3467//1185 3395//1185
f 3447//797 3519//797 3520//797 3448//797
f 3421//797 3493//797 3494//797 3422//797
f 3395//1186 3467//1186 3468//1186 3396//1186
f 3448//797 3520//797 3521//797 3449//797
f 3422//797 3494//797 3495//797 3423//797
f 3396//1187 3468//1187 3469//1187 3397//1187
f 3449//797 3521//797 3522//797 3450//797
f 3423//797 3495//797 3496//797 3424//797
f 3397//1188 3469//1188 3470//1188 3398//1188
f 3450//797 3522//797 3523//797 3451//797
f 3424//797 3496//797 3497//797 3425//797
f 3398//1189 3470//1189 3471//1189 3399//1189
f 3451//797 3523//797 3524//797 3452//797
f 3425//797 3497//797 3498//797 3426//797
f 3399//1190 3471//1190 3472//1190 3400//1190
f 3512//797 3584//797 3585//797 3513//797
f 3486//797 3558//797 3559//797 3487//797
f 3460//1191 3532//1191 3533//1191 3461//1191
f 3513//797 3585//797 3586//797 3514//797
f 3487//797 3559//797 3560//797 3488//797
f 3461//1192 3533//1192 3534//1192 3462//1192
f 3514//797 3586//797 3587//797 3515//797
f 3488//797 3560//797 3561//797 3489//797
f 3462//1193 3534//1193 3535//1193 3463//1193
f 3515//797 3587//797 3588//797 3516//797
f 3489//797 3561//797 3562//797 3490//797
f 3463//1194 3535//1194 3536//1194 3464//1194
f 3516//797 3588//797 3589//797 3517//797
f 3490//797 3562//797 3563//797 3491//797
f 3464//1195 3536//1195 3537//1195 3465//1195
f 3517//797 3589//797 3590//797 3518//797
f 3491//797 3563//797 3564//797 3492//797
f 3465//1196 3537//1196 3538//1196 3466//1196
f 3518//797 3590//797 3591//797 3519//797
f 3492//797 3564//797 3565//797 3493//797
f 3466//1197 3538//1197 3539//1197 3467//1197
f 3519//797 3591//797 3592//797 3520//797
f 3493//797 3565//797 3566//797 3494//797
f 3467//1198 3539//1198 3540//1198 3468//1198
f 3520//797 3592//797 3593//797 3521//797
f 3494//797 3566//797 3567//797 3495//797
f 3468//1199 3540//1199 3541//1199 3469//1199
f 3521//797 3593//797 3594//797 3522//797
f 3495//797 3567//797 3568//797 3496//797
f 3469//1200 3541//1200 3542//1200 3470//1200
f 3522//797 3594//797 3595//797 3523//797
f 3496//797 3568//797 3569//797 3497//797
f 3470//1201 3542//1201 3543//1201 3471//1201
f 3523//797 3595//797 3596//797 3524//797
f 3497//797 3569//797 3570//797 3498//797
f 3471//1202 3543//1202 3544//1202 3472//1202
f 3524//797 3596//797 3597//797 3525//797
f 3498//797 3570//797 3571//797 3499//797
f 3472//1203 3544//1203 3545//1203 3473//1203
f 3525//797 3597//797 3598//797 3526//797
f 3499//797 3571//797 3572//797 3500//797
f 3473//1204 3545//1204 3546//1204 3474//1204
f 3526//797 3598//797 3599//797 3527//797
f 3500//797 3572//797 3573//797 3501//797
f 3474//1205 3546//1205 3547//1205 3475//1205
f 3527//797 3599//797 3600//797 3528//797
f 3501//797 3573//797 3574//797 3502//797
f 3475//1206 3547//1206 3548//1206 3476//1206
f 3502//797 3574//797 3575//797 3503//797
f 3476//1171 3548//1207 3549//1207 3477//1171
f 3503//797 3575//797 3576//797 3504//797
f 3477//1172 3549//1208 3550//1208 3478//1172
f 3504//797 3576//797 3577//797 3505//797
f 3478//1173 3550//1209 3551//1210 3479//1174
f 3505//797 3577//797 3578//797 3506//797
f 3479//1174 3551//1210 3552//1211 3480//1175
f 3506//797 3578//797 3579//797 3507//797
f 3480//1175 3552//1211 3553//797 3481//797
f 3507//797 3579//797 3580//797 3508//797
f 3481//797 3553//797 3554//797 3482//797
f 3508//797 3580//797 3581//797 3509//797
f 3482//797 3554//797 3555//797 3483//797
f 3509//797 3581//797 3582//797 3510//797
f 3483//797 3555//797 3556//797 3484//797
f 3457//1212 3529//1212 3530//1212 3458//1212
f 3510//797 3582//797 3583//797 3511//797
f 3484//797 3556//797 3557//797 3485//797
f 3458//1213 3530//1213 3531//1213 3459//1213
f 3511//797 3583//797 3584//797 3512//797
f 3485//797 3557//797 3558//797 3486//797
f 3459//1214 3531//1214 3532//1214 3460//1214
f 3572//797 3644//797 3645//797 3573//797
f 3546//1215 3618//1215 3619//1215 3547//1215
f 3599//797 3671//797 3672//797 3600//797
f 3573//797 3645//797 3646//797 3574//797
f 3547//1216 3619//1216 3620//1216 3548//1216
f 3574//797 3646//797 3647//797 3575//797
f 3548//1207 3620//1217 3621//1218 3549//1207
f 3575//797 3647//797 3648//797 3576//797
f 3549//1208 3621//1219 3622//1219 3550//1208
f 3576//797 3648//797 3649//797 3577//797
f 3550//1209 3622//1220 3623//1221 3551//1210
f 3577//797 3649//797 3650//797 3578//797
f 3551//1210 3623//1221 3624//1222 3552//1211
f 3578//797 3650//797 3651//797 3579//797
f 3552//1211 3624//1222 3625//797 3553//797
f 3579//797 3651//797 3652//797 3580//797
f 3553//797 3625//797 3626//797 3554//797
f 3580//797 3652//797 3653//797 3581//797
f 3554//797 3626//797 3627//797 3555//797
f 3581//797 3653//797 3654//797 3582//797
f 3555//797 3627//797 3628//797 3556//797
f 3529//1223 3601//1223 3602//1223 3530//1223
f 3582//797 3654//797 3655//797 3583//797
f 3556//797 3628//797 3629//797 3557//797
f 3530//1224 3602//1224 3603//1224 3531//1224
f 3583//797 3655//797 3656//797 3584//797
f 3557//797 3629//797 3630//797 3558//797
f 3531//1225 3603//1225 3604//1225 3532//1225
f 3584//797 3656//797 3657//797 3585//797
f 3558//797 3630//797 3631//797 3559//797
f 3532//1226 3604//1226 3605//1226 3533//1226
f 3585//797 3657//797 3658//797 3586//797
f 3559//797 3631//797 3632//797 3560//797
f 3533//1227 3605//1227 3606//1227 3534//1227
f 3586//797 3658//797 3659//797 3587//797
f 3560//797 3632//797 3633//797 3561//797
f 3534//1228 3606//1228 3607//1228 3535//1228
f 3587//797 3659//797 3660//797 3588//797
f 3561//797 3633//797 3634//797 3562//797
f 3535//1229 3607//1229 3608//1229 3536//1229
f 3588//797 3660//797 3661//797 3589//797
f 3562//797 3634//797 3635//797 3563//797
f 3536//1230 3608//1230 3609//1230 3537//1230
f 3589//797 3661//797 3662//797 3590//797
f 3563//797 3635//797 3636//797 3564//797
f 3537//1231 3609//1231 3610//1231 3538//1231
f 3590//797 3662//797 3663//797 3591//797
f 3564//797 3636//797 3637//797 3565//797
f 3538//1232 3610//1232 3611//1232 3539//1232
f 3591//797 3663//797 3664//797 3592//797
f 3565//797 3637//797 3638//797 3566//797
f 3539//1233 3611//1233 3612//1233 3540//1233
f 3592//797 3664//797 3665//797 3593//797
f 3566//797 3638//797 3639//797 3567//797
f 3540//1234 3612//1234 3613//1234 3541//1234
f 3593//797 3665//797 3666//797 3594//797
f 3567//797 3639//797 3640//797 3568//797
f 3541//1235 3613//1235 3614//1235 3542//1235
f 3594//797 3666//797 3667//797 3595//797
f 3568//797 3640//797 3641//797 3569//797
f 3542//1236 3614//1236 3615//1236 3543//1236
f 3595//797 3667//797 3668//797 3596//797
f 3569//797 3641//797 3642//797 3570//797
f 3543//1237 3615//1237 3616//1237 3544//1237
f 3596//797 3668//797 3669//797 3597//797
f 3570//797 3642//797 3643//797 3571//797
f 3544//1238 3616//1238 3617//1238 3545//1238
f 3597//797 3669//797 3670//797 3598//797
f 3571//797 3643//797 3644//797 3572//797
f 3545//1239 3617//1239 3618//1239 3546//1239
f 3598//797 3670//797 3671//797 3599//797
f 3632//797 3704//797 3705//797 3633//797
f 3606//1240 3678//1240 3679//1240 3607//1240
f 3659//797 3731//797 3732//797 3660//797
f 3633//797 3705//797 3706//797 3634//797
f 3607//1241 3679//1241 3680//1241 3608//1241
f 3660//797 3732//797 3733//797 3661//797
f 3634//797 3706//797 3707//797 3635//797
f 3608//1242 3680//1242 3681//1242 3609//1242
f 3661//797 3733//797 3734//797 3662//797
f 3635//797 3707//797 3708//797 3636//797
f 3609//1243 3681//1243 3682//1243 3610//1243
f 3662//797 3734//797 3735//797 3663//797
f 3636//797 3708//797 3709//797 3637//797
f 3610//1244 3682//1244 3683//1244 3611//1244
f 3663//797 3735//797 3736//797 3664//797
f 3637//797 3709//797 3710//797 3638//797
f 3611//1245 3683//1245 3684//1245 3612//1245
f 3664//797 3736//797 3737//797 3665//797
f 3638//797 3710//797 3711//797 3639//797
f 3612//1246 3684//1246 3685//1246 3613//1246
f 3665//797 3737//797 3738//797 3666//797
f 3639//797 3711//797 3712//797 3640//797
f 3613//1247 3685//1247 3686//1247 3614//1247
f 3666//797 3738//797 3739//797 3667//797
f 3640//797 3712//797 3713//797 3641//797
f 3614//1248 3686//1248 3687//1248 3615//1248
f 3667//797 3739//797 3740//797 3668//797
f 3641//797 3713//797 3714//797 3642//797
f 3615//1249 3687//1249 3688//1249 3616//1249
f 3668//797 3740//797 3741//797 3669//797
f 3642//797 3714//797 3715//797 3643//797
f 3616//1250 3688//1250 3689//1250 3617//1250
f 3669//797 3741//797 3742//797 3670//797
f 3643//797 3715//797 3716//797 3644//797
f 3617//1251 3689//1251 3690//1251 3618//1251
f 3670//797 3742//797 3743//797 3671//797
f 3644//797 3716//797 3717//797 3645//797
f 3618//1252 3690//1252 3691//1252 3619//1252
f 3671//797 3743//797 3744//797 3672//797
f 3645//797 3717//797 3718//797 3646//797
f 3619//1253 3691//1253 3692//1253 3620//1253
f 3646//797 3718//797 3719//797 3647//797
f 3620//1217 3692//1254 3693//1254 3621//1218
f 3647//797 3719//797 3720//797 3648//797
f 3621//1219 3693//1255 3694//1255 3622//1219
f 3648//797 3720//797 3721//797 3649//797
f 3622//1220 3694//1256 3695//1257 3623//1221
f 3649//797 3721//797 3722//797 3650//797
f 3623//1221 3695//1257 3696//1258 3624//1222
f 3650//797 3722//797 3723//797 3651//797
f 3624//1222 3696//1258 3697//797 3625//797
f 3651//797 3723//797 3724//797 3652//797
f 3625//797 3697//797 3698//797 3626//797
f 3652//797 3724//797 3725//797 3653//797
f 3626//797 3698//797 3699//797 3627//797
f 3653//797 3725//797 3726//797 3654//797
f 3627//797 3699//797 3700//797 3628//797
f 3601//1259 3673//1259 3674//1259 3602//1259
f 3654//797 3726//797 3727//797 3655//797
f 3628//797 3700//797 3701//797 3629//797
f 3602//1260 3674//1260 3675//1260 3603//1260
f 3655//797 3727//797 3728//797 3656//797
f 3629//797 3701//797 3702//797 3630//797
f 3603//1261 3675//1261 3676//1261 3604//1261
f 3656//797 3728//797 3729//797 3657//797
f 3630//797 3702//797 3703//797 3631//797
f 3604//1262 3676//1262 3677//1262 3605//1262
f 3657//797 3729//797 3730//797 3658//797
f 3631//797 3703//797 3704//797 3632//797
f 3605//1263 3677//1263 3678//1263 3606//1263
f 3658//797 3730//797 3731//797 3659//797
f 3692//1254 3764//1264 3765//1264 3693//1254
f 3719//797 3791//797 3792//797 3720//797
f 3693//1255 3765//1265 3766//1265 3694//1255
f 3720//797 3792//797 3793//797 3721//797
f 3694//1256 3766//1266 3767//1267 3695//1257
f 3721//797 3793//797 3794//797 3722//797
f 3695//1257 3767//1267 3768//1268 3696//1258
f 3722//797 3794//797 3795//797 3723//797
f 3696//1258 3768//1268 3769//797 3697//797
f 3723//797 3795//797 3796//797 3724//797
f 3697//797 3769//797 3770//797 3698//797
f 3724//797 3796//797 3797//797 3725//797
f 3698//797 3770//797 3771//797 3699//797
f 3725//797 3797//797 3798//797 3726//797
f 3699//797 3771//797 3772//797 3700//797
f 3673//1269 3745//1269 3746//1269 3674//1269
f 3726//797 3798//797 3799//797 3727//797
f 3700//797 3772//797 3773//797 3701//797
f 3674//1270 3746//1270 3747//1270 3675//1270
f 3727//797 3799//797 3800//797 3728//797
f 3701//797 3773//797 3774//797 3702//797
f 3675//1271 3747//1271 3748//1271 3676//1271
f 3728//797 3800//797 3801//797 3729//797
f 3702//797 3774//797 3775//797 3703//797
f 3676//1272 3748//1272 3749//1272 3677//1272
f 3729//797 3801//797 3802//797 3730//797
f 3703//797 3775//797 3776//797 3704//797
f 3677//1273 3749//1273 3750//1273 3678//1273
f 3730//797 3802//797 3803//797 3731//797
f 3704//797 3776//797 3777//797 3705//797
f 3678//1274 3750//1274 3751//1274 3679//1274
f 3731//797 3803//797 3804//797 3732//797
f 3705//797 3777//797 3778//797 3706//797
f 3679//1275 3751//1275 3752//1275 3680//1275
f 3732//797 3804//797 3805//797 3733//797
f 3706//797 3778//797 3779//797 3707//797
f 3680//1276 3752//1276 3753//1276 3681//1276
f 3733//797 3805//797 3806//797 3734//797
f 3707//797 3779//797 3780//797 3708//797
f 3681//1277 3753//1277 3754//1277 3682//1277
f 3734//797 3806//797 3807//797 3735//797
f 3708//797 3780//797 3781//797 3709//797
f 3682//1278 3754//1278 3755//1278 3683//1278
f 3735//797 3807//797 3808//797 3736//797
f 3709//797 3781//797 3782//797 3710//797
f 3683//1279 3755//1279 3756//1279 3684//1279
f 3736//797 3808//797 3809//797 3737//797
f 3710//797 3782//797 3783//797 3711//797
f 3684//1280 3756//1280 3757//1280 3685//1280
f 3737//797 3809//797 3810//797 3738//797
f 3711//797 3783//797 3784//797 3712//797
f 3685//1281 3757//1281 3758//1281 3686//1281
f 3738//797 3810//797 3811//797 3739//797
f 3712//797 3784//797 3785//797 3713//797
f 3686//1282 3758//1282 3759//1282 3687//1282
f 3739//797 3811//797 3812//797 3740//797
f 3713//797 3785//797 3786//797 3714//797
f 3687//1283 3759//1283 3760//1283 3688//1283
f 3740//797 3812//797 3813//797 3741//797
f 3714//797 3786//797 3787//797 3715//797
f 3688//1284 3760//1284 3761//1284 3689//1284
f 3741//797 3813//797 3814//797 3742//797
f 3715//797 3787//797 3788//797 3716//797
f 3689//1285 3761//1285 3762//1285 3690//1285
f 3742//797 3814//797 3815//797 3743//797
f 3716//797 3788//797 3789//797 3717//797
f 3690//1286 3762//1286 3763//1286 3691//1286
f 3743//797 3815//797 3816//797 3744//797
f 3717//797 3789//797 3790//797 3718//797
f 3691//1287 3763//1287 3764//1287 3692//1287
f 3718//797 3790//797 3791//797 3719//797
f 3752//1288 3824//1288 3825//1288 3753//1288
f 3805//797 3877//797 3878//797 3806//797
f 3779//797 3851//797 3852//797 3780//797
f 3753//1289 3825//1289 3826//1289 3754//1289
f 3806//797 3878//797 3879//797 3807//797
f 3780//797 3852//797 3853//797 3781//797
f 3754//1290 3826//1290 3827//1290 3755//1290
f 3807//797 3879//797 3880//797 3808//797
f 3781//797 3853//797 3854//797 3782//797
f 3755//1291 3827//1291 3828//1291 3756//1291
f 3808//797 3880//797 3881//797 3809//797
f 3782//797 3854//797 3855//797 3783//797
f 3756//1292 3828//1292 3829//1292 3757//1292
f 3809//797 3881//797 3882//797 3810//797
f 3783//797 3855//797 3856//797 3784//797
f 3757//1293 3829//1293 3830//1293 3758//1293
f 3810//797 3882//797 3883//797 3811//797
f 3784//797 3856//797 3857//797 3785//797
f 3758//1294 3830//1294 3831//1294 3759//1294
f 3811//797 3883//797 3884//797 3812//797
f 3785//797 3857//797 3858//797 3786//797
f 3759//1295 3831//1295 3832//1295 3760//1295
f 3812//797 3884//797 3885//797 3813//797
f 3786//797 3858//797 3859//797 3787//797
f 3760//1296 3832//1296 3833//1296 3761//1296
f 3813//797 3885//797 3886//797 3814//797
f 3787//797 3859//797 3860//797 3788//797
f 3761//1297 3833//1297 3834//1297 3762//1297
f 3814//797 3886//797 3887//797 3815//797
f 3788//797 3860//797 3861//797 3789//797
f 3762//1298 3834//1298 3835//1298 3763//1298
f 3815//797 3887//797 3888//797 3816//797
f 3789//797 3861//797 3862//797 3790//797
f 3763//1299 3835//1299 3836//1299 3764//1299
f 3790//797 3862//797 3863//797 3791//797
f 3764//1264 3836//1300 3837//1300 3765//1264
f 3791//797 3863//797 3864//797 3792//797
f 3765//1265 3837//1301 3838//1301 3766//1265
f 3792//797 3864//797 3865//797 3793//797
f 3766//1266 3838//1302 3839//1303 3767//1267
f 3793//797 3865//797 3866//797 3794//797
f 3767//1267 3839//1303 3840//1304 3768//1268
f 3794//797 3866//797 3867//797 3795//797
f 3768//1268 3840//1304 3841//797 3769//797
f 3795//797 3867//797 3868//797 3796//797
f 3769//797 3841//797 3842//797 3770//797
f 3796//797 3868//797 3869//797 3797//797
f 3770//797 3842//797 3843//797 3771//797
f 3797//797 3869//797 3870//797 3798//797
f 3771//797 3843//797 3844//797 3772//797
f 3745//1305 3817//1305 3818//1305 3746//1305
f 3798//797 3870//797 3871//797 3799//797
f 3772//797 3844//797 3845//797 3773//797
f 3746//1306 3818//1306 3819//1306 3747//1306
f 3799//797 3871//797 3872//797 3800//797
f 3773//797 3845//797 3846//797 3774//797
f 3747//1307 3819//1307 3820//1307 3748//1307
f 3800//797 3872//797 3873//797 3801//797
f 3774//797 3846//797 3847//797 3775//797
f 3748//1308 3820//1308 3821//1308 3749//1308
f 3801//797 3873//797 3874//797 3802//797
f 3775//797 3847//797 3848//797 3776//797
f 3749//1309 3821//1309 3822//1309 3750//1309
f 3802//797 3874//797 3875//797 3803//797
f 3776//797 3848//797 3849//797 3777//797
f 3750//1310 3822//1310 3823//1310 3751//1310
f 3803//797 3875//797 3876//797 3804//797
f 3777//797 3849//797 3850//797 3778//797
f 3751//1311 3823//1311 3824//1311 3752//1311
f 3804//797 3876//797 3877//797 3805//797
f 3778//797 3850//797 3851//797 3779//797
f 3865//797 3937//797 3938//797 3866//797
f 3839//1303 3911//1312 3912//1313 3840//1304
f 3866//797 3938//797 3939//797 3867//797
f 3840//1304 3912//1313 3913//797 3841//797
f 3867//797 3939//797 3940//797 3868//797
f 3841//797 3913//797 3914//797 3842//797
f 3868//797 3940//797 3941//797 3869//797
f 3842//797 3914//797 3915//797 3843//797
f 3869//797 3941//797 3942//797 3870//797
f 3843//797 3915//797 3916//797 3844//797
f 3817//1314 3889//1314 3890//1314 3818//1314
f 3870//797 3942//797 3943//797 3871//797
f 3844//797 3916//797 3917//797 3845//797
f 3818//1315 3890//1315 3891//1315 3819//1315
f 3871//797 3943//797 3944//797 3872//797
f 3845//797 3917//797 3918//797 3846//797
f 3819//1316 3891//1316 3892//1316 3820//1316
f 3872//797 3944//797 3945//797 3873//797
f 3846//797 3918//797 3919//797 3847//797
f 3820//1317 3892//1317 3893//1317 3821//1317
f 3873//797 3945//797 3946//797 3874//797
f 3847//797 3919//797 3920//797 3848//797
f 3821//1318 3893//1318 3894//1318 3822//1318
f 3874//797 3946//797 3947//797 3875//797
f 3848//797 3920//797 3921//797 3849//797
f 3822//1319 3894//1319 3895//1319 3823//1319
f 3875//797 3947//797 3948//797 3876//797
f 3849//797 3921//797 3922//797 3850//797
f 3823//1320 3895//1320 3896//1320 3824//1320
f 3876//797 3948//797 3949//797 3877//797
f 3850//797 3922//797 3923//797 3851//797
f 3824//1321 3896//1321 3897//1321 3825//1321
f 3877//797 3949//797 3950//797 3878//797
f 3851//797 3923//797 3924//797 3852//797
f 3825//1322 3897//1322 3898//1322 3826//1322
f 3878//797 3950//797 3951//797 3879//797
f 3852//797 3924//797 3925//797 3853//797
f 3826//1323 3898//1323 3899//1323 3827//1323
f 3879//797 3951//797 3952//797 3880//797
f 3853//797 3925//797 3926//797 3854//797
f 3827//1324 3899//1324 3900//1324 3828//1324
f 3880//797 3952//797 3953//797 3881//797
f 3854//797 3926//797 3927//797 3855//797
f 3828//1325 3900//1325 3901//1325 3829//1325
f 3881//797 3953//797 3954//797 3882//797
f 3855//797 3927//797 3928//797 3856//797
f 3829//1326 3901//1326 3902//1326 3830//1326
f 3882//797 3954//797 3955//797 3883//797
f 3856//797 3928//797 3929//797 3857//797
f 3830//1327 3902//1327 3903//1327 3831//1327
f 3883//797 3955//797 3956//797 3884//797
f 3857//797 3929//797 3930//797 3858//797
f 3831//1328 3903//1328 3904//1328 3832//1328
f 3884//797 3956//797 3957//797 3885//797
f 3858//797 3930//797 3931//797 3859//797
f 3832//1329 3904//1329 3905//1329 3833//1329
f 3885//797 3957//797 3958//797 3886//797
f 3859//797 3931//797 3932//797 3860//797
f 3833//1330 3905//1330 3906//1330 3834//1330
f 3886//797 3958//797 3959//797 3887//797
f 3860//797 3932//797 3933//797 3861//797
f 3834//1331 3906//1331 3907//1331 3835//1331
f 3887//797 3959//797 3960//797 3888//797
f 3861//797 3933//797 3934//797 3862//797
f 3835//1332 3907//1332 3908//1332 3836//1332
f 3862//797 3934//797 3935//797 3863//797
f 3836//1300 3908//1333 3909//1334 3837//1300
f 3863//797 3935//797 3936//797 3864//797
f 3837//1301 3909//1335 3910//1335 3838//1301
f 3864//797 3936//797 3937//797 3865//797
f 3838//1302 3910//1336 3911//1312 3839//1303
f 3951//797 4023//797 4024//797 3952//797
f 3925//797 3997//797 3998//797 3926//797
f 3899//1337 3971//1337 3972//1337 3900//1337
f 3952//797 4024//797 4025//797 3953//797
f 3926//797 3998//797 3999//797 3927//797
f 3900//1338 3972//1338 3973//1338 3901//1338
f 3953//797 4025//797 4026//797 3954//797
f 3927//797 3999//797 4000//797 3928//797
f 3901//1339 3973//1339 3974//1339 3902//1339
f 3954//797 4026//797 4027//797 3955//797
f 3928//797 4000//797 4001//797 3929//797
f 3902//1340 3974//1340 3975//1340 3903//1340
f 3955//797 4027//797 4028//797 3956//797
f 3929//797 4001//797 4002//797 3930//797
f 3903//1341 3975//1341 3976//1341 3904//1341
f 3956//797 4028//797 4029//797 3957//797
f 3930//797 4002//797 4003//797 3931//797
f 3904//1342 3976//1342 3977//1342 3905//1342
f 3957//797 4029//797 4030//797 3958//797
f 3931//797 4003//797 4004//797 3932//797
f 3905//1343 3977//1343 3978//1343 3906//1343
f 3958//797 4030//797 4031//797 3959//797
f 3932//797 4004//797 4005//797 3933//797
f 3906//1344 3978//1344 3979//1344 3907//1344
f 3959//797 4031//797 4032//797 3960//797
f 3933//797 4005//797 4006//797 3934//797
f 3907//1345 3979//1345 3980//1345 3908//1345
f 3934//797 4006//797 4007//797 3935//797
f 3908//1333 3980//1346 3981//1346 3909//1334
f 3935//797 4007//797 4008//797 3936//797
f 3909//1335 3981//1347 3982//1347 3910//1335
f 3936//797 4008//797 4009//797 3937//797
f 3910//1336 3982//1348 3983//1349 3911//1312
f 3937//797 4009//797 4010//797 3938//797
f 3911//1312 3983//1349 3984//1350 3912//1313
f 3938//797 4010//797 4011//797 3939//797
f 3912//1313 3984//1350 3985//797 3913//797
f 3939//797 4011//797 4012//797 3940//797
f 3913//797 3985//797 3986//797 3914//797
f 3940//797 4012//797 4013//797 3941//797
f 3914//797 3986//797 3987//797 3915//797
f 3941//797 4013//797 4014//797 3942//797
f 3915//797 3987//797 3988//797 3916//797
f 3889//1351 3961//1351 3962//1351 3890//1351
f 3942//797 4014//797 4015//797 3943//797
f 3916//797 3988//797 3989//797 3917//797
f 3890//1352 3962//1352 3963//1352 3891//1352
f 3943//797 4015//797 4016//797 3944//797
f 3917//797 3989//797 3990//797 3918//797
f 3891//1353 3963//1353 3964//1353 3892//1353
f 3944//797 4016//797 4017//797 3945//797
f 3918//797 3990//797 3991//797 3919//797
f 3892//1354 3964//1354 3965//1354 3893//1354
f 3945//797 4017//797 4018//797 3946//797
f 3919//797 3991//797 3992//797 3920//797
f 3893//1355 3965//1355 3966//1355 3894//1355
f 3946//797 4018//797 4019//797 3947//797
f 3920//797 3992//797 3993//797 3921//797
f 3894//1356 3966//1356 3967//1356 3895//1356
f 3947//797 4019//797 4020//797 3948//797
f 3921//797 3993//797 3994//797 3922//797
f 3895//1357 3967//1357 3968//1357 3896//1357
f 3948//797 4020//797 4021//797 3949//797
f 3922//797 3994//797 3995//797 3923//797
f 3896//1358 3968//1358 3969//1358 3897//1358
f 3949//797 4021//797 4022//797 3950//797
f 3923//797 3995//797 3996//797 3924//797
f 3897//1359 3969//1359 3970//1359 3898//1359
f 3950//797 4022//797 4023//797 3951//797
f 3924//797 3996//797 3997//797 3925//797
f 3898//1360 3970//1360 3971//1360 3899//1360
f 4028//797 4100//797 4101//797 4029//797
f 4011//797 4083//797 4084//797 4012//797
f 3985//797 4057//797 4058//797 3986//797
f 4029//797 4101//797 4102//797 4030//797
f 4012//797 4084//797 4085//797 4013//797
f 3986//797 4058//797 4059//797 3987//797
f 4030//797 4102//797 4103//797 4031//797
f 4013//797 4085//797 4086//797 4014//797
f 3987//797 4059//797 4060//797 3988//797
f 3961//1361 4033//1361 4034//1361 3962//1361
f 4031//797 4103//797 4104//797 4032//797
f 4014//797 4086//797 4087//797 4015//797
f 3988//797 4060//797 4061//797 3989//797
f 3962//1362 4034//1362 4035//1362 3963//1362
f 4015//797 4087//797 4088//797 4016//797
f 3989//797 4061//797 4062//797 3990//797
f 3963//1363 4035//1363 4036//1363 3964//1363
f 4016//797 4088//797 4089//797 4017//797
f 3990//797 4062//797 4063//797 3991//797
f 3964//1364 4036//1364 4037//1364 3965//1364
f 4017//797 4089//797 4090//797 4018//797
f 3991//797 4063//797 4064//797 3992//797
f 3965//1365 4037//1365 4038//1365 3966//1365
f 4018//797 4090//797 4091//797 4019//797
f 3992//797 4064//797 4065//797 3993//797
f 3966//1366 4038//1366 4039//1366 3967//1366
f 4019//797 4091//797 4092//797 4020//797
f 3993//797 4065//797 4066//797 3994//797
f 3967//1367 4039//1367 4040//1367 3968//1367
f 3994//797 4066//797 4067//797 3995//797
f 3968//1368 4040//1368 4041//1368 3969//1368
f 3995//797 4067//797 4068//797 3996//797
f 3969//1369 4041//1369 4042//1369 3970//1369
f 3996//797 4068//797 4069//797 3997//797
f 3970//1370 4042//1370 4043//1370 3971//1370
f 3997//797 4069//797 4070//797 3998//797
f 3971//1371 4043//1371 4044//1371 3972//1371
f 3998//797 4070//797 4071//797 3999//797
f 3972//1372 4044//1372 4045//1372 3973//1372
f 3999//797 4071//797 4072//797 4000//797
f 3973//1373 4045//1373 4046//1373 3974//1373
f 4000//797 4072//797 4073//797 4001//797
f 3974//1374 4046//1374 4047//1374 3975//1374
f 4001//797 4073//797 4074//797 4002//797
f 3975//1375 4047//1375 4048//1375 3976//1375
f 4002//797 4074//797 4075//797 4003//797
f 3976//1376 4048//1376 4049//1376 3977//1376
f 4020//797 4092//797 4093//797 4021//797
f 4003//797 4075//797 4076//797 4004//797
f 3977//1377 4049//1377 4050//1377 3978//1377
f 4021//797 4093//797 4094//797 4022//797
f 4004//797 4076//797 4077//797 4005//797
f 3978//1378 4050//1378 4051//1378 3979//1378
f 4022//797 4094//797 4095//797 4023//797
f 4005//797 4077//797 4078//797 4006//797
f 3979//1379 4051//1379 4052//1379 3980//1379
f 4023//797 4095//797 4096//797 4024//797
f 4006//797 4078//797 4079//797 4007//797
f 3980//1346 4052//1380 4053//1380 3981//1346
f 4024//797 4096//797 4097//797 4025//797
f 4007//797 4079//797 4080//797 4008//797
f 3981//1347 4053//1381 4054//1381 3982//1347
f 4025//797 4097//797 4098//797 4026//797
f 4008//797 4080//797 4081//797 4009//797
f 3982//1348 4054//1382 4055//1383 3983//1349
f 4026//797 4098//797 4099//797 4027//797
f 4009//797 4081//797 4082//797 4010//797
f 3983//1349 4055//1383 4056//1384 3984//1350
f 4027//797 4099//797 4100//797 4028//797
f 4010//797 4082//797 4083//797 4011//797
f 3984//1350 4056//1384 4057//797 3985//797
f 4088//797 4160//797 4161//797 4089//797
f 4062//797 4134//797 4135//797 4063//797
f 4036//1385 4108//1385 4109//1385 4037//1385
f 4089//797 4161//797 4162//797 4090//797
f 4063//797 4135//797 4136//797 4064//797
f 4037//1386 4109//1386 4110//1386 4038//1386
f 4090//797 4162//797 4163//797 4091//797
f 4064//797 4136//797 4137//797 4065//797
f 4038//1387 4110//1387 4111//1387 4039//1387
f 4091//797 4163//797 4164//797 4092//797
f 4065//797 4137//797 4138//797 4066//797
f 4039//1388 4111//1388 4112//1388 4040//1388
f 4092//797 4164//797 4165//797 4093//797
f 4066//797 4138//797 4139//797 4067//797
f 4040//1389 4112//1389 4113//1389 4041//1389
f 4093//797 4165//797 4166//797 4094//797
f 4067//797 4139//797 4140//797 4068//797
f 4041//1390 4113//1390 4114//1390 4042//1390
f 4094//797 4166//797 4167//797 4095//797
f 4068//797 4140//797 4141//797 4069//797
f 4042//1391 4114//1391 4115//1391 4043//1391
f 4095//797 4167//797 4168//797 4096//797
f 4069//797 4141//797 4142//797 4070//797
f 4043//1392 4115//1392 4116//1392 4044//1392
f 4096//797 4168//797 4169//797 4097//797
f 4070//797 4142//797 4143//797 4071//797
f 4044//1393 4116//1393 4117//1393 4045//1393
f 4097//797 4169//797 4170//797 4098//797
f 4071//797 4143//797 4144//797 4072//797
f 4045//1394 4117//1394 4118//1394 4046//1394
f 4098//797 4170//797 4171//797 4099//797
f 4072//797 4144//797 4145//797 4073//797
f 4046//1395 4118//1395 4119//1395 4047//1395
f 4099//797 4171//797 4172//797 4100//797
f 4073//797 4145//797 4146//797 4074//797
f 4047//1396 4119//1396 4120//1396 4048//1396
f 4100//797 4172//797 4173//797 4101//797
f 4074//797 4146//797 4147//797 4075//797
f 4048//1397 4120//1397 4121//1397 4049//1397
f 4101//797 4173//797 4174//797 4102//797
f 4075//797 4147//797 4148//797 4076//797
f 4049//1398 4121//1398 4122//1398 4050//1398
f 4102//797 4174//797 4175//797 4103//797
f 4076//797 4148//797 4149//797 4077//797
f 4050//1399 4122//1399 4123//1399 4051//1399
f 4103//797 4175//797 4176//797 4104//797
f 4077//797 4149//797 4150//797 4078//797
f 4051//1400 4123//1400 4124//1400 4052//1400
f 4078//797 4150//797 4151//797 4079//797
f 4052//1380 4124//1401 4125//1401 4053//1380
f 4079//797 4151//797 4152//797 4080//797
f 4053//1381 4125//1402 4126//1402 4054//1381
f 4080//797 4152//797 4153//797 4081//797
f 4054//1382 4126//1403 4127//1404 4055//1383
f 4081//797 4153//797 4154//797 4082//797
f 4055//1383 4127//1404 4128//1405 4056//1384
f 4082//797 4154//797 4155//797 4083//797
f 4056//1384 4128//1405 4129//797 4057//797
f 4083//797 4155//797 4156//797 4084//797
f 4057//797 4129//797 4130//797 4058//797
f 4084//797 4156//797 4157//797 4085//797
f 4058//797 4130//797 4131//797 4059//797
f 4085//797 4157//797 4158//797 4086//797
f 4059//797 4131//797 4132//797 4060//797
f 4033//1406 4105//1406 4106//1406 4034//1406
f 4086//797 4158//797 4159//797 4087//797
f 4060//797 4132//797 4133//797 4061//797
f 4034//1407 4106//1407 4107//1407 4035//1407
f 4087//797 4159//797 4160//797 4088//797
f 4061//797 4133//797 4134//797 4062//797
f 4035//1408 4107//1408 4108//1408 4036//1408
f 4174//797 4246//797 4247//797 4175//797
f 4148//797 4220//797 4221//797 4149//797
f 4122//1409 4194//1409 4195//1409 4123//1409
f 4175//797 4247//797 4248//797 4176//797
f 4149//797 4221//797 4222//797 4150//797
f 4123//1410 4195//1410 4196//1410 4124//1410
f 4150//797 4222//797 4223//797 4151//797
f 4124//1401 4196//1411 4197//1412 4125//1401
f 4151//797 4223//797 4224//797 4152//797
f 4125//1402 4197//1413 4198//1413 4126//1402
f 4152//797 4224//797 4225//797 4153//797
f 4126//1403 4198//1414 4199//1415 4127//1404
f 4153//797 4225//797 4226//797 4154//797
f 4127//1404 4199//1415 4200//1416 4128//1405
f 4154//797 4226//797 4227//797 4155//797
f 4128//1405 4200//1416 4201//797 4129//797
f 4155//797 4227//797 4228//797 4156//797
f 4129//797 4201//797 4202//797 4130//797
f 4156//797 4228//797 4229//797 4157//797
f 4130//797 4202//797 4203//797 4131//797
f 4157//797 4229//797 4230//797 4158//797
f 4131//797 4203//797 4204//797 4132//797
f 4105//1417 4177//1417 4178//1417 4106//1417
f 4158//797 4230//797 4231//797 4159//797
f 4132//797 4204//797 4205//797 4133//797
f 4106//1418 4178//1418 4179//1418 4107//1418
f 4159//797 4231//797 4232//797 4160//797
f 4133//797 4205//797 4206//797 4134//797
f 4107//1419 4179//1419 4180//1419 4108//1419
f 4160//797 4232//797 4233//797 4161//797
f 4134//797 4206//797 4207//797 4135//797
f 4108//1420 4180//1420 4181//1420 4109//1420
f 4161//797 4233//797 4234//797 4162//797
f 4135//797 4207//797 4208//797 4136//797
f 4109//1421 4181//1421 4182//1421 4110//1421
f 4162//797 4234//797 4235//797 4163//797
f 4136//797 4208//797 4209//797 4137//797
f 4110//1422 4182//1422 4183//1422 4111//1422
f 4163//797 4235//797 4236//797 4164//797
f 4137//797 4209//797 4210//797 4138//797
f 4111//1423 4183//1423 4184//1423 4112//1423
f 4164//797 4236//797 4237//797 4165//797
f 4138//797 4210//797 4211//797 4139//797
f 4112//1424 4184//1424 4185//1424 4113//1424
f 4165//797 4237//797 4238//797 4166//797
f 4139//797 4211//797 4212//797 4140//797
f 4113//1425 4185//1425 4186//1425 4114//1425
f 4166//797 4238//797 4239//797 4167//797
f 4140//797 4212//797 4213//797 4141//797
f 4114//1426 4186//1426 4187//1426 4115//1426
f 4167//797 4239//797 4240//797 4168//797
f 4141//797 4213//797 4214//797 4142//797
f 4115//1427 4187//1427 4188//1427 4116//1427
f 4168//797 4240//797 4241//797 4169//797
f 4142//797 4214//797 4215//797 4143//797
f 4116//1428 4188//1428 4189//1428 4117//1428
f 4169//797 4241//797 4242//797 4170//797
f 4143//797 4215//797 4216//797 4144//797
f 4117//1429 4189//1429 4190//1429 4118//1429
f 4170//797 4242//797 4243//797 4171//797
f 4144//797 4216//797 4217//797 4145//797
f 4118//1430 4190//1430 4191//1430 4119//1430
f 4171//797 4243//797 4244//797 4172//797
f 4145//797 4217//797 4218//797 4146//797
f 4119//1431 4191//1431 4192//1431 4120//1431
f 4172//797 4244//797 4245//797 4173//797
f 4146//797 4218//797 4219//797 4147//797
f 4120//1432 4192//1432 4193//1432 4121//1432
f 4173//797 4245//797 4246//797 4174//797
f 4147//797 4219//797 4220//797 4148//797
f 4121//1433 4193//1433 4194//1433 4122//1433
f 4234//797 4306//797 4307//797 4235//797
f 4208//797 4280//797 4281//797 4209//797
f 4182//1434 4254//1434 4255//1434 4183//1434
f 4235//797 4307//797 4308//797 4236//797
f 4209//797 4281//797 4282//797 4210//797
f 4183//1435 4255//1435 4256//1435 4184//1435
f 4236//797 4308//797 4309//797 4237//797
f 4210//797 4282//797 4283//797 4211//797
f 4184//1436 4256//1436 4257//1436 4185//1436
f 4237//797 4309//797 4310//797 4238//797
f 4211//797 4283//797 4284//797 4212//797
f 4185//1437 4257//1437 4258//1437 4186//1437
f 4238//797 4310//797 4311//797 4239//797
f 4212//797 4284//797 4285//797 4213//797
f 4186//1438 4258//1438 4259//1438 4187//1438
f 4239//797 4311//797 4312//797 4240//797
f 4213//797 4285//797 4286//797 4214//797
f 4187//1439 4259//1439 4260//1439 4188//1439
f 4240//797 4312//797 4313//797 4241//797
f 4214//797 4286//797 4287//797 4215//797
f 4188//1440 4260//1440 4261//1440 4189//1440
f 4241//797 4313//797 4314//797 4242//797
f 4215//797 4287//797 4288//797 4216//797
f 4189//1441 4261//1441 4262//1441 4190//1441
f 4242//797 4314//797 4315//797 4243//797
f 4216//797 4288//797 4289//797 4217//797
f 4190//1442 4262//1442 4263//1442 4191//1442
f 4243//797 4315//797 4316//797 4244//797
f 4217//797 4289//797 4290//797 4218//797
f 4191//1443 4263//1443 4264//1443 4192//1443
f 4244//797 4316//797 4317//797 4245//797
f 4218//797 4290//797 4291//797 4219//797
f 4192//1444 4264//1444 4265//1444 4193//1444
f 4245//797 4317//797 4318//797 4246//797
f 4219//797 4291//797 4292//797 4220//797
f 4193//1445 4265//1445 4266//1445 4194//1445
f 4246//797 4318//797 4319//797 4247//797
f 4220//797 4292//797 4293//797 4221//797
f 4194//1446 4266//1446 4267//1446 4195//1446
f 4247//797 4319//797 4320//797 4248//797
f 4221//797 4293//797 4294//797 4222//797
f 4195//1447 4267//1447 4268//1447 4196//1447
f 4222//797 4294//797 4295//797 4223//797
f 4196//1411 4268//1448 4269//1448 4197//1412
f 4223//797 4295//797 4296//797 4224//797
f 4197//1413 4269//1449 4270//1449 4198//1413
f 4224//797 4296//797 4297//797 4225//797
f 4198//1414 4270//1450 4271//1451 4199//1415
f 4225//797 4297//797 4298//797 4226//797
f 4199//1415 4271//1451 4272//1452 4200//1416
f 4226//797 4298//797 4299//797 4227//797
f 4200//1416 4272//1452 4273//797 4201//797
f 4227//797 4299//797 4300//797 4228//797
f 4201//797 4273//797 4274//797 4202//797
f 4228//797 4300//797 4301//797 4229//797
f 4202//797 4274//797 4275//797 4203//797
f 4229//797 4301//797 4302//797 4230//797
f 4203//797 4275//797 4276//797 4204//797
f 4177//1453 4249//1453 4250//1453 4178//1453
f 4230//797 4302//797 4303//797 4231//797
f 4204//797 4276//797 4277//797 4205//797
f 4178//1454 4250//1454 4251//1454 4179//1454
f 4231//797 4303//797 4304//797 4232//797
f 4205//797 4277//797 4278//797 4206//797
f 4179//1455 4251//1455 4252//1455 4180//1455
f 4232//797 4304//797 4305//797 4233//797
f 4206//797 4278//797 4279//797 4207//797
f 4180//1456 4252//1456 4253//1456 4181//1456
f 4233//797 4305//797 4306//797 4234//797
f 4207//797 4279//797 4280//797 4208//797
f 4181//1457 4253//1457 4254//1457 4182//1457
f 4294//797 4366//797 4367//797 4295//797
f 4268//1448 4340//1458 4341//1458 4269//1448
f 4295//797 4367//797 4368//797 4296//797
f 4269//1449 4341//1459 4342//1459 4270//1449
f 4296//797 4368//797 4369//797 4297//797
f 4270//1450 4342//1460 4343//1461 4271//1451
f 4297//797 4369//797 4370//797 4298//797
f 4271//1451 4343//1461 4344//1462 4272//1452
f 4298//797 4370//797 4371//797 4299//797
f 4272//1452 4344//1462 4345//797 4273//797
f 4299//797 4371//797 4372//797 4300//797
f 4273//797 4345//797 4346//797 4274//797
f 4300//797 4372//797 4373//797 4301//797
f 4274//797 4346//797 4347//797 4275//797
f 4301//797 4373//797 4374//797 4302//797
f 4275//797 4347//797 4348//797 4276//797
f 4249//1463 4321//1463 4322//1463 4250//1463
f 4302//797 4374//797 4375//797 4303//797
f 4276//797 4348//797 4349//797 4277//797
f 4250//1464 4322//1464 4323//1464 4251//1464
f 4303//797 4375//797 4376//797 4304//797
f 4277//797 4349//797 4350//797 4278//797
f 4251//1465 4323//1465 4324//1465 4252//1465
f 4304//797 4376//797 4377//797 4305//797
f 4278//797 4350//797 4351//797 4279//797
f 4252//1466 4324//1466 4325//1466 4253//1466
f 4305//797 4377//797 4378//797 4306//797
f 4279//797 4351//797 4352//797 4280//797
f 4253//1467 4325//1467 4326//1467 4254//1467
f 4306//797 4378//797 4379//797 4307//797
f 4280//797 4352//797 4353//797 4281//797
f 4254//1468 4326//1468 4327//1468 4255//1468
f 4307//797 4379//797 4380//797 4308//797
f 4281//797 4353//797 4354//797 4282//797
f 4255//1469 4327//1469 4328//1469 4256//1469
f 4308//797 4380//797 4381//797 4309//797
f 4282//797 4354//797 4355//797 4283//797
f 4256//1470 4328//1470 4329//1470 4257//1470
f 4309//797 4381//797 4382//797 4310//797
f 4283//797 4355//797 4356//797 4284//797
f 4257//1471 4329//1471 4330//1471 4258//1471
f 4310//797 4382//797 4383//797 4311//797
f 4284//797 4356//797 4357//797 4285//797
f 4258//1472 4330//1472 4331//1472 4259//1472
f 4311//797 4383//797 4384//797 4312//797
f 4285//797 4357//797 4358//797 4286//797
f 4259//1473 4331//1473 4332//1473 4260//1473
f 4312//797 4384//797 4385//797 4313//797
f 4286//797 4358//797 4359//797 4287//797
f 4260//1474 4332//1474 4333//1474 4261//1474
f 4313//797 4385//797 4386//797 4314//797
f 4287//797 4359//797 4360//797 4288//797
f 4261//1475 4333//1475 4334//1475 4262//1475
f 4314//797 4386//797 4387//797 4315//797
f 4288//797 4360//797 4361//797 4289//797
f 4262//1476 4334//1476 4335//1476 4263//1476
f 4315//797 4387//797 4388//797 4316//797
f 4289//797 4361//797 4362//797 4290//797
f 4263//1477 4335//1477 4336//1477 4264//1477
f 4316//797 4388//797 4389//797 4317//797
f 4290//797 4362//797 4363//797 4291//797
f 4264//1478 4336//1478 4337//1478 4265//1478
f 4317//797 4389//797 4390//797 4318//797
f 4291//797 4363//797 4364//797 4292//797
f 4265//1479 4337//1479 4338//1479 4266//1479
f 4318//797 4390//797 4391//797 4319//797
f 4292//797 4364//797 4365//797 4293//797
f 4266//1480 4338//1480 4339//1480 4267//1480
f 4319//797 4391//797 4392//797 4320//797
f 4293//797 4365//797 4366//797 4294//797
f 4267//1481 4339//1481 4340//1481 4268//1481
f 4354//797 4426//797 4427//797 4355//797
f 4328//1482 4400//1482 4401//1482 4329//1482
f 4381//797 4453//797 4454//797 4382//797
f 4355//797 4427//797 4428//797 4356//797
f 4329//1483 4401//1483 4402//1483 4330//1483
f 4382//797 4454//797 4455//797 4383//797
f 4356//797 4428//797 4429//797 4357//797
f 4330//1484 4402//1484 4403//1484 4331//1484
f 4383//797 4455//797 4456//797 4384//797
f 4357//797 4429//797 4430//797 4358//797
f 4331//1485 4403//1485 4404//1485 4332//1485
f 4384//797 4456//797 4457//797 4385//797
f 4358//797 4430//797 4431//797 4359//797
f 4332//1486 4404//1486 4405//1486 4333//1486
f 4385//797 4457//797 4458//797 4386//797
f 4359//797 4431//797 4432//797 4360//797
f 4333//1487 4405//1487 4406//1487 4334//1487
f 4386//797 4458//797 4459//797 4387//797
f 4360//797 4432//797 4433//797 4361//797
f 4334//1488 4406//1488 4407//1488 4335//1488
f 4387//797 4459//797 4460//797 4388//797
f 4361//797 4433//797 4434//797 4362//797
f 4335//1489 4407//1489 4408//1489 4336//1489
f 4388//797 4460//797 4461//797 4389//797
f 4362//797 4434//797 4435//797 4363//797
f 4336//1490 4408//1490 4409//1490 4337//1490
f 4389//797 4461//797 4462//797 4390//797
f 4363//797 4435//797 4436//797 4364//797
f 4337//1491 4409//1491 4410//1491 4338//1491
f 4390//797 4462//797 4463//797 4391//797
f 4364//797 4436//797 4437//797 4365//797
f 4338//1492 4410//1492 4411//1492 4339//1492
f 4391//797 4463//797 4464//797 4392//797
f 4365//797 4437//797 4438//797 4366//797
f 4339//1493 4411//1493 4412//1493 4340//1493
f 4366//797 4438//797 4439//797 4367//797
f 4340//1458 4412//1494 4413//1494 4341//1458
f 4367//797 4439//797 4440//797 4368//797
f 4341//1459 4413//1495 4414//1495 4342//1459
f 4368//797 4440//797 4441//797 4369//797
f 4342//1460 4414//1496 4415//1497 4343//1461
f 4369//797 4441//797 4442//797 4370//797
f 4343//1461 4415//1497 4416//1498 4344//1462
f 4370//797 4442//797 4443//797 4371//797
f 4344//1462 4416//1498 4417//797 4345//797
f 4371//797 4443//797 4444//797 4372//797
f 4345//797 4417//797 4418//797 4346//797
f 4372//797 4444//797 4445//797 4373//797
f 4346//797 4418//797 4419//797 4347//797
f 4373//797 4445//797 4446//797 4374//797
f 4347//797 4419//797 4420//797 4348//797
f 4321//1499 4393//1499 4394//1499 4322//1499
f 4374//797 4446//797 4447//797 4375//797
f 4348//797 4420//797 4421//797 4349//797
f 4322//1500 4394//1500 4395//1500 4323//1500
f 4375//797 4447//797 4448//797 4376//797
f 4349//797 4421//797 4422//797 4350//797
f 4323//1501 4395//1501 4396//1501 4324//1501
f 4376//797 4448//797 4449//797 4377//797
f 4350//797 4422//797 4423//797 4351//797
f 4324//1502 4396//1502 4397//1502 4325//1502
f 4377//797 4449//797 4450//797 4378//797
f 4351//797 4423//797 4424//797 4352//797
f 4325//1503 4397//1503 4398//1503 4326//1503
f 4378//797 4450//797 4451//797 4379//797
f 4352//797 4424//797 4425//797 4353//797
f 4326//1504 4398//1504 4399//1504 4327//1504
f 4379//797 4451//797 4452//797 4380//797
f 4353//797 4425//797 4426//797 4354//797
f 4327//1505 4399//1505 4400//1505 4328//1505
f 4380//797 4452//797 4453//797 4381//797
f 4414//1496 4486//1506 4487//1507 4415//1497
f 4441//797 4513//797 4514//797 4442//797
f 4415//1497 4487//1507 4488//1508 4416//1498
f 4442//797 4514//797 4515//797 4443//797
f 4416//1498 4488//1508 4489//797 4417//797
f 4443//797 4515//797 4516//797 4444//797
f 4417//797 4489//797 4490//797 4418//797
f 4444//797 4516//797 4517//797 4445//797
f 4418//797 4490//797 4491//797 4419//797
f 4445//797 4517//797 4518//797 4446//797
f 4419//797 4491//797 4492//797 4420//797
f 4393//1509 4465//1509 4466//1509 4394//1509
f 4446//797 4518//797 4519//797 4447//797
f 4420//797 4492//797 4493//797 4421//797
f 4394//1510 4466//1510 4467//1510 4395//1510
f 4447//797 4519//797 4520//797 4448//797
f 4421//797 4493//797 4494//797 4422//797
f 4395//1511 4467//1511 4468//1511 4396//1511
f 4448//797 4520//797 4521//797 4449//797
f 4422//797 4494//797 4495//797 4423//797
f 4396//1512 4468//1512 4469//1512 4397//1512
f 4449//797 4521//797 4522//797 4450//797
f 4423//797 4495//797 4496//797 4424//797
f 4397//1513 4469//1513 4470//1513 4398//1513
f 4450//797 4522//797 4523//797 4451//797
f 4424//797 4496//797 4497//797 4425//797
f 4398//1514 4470//1514 4471//1514 4399//1514
f 4451//797 4523//797 4524//797 4452//797
f 4425//797 4497//797 4498//797 4426//797
f 4399//1515 4471//1515 4472//1515 4400//1515
f 4452//797 4524//797 4525//797 4453//797
f 4426//797 4498//797 4499//797 4427//797
f 4400//1516 4472//1516 4473//1516 4401//1516
f 4453//797 4525//797 4526//797 4454//797
f 4427//797 4499//797 4500//797 4428//797
f 4401//1517 4473//1517 4474//1517 4402//1517
f 4454//797 4526//797 4527//797 4455//797
f 4428//797 4500//797 4501//797 4429//797
f 4402//1518 4474//1518 4475//1518 4403//1518
f 4455//797 4527//797 4528//797 4456//797
f 4429//797 4501//797 4502//797 4430//797
f 4403//1519 4475//1519 4476//1519 4404//1519
f 4456//797 4528//797 4529//797 4457//797
f 4430//797 4502//797 4503//797 4431//797
f 4404//1520 4476//1520 4477//1520 4405//1520
f 4457//797 4529//797 4530//797 4458//797
f 4431//797 4503//797 4504//797 4432//797
f 4405//1521 4477//1521 4478//1521 4406//1521
f 4458//797 4530//797 4531//797 4459//797
f 4432//797 4504//797 4505//797 4433//797
f 4406//1522 4478//1522 4479//1522 4407//1522
f 4459//797 4531//797 4532//797 4460//797
f 4433//797 4505//797 4506//797 4434//797
f 4407//1523 4479//1523 4480//1523 4408//1523
f 4460//797 4532//797 4533//797 4461//797
f 4434//797 4506//797 4507//797 4435//797
f 4408//1524 4480//1524 4481//1524 4409//1524
f 4461//797 4533//797 4534//797 4462//797
f 4435//797 4507//797 4508//797 4436//797
f 4409//1525 4481//1525 4482//1525 4410//1525
f 4462//797 4534//797 4535//797 4463//797
f 4436//797 4508//797 4509//797 4437//797
f 4410//1526 4482//1526 4483//1526 4411//1526
f 4463//797 4535//797 4536//797 4464//797
f 4437//797 4509//797 4510//797 4438//797
f 4411//1527 4483//1527 4484//1527 4412//1527
f 4438//797 4510//797 4511//797 4439//797
f 4412//1494 4484//1528 4485//1529 4413//1494
f 4439//797 4511//797 4512//797 4440//797
f 4413//1495 4485//1530 4486//1530 4414//1495
f 4440//797 4512//797 4513//797 4441//797
f 4474//1531 4546//1531 4547//1531 4475//1531
f 4527//797 4599//797 4600//797 4528//797
f 4501//797 4573//797 4574//797 4502//797
f 4475//1532 4547//1532 4548//1532 4476//1532
f 4528//797 4600//797 4601//797 4529//797
f 4502//797 4574//797 4575//797 4503//797
f 4476//1533 4548//1533 4549//1533 4477//1533
f 4529//797 4601//797 4602//797 4530//797
f 4503//797 4575//797 4576//797 4504//797
f 4477//1534 4549//1534 4550//1534 4478//1534
f 4530//797 4602//797 4603//797 4531//797
f 4504//797 4576//797 4577//797 4505//797
f 4478//1535 4550//1535 4551//1535 4479//1535
f 4531//797 4603//797 4604//797 4532//797
f 4505//797 4577//797 4578//797 4506//797
f 4479//1536 4551//1536 4552//1536 4480//1536
f 4532//797 4604//797 4605//797 4533//797
f 4506//797 4578//797 4579//797 4507//797
f 4480//1537 4552//1537 4553//1537 4481//1537
f 4533//797 4605//797 4606//797 4534//797
f 4507//797 4579//797 4580//797 4508//797
f 4481//1538 4553//1538 4554//1538 4482//1538
f 4534//797 4606//797 4607//797 4535//797
f 4508//797 4580//797 4581//797 4509//797
f 4482//1539 4554//1539 4555//1539 4483//1539
f 4535//797 4607//797 4608//797 4536//797
f 4509//797 4581//797 4582//797 4510//797
f 4483//1540 4555//1540 4556//1540 4484//1540
f 4510//797 4582//797 4583//797 4511//797
f 4484//1528 4556//1541 4557//1541 4485//1529
f 4511//797 4583//797 4584//797 4512//797
f 4485//1530 4557//1542 4558//1542 4486//1530
f 4512//797 4584//797 4585//797 4513//797
f 4486//1506 4558//1543 4559//1544 4487//1507
f 4513//797 4585//797 4586//797 4514//797
f 4487//1507 4559//1544 4560//1545 4488//1508
f 4514//797 4586//797 4587//797 4515//797
f 4488//1508 4560//1545 4561//797 4489//797
f 4515//797 4587//797 4588//797 4516//797
f 4489//797 4561//797 4562//797 4490//797
f 4516//797 4588//797 4589//797 4517//797
f 4490//797 4562//797 4563//797 4491//797
f 4517//797 4589//797 4590//797 4518//797
f 4491//797 4563//797 4564//797 4492//797
f 4465//1546 4537//1546 4538//1546 4466//1546
f 4518//797 4590//797 4591//797 4519//797
f 4492//797 4564//797 4565//797 4493//797
f 4466//1547 4538//1547 4539//1547 4467//1547
f 4519//797 4591//797 4592//797 4520//797
f 4493//797 4565//797 4566//797 4494//797
f 4467//1548 4539//1548 4540//1548 4468//1548
f 4520//797 4592//797 4593//797 4521//797
f 4494//797 4566//797 4567//797 4495//797
f 4468//1549 4540//1549 4541//1549 4469//1549
f 4521//797 4593//797 4594//797 4522//797
f 4495//797 4567//797 4568//797 4496//797
f 4469//1550 4541//1550 4542//1550 4470//1550
f 4522//797 4594//797 4595//797 4523//797
f 4496//797 4568//797 4569//797 4497//797
f 4470//1551 4542//1551 4543//1551 4471//1551
f 4523//797 4595//797 4596//797 4524//797
f 4497//797 4569//797 4570//797 4498//797
f 4471//1552 4543//1552 4544//1552 4472//1552
f 4524//797 4596//797 4597//797 4525//797
f 4498//797 4570//797 4571//797 4499//797
f 4472//1553 4544//1553 4545//1553 4473//1553
f 4525//797 4597//797 4598//797 4526//797
f 4499//797 4571//797 4572//797 4500//797
f 4473//1554 4545//1554 4546//1554 4474//1554
f 4526//797 4598//797 4599//797 4527//797
f 4500//797 4572//797 4573//797 4501//797
f 4587//797 2355//797 2356//797 4588//797
f 4561//797 2329//797 2330//797 4562//797
f 4588//797 2356//797 2357//797 4589//797
f 4562//797 2330//797 2331//797 4563//797
f 4589//797 2357//797 2358//797 4590//797
f 4563//797 2331//797 2332//797 4564//797
f 4537//1555 2305//1555 2306//1555 4538//1555
f 4590//797 2358//797 2359//797 4591//797
f 4564//797 2332//797 2333//797 4565//797
f 4538//1556 2306//1556 2307//1556 4539//1556
f 4591//797 2359//797 2360//797 4592//797
f 4565//797 2333//797 2334//797 4566//797
f 4539//1557 2307//1557 2308//1557 4540//1557
f 4592//797 2360//797 2361//797 4593//797
f 4566//797 2334//797 2335//797 4567//797
f 4540//1558 2308//1558 2309//1558 4541//1558
f 4593//797 2361//797 2362//797 4594//797
f 4567//797 2335//797 2336//797 4568//797
f 4541//1559 2309//1559 2310//1559 4542//1559
f 4594//797 2362//797 2363//797 4595//797
f 4568//797 2336//797 2337//797 4569//797
f 4542//1560 2310//1560 2311//1560 4543//1560
f 4595//797 2363//797 2364//797 4596//797
f 4569//797 2337//797 2338//797 4570//797
f 4543//1561 2311//1561 2312//1561 4544//1561
f 4596//797 2364//797 2365//797 4597//797
f 4570//797 2338//797 2339//797 4571//797
f 4544//1562 2312//1562 2313//1562 4545//1562
f 4597//797 2365//797 2366//797 4598//797
f 4571//797 2339//797 2340//797 4572//797
f 4545//1563 2313//1563 2314//1563 4546//1563
f 4598//797 2366//797 2367//797 4599//797
f 4572//797 2340//797 2341//797 4573//797
f 4546//1564 2314//1564 2315//1564 4547//1564
f 4599//797 2367//797 2368//797 4600//797
f 4573//797 2341//797 2342//797 4574//797
f 4547//1565 2315//1565 2316//1565 4548//1565
f 4600//797 2368//797 2369//797 4601//797
f 4574//797 2342//797 2343//797 4575//797
f 4548//1566 2316//1566 2317//1566 4549//1566
f 4601//797 2369//797 2370//797 4602//797
f 4575//797 2343//797 2344//797 4576//797
f 4549//1567 2317//1567 2318//1567 4550//1567
f 4602//797 2370//797 2371//797 4603//797
f 4576//797 2344//797 2345//797 4577//797
f 4550//1568 2318//1568 2319//1568 4551//1568
f 4603//797 2371//797 2372//797 4604//797
f 4577//797 2345//797 2346//797 4578//797
f 4551//1569 2319//1569 2320//1569 4552//1569
f 4604//797 2372//797 2373//797 4605//797
f 4578//797 2346//797 2347//797 4579//797
f 4552//1570 2320//1570 2321//1570 4553//1570
f 4605//797 2373//797 2374//797 4606//797
f 4579//797 2347//797 2348//797 4580//797
f 4553//1571 2321//1571 2322//1571 4554//1571
f 4606//797 2374//797 2375//797 4607//797
f 4580//797 2348//797 2349//797 4581//797
f 4554//1572 2322//1572 2323//1572 4555//1572
f 4607//797 2375//797 2376//797 4608//797
f 4581//797 2349//797 2350//797 4582//797
f 4555//1573 2323//1573 2324//1573 4556//1573
f 4582//797 2350//797 2351//797 4583//797
f 4556//1541 2324//821 2325//823 4557//1541
f 4583//797 2351//797 2352//797 4584//797
f 4557//1542 2325//824 2326//824 4558//1542
f 4584//797 2352//797 2353//797 4585//797
f 4558//1543 2326//826 2327//798 4559//1544
f 4585//797 2353//797 2354//797 4586//797
f 4559//1544 2327//798 2328//801 4560//1545
f 4586//797 2354//797 2355//797 4587//797
f 4560//1545 2328//801 2329//797 4561//797
f 1//1574 73//1574 2377//1574 2305//1574
f 144//1575 72//1575 2376//1575 2448//1575
f 216//1576 144//1576 2448//1576 2520//1576
f 73//1577 145//1577 2449//1577 2377//1577
f 288//1578 216//1578 2520//1578 2592//1578
f 145//1579 217//1579 2521//1579 2449//1579
f 360//1580 288//1580 2592//1580 2664//1580
f 217//1581 289//1581 2593//1581 2521//1581
f 289//1582 361//1582 2665//1582 2593//1582
f 432//1583 360//1583 2664//1583 2736//1583
f 504//1584 432//1584 2736//1584 2808//1584
f 361//1585 433//1585 2737//1585 2665//1585
f 433//1586 505//1586 2809//1586 2737//1586
f 576//1587 504//1587 2808//1587 2880//1587
f 648//1588 576//1588 2880//1588 2952//1588
f 505//1589 577//1589 2881//1589 2809//1589
f 577//1590 649//1590 2953//1590 2881//1590
f 720//1591 648//1591 2952//1591 3024//1591
f 792//1592 720//1592 3024//1592 3096//1592
f 649//1593 721//1593 3025//1593 2953//1593
f 721//1594 793//1594 3097//1594 3025//1594
f 864//1595 792//1595 3096//1595 3168//1595
f 936//1596 864//1596 3168//1596 3240//1596
f 793//1597 865//1597 3169//1597 3097//1597
f 865//1598 937//1598 3241//1598 3169//1598
f 1008//1599 936//1599 3240//1599 3312//1599
f 1080//1600 1008//1600 3312//1600 3384//1600
f 937//1601 1009//1601 3313//1601 3241//1601
f 1152//1602 1080//1602 3384//1602 3456//1602
f 1009//1603 1081//1603 3385//1603 3313//1603
f 1224//1604 1152//1604 3456//1604 3528//1604
f 1081//1605 1153//1605 3457//1605 3385//1605
f 1296//1606 1224//1606 3528//1606 3600//1606
f 1153//1607 1225//1607 3529//1607 3457//1607
f 1368//1608 1296//1608 3600//1608 3672//1608
f 1225//1609 1297//1609 3601//1609 3529//1609
f 1440//1610 1368//1610 3672//1610 3744//1610
f 1297//1611 1369//1611 3673//1611 3601//1611
f 1369//1612 1441//1612 3745//1612 3673//1612
f 1512//1613 1440//1613 3744//1613 3816//1613
f 1584//1614 1512//1614 3816//1614 3888//1614
f 1441//1615 1513//1615 3817//1615 3745//1615
f 1513//1616 1585//1616 3889//1616 3817//1616
f 1656//1617 1584//1617 3888//1617 3960//1617
f 1728//1618 1656//1618 3960//1618 4032//1618
f 1585//1619 1657//1619 3961//1619 3889//1619
f 1657//1620 1729//1620 4033//1620 3961//1620
f 1800//1621 1728//1621 4032//1621 4104//1621
f 1872//1622 1800//1622 4104//1622 4176//1622
f 1729//1623 1801//1623 4105//1623 4033//1623
f 1944//1624 1872//1624 4176//1624 4248//1624
f 1801//1625 1873//1625 4177//1625 4105//1625
f 2016//1626 1944//1626 4248//1626 4320//1626
f 1873//1627 1945//1627 4249//1627 4177//1627
f 1945//1628 2017//1628 4321//1628 4249//1628
f 2088//1629 2016//1629 4320//1629 4392//1629
f 2160//1630 2088//1630 4392//1630 4464//1630
f 2017//1631 2089//1631 4393//1631 4321//1631
f 2089//1632 2161//1632 4465//1632 4393//1632
f 2232//1633 2160//1633 4464//1633 4536//1633
f 2304//1634 2232//1634 4536//1634 4608//1634
f 2161//1635 2233//1635 4537//1635 4465//1635
f 2233//1636 1//1636 2305//1636 4537//1636
f 72//1637 2304//1637 4608//1637 2376//1637
