v 0.978515 0.00453439 0.061743
v 0.978035 0.00433518 0.0605107
v 0.975579 0.00801049 0.0605107
v 0.978515 0.00453439 0.061743
v 0.975579 0.00801049 0.0605107
v 0.975947 0.00837853 0.061743
v 0.978035 0.00433518 0.0605107
v 0.976874 0.0038543 0.06
v 0.97469 0.0071219 0.06
v 0.978035 0.00433518 0.0605107
v 0.97469 0.0071219 0.06
v 0.975579 0.00801049 0.0605107
v 0.975947 0.00837879 2.01826
v 0.975579 0.00801075 2.01949
v 0.978035 0.00433552 2.01949
v 0.975947 0.00837879 2.01826
v 0.978035 0.00433552 2.01949
v 0.978515 0.00453465 2.01826
v 0.975579 0.00801075 2.01949
v 0.97469 0.00712216 2.02
v 0.976874 0.00385464 2.02
v 0.975579 0.00801075 2.01949
v 0.976874 0.00385464 2.02
v 0.978035 0.00433552 2.01949
v 0.0117998 0.0118392 0.061743
v 0.0118501 0.0113287 0.0605107
v 0.00751379 0.0104662 0.0605107
v 0.0117998 0.0118392 0.061743
v 0.00751379 0.0104662 0.0605107
v 0.00731459 0.010947 0.061743
v 0.0118501 0.0113287 0.0605107
v 0.0119714 0.0100962 0.06
v 0.00799468 0.0093052 0.06
v 0.0118501 0.0113287 0.0605107
v 0.00799468 0.0093052 0.06
v 0.00751379 0.0104662 0.0605107
v 0.0073146 0.0109473 2.01826
v 0.00751379 0.0104664 2.01949
v 0.0118501 0.011329 2.01949
v 0.0073146 0.0109473 2.01826
v 0.0118501 0.011329 2.01949
v 0.0117998 0.0118395 2.01826
v 0.00751379 0.0104664 2.01949
v 0.00799468 0.00930546 2.02
v 0.0119714 0.0100965 2.02
v 0.00751379 0.0104664 2.01949
v 0.0119714 0.0100965 2.02
v 0.0118501 0.011329 2.01949
v 0.967618 -0.0118392 0.061743
v 0.967567 -0.0113287 0.0605107
v 0.971904 -0.0104661 0.0605107
v 0.967618 -0.0118392 0.061743
v 0.971904 -0.0104661 0.0605107
v 0.972103 -0.0109471 0.061743
v 0.967567 -0.0113287 0.0605107
v 0.967446 -0.0100962 0.06
v 0.971423 -0.00930518 0.06
v 0.967567 -0.0113287 0.0605107
v 0.971423 -0.00930518 0.06
v 0.971904 -0.0104661 0.0605107
v 0.972103 -0.0109468 2.01826
v 0.971904 -0.0104659 2.01949
v 0.967567 -0.0113285 2.01949
v 0.972103 -0.0109468 2.01826
v 0.967567 -0.0113285 2.01949
v 0.967618 -0.0118389 2.01826
v 0.971904 -0.0104659 2.01949
v 0.971423 -0.00930492 2.02
v 0.967446 -0.0100959 2.02
v 0.971904 -0.0104659 2.01949
v 0.967446 -0.0100959 2.02
v 0.967567 -0.0113285 2.01949
v 0.978515 0.00453439 0.061743
v 0.975947 0.00837853 0.061743
v 0.975947 0.00837879 2.01826
v 0.978515 0.00453439 0.061743
v 0.975947 0.00837879 2.01826
v 0.978515 0.00453465 2.01826
v 0.975947 0.00837853 0.061743
v 0.972103 0.010947 0.061743
v 0.972103 0.0109474 2.01826
v 0.975947 0.00837853 0.061743
v 0.972103 0.0109474 2.01826
v 0.975947 0.00837879 2.01826
v 0.972103 0.010947 0.061743
v 0.967618 0.0118392 0.061743
v 0.967618 0.0118395 2.01826
v 0.972103 0.010947 0.061743
v 0.967618 0.0118395 2.01826
v 0.972103 0.0109474 2.01826
v 0.0117998 0.0118392 0.061743
v 0.00731459 0.010947 0.061743
v 0.0073146 0.0109473 2.01826
v 0.0117998 0.0118392 0.061743
v 0.0073146 0.0109473 2.01826
v 0.0117998 0.0118395 2.01826
v 0.00731459 0.010947 0.061743
v 0.0034705 0.00837853 0.061743
v 0.0034705 0.00837879 2.01826
v 0.00731459 0.010947 0.061743
v 0.0034705 0.00837879 2.01826
v 0.0073146 0.0109473 2.01826
v 0.0034705 0.00837853 0.061743
v 0.000901954 0.00453446 0.061743
v 0.000901954 0.00453472 2.01826
v 0.0034705 0.00837853 0.061743
v 0.000901954 0.00453472 2.01826
v 0.0034705 0.00837879 2.01826
v 0.000901954 0.00453446 0.061743
v -1.67793e-17 8.22158e-09 0.061743
v -6.43025e-17 2.68747e-07 2.01826
v 0.000901954 0.00453446 0.061743
v -6.43025e-17 2.68747e-07 2.01826
v 0.000901954 0.00453472 2.01826
v -1.67793e-17 8.22158e-09 0.061743
v 0.000901952 -0.00453445 0.061743
v 0.000901952 -0.00453419 2.01826
v -1.67793e-17 8.22158e-09 0.061743
v 0.000901952 -0.00453419 2.01826
v -6.43025e-17 2.68747e-07 2.01826
v 0.000901952 -0.00453445 0.061743
v 0.00347049 -0.00837852 0.061743
v 0.00347049 -0.00837826 2.01826
v 0.000901952 -0.00453445 0.061743
v 0.00347049 -0.00837826 2.01826
v 0.000901952 -0.00453419 2.01826
v 0.00347049 -0.00837852 0.061743
v 0.00731459 -0.010947 0.061743
v 0.00731459 -0.0109468 2.01826
v 0.00347049 -0.00837852 0.061743
v 0.00731459 -0.0109468 2.01826
v 0.00347049 -0.00837826 2.01826
v 0.00731459 -0.010947 0.061743
v 0.0117998 -0.0118392 0.061743
v 0.0117998 -0.0118389 2.01826
v 0.00731459 -0.010947 0.061743
v 0.0117998 -0.0118389 2.01826
v 0.00731459 -0.0109468 2.01826
v 0.967618 -0.0118392 0.061743
v 0.972103 -0.0109471 0.061743
v 0.972103 -0.0109468 2.01826
v 0.967618 -0.0118392 0.061743
v 0.972103 -0.0109468 2.01826
v 0.967618 -0.0118389 2.01826
v 0.972103 -0.0109471 0.061743
v 0.975947 -0.00837852 0.061743
v 0.975947 -0.00837833 2.01826
v 0.972103 -0.0109471 0.061743
v 0.975947 -0.00837833 2.01826
v 0.972103 -0.0109468 2.01826
v 0.975947 -0.00837852 0.061743
v 0.978515 -0.00453437 0.061743
v 0.978515 -0.00453411 2.01826
v 0.975947 -0.00837852 0.061743
v 0.978515 -0.00453411 2.01826
v 0.975947 -0.00837833 2.01826
v 0.978515 -0.00453437 0.061743
v 0.979417 8.45155e-08 0.061743
v 0.979417 1.92453e-07 2.01826
v 0.978515 -0.00453437 0.061743
v 0.979417 1.92453e-07 2.01826
v 0.978515 -0.00453411 2.01826
v 0.979417 8.45155e-08 0.061743
v 0.978515 0.00453439 0.061743
v 0.978515 0.00453465 2.01826
v 0.979417 8.45155e-08 0.061743
v 0.978515 0.00453465 2.01826
v 0.979417 1.92453e-07 2.01826
v 0.976874 0.00385464 2.02
v 0.97469 0.00712216 2.02
v 0.967568 2.68979e-07 2.02
v 0.976874 0.00385464 2.02
v 0.967568 2.68979e-07 2.02
v 0.97764 1.92685e-07 2.02
v 0.0117998 0.0118392 0.061743
v 0.0117998 0.0118395 2.01826
v 0.967618 0.0118395 2.01826
v 0.0117998 0.0118392 0.061743
v 0.967618 0.0118395 2.01826
v 0.967618 0.0118392 0.061743
v 0.0117998 -0.0118389 2.01826
v 0.0117998 -0.0118392 0.061743
v 0.967618 -0.0118392 0.061743
v 0.0117998 -0.0118389 2.01826
v 0.967618 -0.0118392 0.061743
v 0.967618 -0.0118389 2.01826
v 0.967568 7.98948e-09 0.06
v 0.011849 7.98948e-09 0.06
v 0.0119714 0.0100962 0.06
v 0.967568 7.98948e-09 0.06
v 0.0119714 0.0100962 0.06
v 0.967446 0.0100962 0.06
v 0.967568 2.68979e-07 2.02
v 0.011849 2.68979e-07 2.02
v 0.0119714 -0.0100959 2.02
v 0.967568 2.68979e-07 2.02
v 0.0119714 -0.0100959 2.02
v 0.967446 -0.0100959 2.02
v 0.971423 0.0093052 0.06
v 0.97469 0.0071219 0.06
v 0.967568 7.98948e-09 0.06
v 0.971423 0.0093052 0.06
v 0.967568 7.98948e-09 0.06
v 0.967446 0.0100962 0.06
v 0.971423 0.00930546 2.02
v 0.967446 0.0100965 2.02
v 0.967568 2.68979e-07 2.02
v 0.971423 0.00930546 2.02
v 0.967568 2.68979e-07 2.02
v 0.97469 0.00712216 2.02
v 0.00799468 0.0093052 0.06
v 0.0119714 0.0100962 0.06
v 0.011849 7.98948e-09 0.06
v 0.00799468 0.0093052 0.06
v 0.011849 7.98948e-09 0.06
v 0.00472713 0.0071219 0.06
v 0.00799468 0.00930546 2.02
v 0.00472713 0.00712216 2.02
v 0.011849 2.68979e-07 2.02
v 0.00799468 0.00930546 2.02
v 0.011849 2.68979e-07 2.02
v 0.0119714 0.0100965 2.02
v 0.00254382 0.00385438 0.06
v 0.00472713 0.0071219 0.06
v 0.011849 7.98948e-09 0.06
v 0.00254382 0.00385438 0.06
v 0.011849 7.98948e-09 0.06
v 0.00177714 7.98948e-09 0.06
v 0.00254382 0.00385464 2.02
v 0.00177714 2.68979e-07 2.02
v 0.011849 2.68979e-07 2.02
v 0.00254382 0.00385464 2.02
v 0.011849 2.68979e-07 2.02
v 0.00472713 0.00712216 2.02
v 0.00254382 -0.00385436 0.06
v 0.00177714 7.98948e-09 0.06
v 0.011849 7.98948e-09 0.06
v 0.00254382 -0.00385436 0.06
v 0.011849 7.98948e-09 0.06
v 0.00472712 -0.00712188 0.06
v 0.00254382 -0.0038541 2.02
v 0.00472712 -0.00712162 2.02
v 0.011849 2.68979e-07 2.02
v 0.00254382 -0.0038541 2.02
v 0.011849 2.68979e-07 2.02
v 0.00177714 2.68979e-07 2.02
v 0.00799467 -0.00930518 0.06
v 0.00472712 -0.00712188 0.06
v 0.011849 7.98948e-09 0.06
v 0.00799467 -0.00930518 0.06
v 0.011849 7.98948e-09 0.06
v 0.0119714 -0.0100962 0.06
v 0.00799467 -0.00930492 2.02
v 0.0119714 -0.0100959 2.02
v 0.011849 2.68979e-07 2.02
v 0.00799467 -0.00930492 2.02
v 0.011849 2.68979e-07 2.02
v 0.00472712 -0.00712162 2.02
v 0.971423 -0.00930518 0.06
v 0.967446 -0.0100962 0.06
v 0.967568 7.98948e-09 0.06
v 0.971423 -0.00930518 0.06
v 0.967568 7.98948e-09 0.06
v 0.97469 -0.00712188 0.06
v 0.971423 -0.00930492 2.02
v 0.97469 -0.00712169 2.02
v 0.967568 2.68979e-07 2.02
v 0.971423 -0.00930492 2.02
v 0.967568 2.68979e-07 2.02
v 0.967446 -0.0100959 2.02
v 0.976874 -0.00385429 0.06
v 0.97469 -0.00712188 0.06
v 0.967568 7.98948e-09 0.06
v 0.976874 -0.00385429 0.06
v 0.967568 7.98948e-09 0.06
v 0.97764 8.42834e-08 0.06
v 0.976874 -0.00385402 2.02
v 0.97764 1.92685e-07 2.02
v 0.967568 2.68979e-07 2.02
v 0.976874 -0.00385402 2.02
v 0.967568 2.68979e-07 2.02
v 0.97469 -0.00712169 2.02
v 0.976874 0.0038543 0.06
v 0.97764 8.42834e-08 0.06
v 0.967568 7.98948e-09 0.06
v 0.976874 0.0038543 0.06
v 0.967568 7.98948e-09 0.06
v 0.97469 0.0071219 0.06
v 0.967568 2.68979e-07 2.02
v 0.967446 0.0100965 2.02
v 0.0119714 0.0100965 2.02
v 0.967568 2.68979e-07 2.02
v 0.0119714 0.0100965 2.02
v 0.011849 2.68979e-07 2.02
v 0.967568 7.98948e-09 0.06
v 0.967446 -0.0100962 0.06
v 0.0119714 -0.0100962 0.06
v 0.967568 7.98948e-09 0.06
v 0.0119714 -0.0100962 0.06
v 0.011849 7.98948e-09 0.06
v 0.975947 0.00837853 0.061743
v 0.975579 0.00801049 0.0605107
v 0.971904 0.0104662 0.0605107
v 0.975947 0.00837853 0.061743
v 0.971904 0.0104662 0.0605107
v 0.972103 0.010947 0.061743
v 0.975579 0.00801049 0.0605107
v 0.97469 0.0071219 0.06
v 0.971423 0.0093052 0.06
v 0.975579 0.00801049 0.0605107
v 0.971423 0.0093052 0.06
v 0.971904 0.0104662 0.0605107
v 0.97469 0.00712216 2.02
v 0.975579 0.00801075 2.01949
v 0.971904 0.0104664 2.01949
v 0.97469 0.00712216 2.02
v 0.971904 0.0104664 2.01949
v 0.971423 0.00930546 2.02
v 0.975579 0.00801075 2.01949
v 0.975947 0.00837879 2.01826
v 0.972103 0.0109474 2.01826
v 0.975579 0.00801075 2.01949
v 0.972103 0.0109474 2.01826
v 0.971904 0.0104664 2.01949
v 0.972103 0.010947 0.061743
v 0.971904 0.0104662 0.0605107
v 0.967567 0.0113287 0.0605107
v 0.972103 0.010947 0.061743
v 0.967567 0.0113287 0.0605107
v 0.967618 0.0118392 0.061743
v 0.971904 0.0104662 0.0605107
v 0.971423 0.0093052 0.06
v 0.967446 0.0100962 0.06
v 0.971904 0.0104662 0.0605107
v 0.967446 0.0100962 0.06
v 0.967567 0.0113287 0.0605107
v 0.971423 0.00930546 2.02
v 0.971904 0.0104664 2.01949
v 0.967567 0.011329 2.01949
v 0.971423 0.00930546 2.02
v 0.967567 0.011329 2.01949
v 0.967446 0.0100965 2.02
v 0.971904 0.0104664 2.01949
v 0.972103 0.0109474 2.01826
v 0.967618 0.0118395 2.01826
v 0.971904 0.0104664 2.01949
v 0.967618 0.0118395 2.01826
v 0.967567 0.011329 2.01949
v 0.967618 0.0118392 0.061743
v 0.967567 0.0113287 0.0605107
v 0.0118501 0.0113287 0.0605107
v 0.967618 0.0118392 0.061743
v 0.0118501 0.0113287 0.0605107
v 0.0117998 0.0118392 0.061743
v 0.967567 0.0113287 0.0605107
v 0.967446 0.0100962 0.06
v 0.0119714 0.0100962 0.06
v 0.967567 0.0113287 0.0605107
v 0.0119714 0.0100962 0.06
v 0.0118501 0.0113287 0.0605107
v 0.00731459 0.010947 0.061743
v 0.00751379 0.0104662 0.0605107
v 0.00383856 0.00801049 0.0605107
v 0.00731459 0.010947 0.061743
v 0.00383856 0.00801049 0.0605107
v 0.0034705 0.00837853 0.061743
v 0.00751379 0.0104662 0.0605107
v 0.00799468 0.0093052 0.06
v 0.00472713 0.0071219 0.06
v 0.00751379 0.0104662 0.0605107
v 0.00472713 0.0071219 0.06
v 0.00383856 0.00801049 0.0605107
v 0.00799468 0.00930546 2.02
v 0.00751379 0.0104664 2.01949
v 0.00383856 0.00801075 2.01949
v 0.00799468 0.00930546 2.02
v 0.00383856 0.00801075 2.01949
v 0.00472713 0.00712216 2.02
v 0.00751379 0.0104664 2.01949
v 0.0073146 0.0109473 2.01826
v 0.0034705 0.00837879 2.01826
v 0.00751379 0.0104664 2.01949
v 0.0034705 0.00837879 2.01826
v 0.00383856 0.00801075 2.01949
v 0.967446 0.0100965 2.02
v 0.967567 0.011329 2.01949
v 0.0118501 0.011329 2.01949
v 0.967446 0.0100965 2.02
v 0.0118501 0.011329 2.01949
v 0.0119714 0.0100965 2.02
v 0.967567 0.011329 2.01949
v 0.967618 0.0118395 2.01826
v 0.0117998 0.0118395 2.01826
v 0.967567 0.011329 2.01949
v 0.0117998 0.0118395 2.01826
v 0.0118501 0.011329 2.01949
v 0.0034705 0.00837853 0.061743
v 0.00383856 0.00801049 0.0605107
v 0.00138284 0.00433526 0.0605107
v 0.0034705 0.00837853 0.061743
v 0.00138284 0.00433526 0.0605107
v 0.000901954 0.00453446 0.061743
v 0.00383856 0.00801049 0.0605107
v 0.00472713 0.0071219 0.06
v 0.00254382 0.00385438 0.06
v 0.00383856 0.00801049 0.0605107
v 0.00254382 0.00385438 0.06
v 0.00138284 0.00433526 0.0605107
v 0.00472713 0.00712216 2.02
v 0.00383856 0.00801075 2.01949
v 0.00138284 0.00433552 2.01949
v 0.00472713 0.00712216 2.02
v 0.00138284 0.00433552 2.01949
v 0.00254382 0.00385464 2.02
v 0.00383856 0.00801075 2.01949
v 0.0034705 0.00837879 2.01826
v 0.000901954 0.00453472 2.01826
v 0.00383856 0.00801075 2.01949
v 0.000901954 0.00453472 2.01826
v 0.00138284 0.00433552 2.01949
v 0.000901954 0.00453446 0.061743
v 0.00138284 0.00433526 0.0605107
v 0.000520512 8.05749e-09 0.0605107
v 0.000901954 0.00453446 0.061743
v 0.000520512 8.05749e-09 0.0605107
v -1.67793e-17 8.22158e-09 0.061743
v 0.00138284 0.00433526 0.0605107
v 0.00254382 0.00385438 0.06
v 0.00177714 7.98948e-09 0.06
v 0.00138284 0.00433526 0.0605107
v 0.00177714 7.98948e-09 0.06
v 0.000520512 8.05749e-09 0.0605107
v 0.00254382 0.00385464 2.02
v 0.00138284 0.00433552 2.01949
v 0.000520512 2.68911e-07 2.01949
v 0.00254382 0.00385464 2.02
v 0.000520512 2.68911e-07 2.01949
v 0.00177714 2.68979e-07 2.02
v 0.00138284 0.00433552 2.01949
v 0.000901954 0.00453472 2.01826
v -6.43025e-17 2.68747e-07 2.01826
v 0.00138284 0.00433552 2.01949
v -6.43025e-17 2.68747e-07 2.01826
v 0.000520512 2.68911e-07 2.01949
v -1.67793e-17 8.22158e-09 0.061743
v 0.000520512 8.05749e-09 0.0605107
v 0.00138284 -0.00433524 0.0605107
v -1.67793e-17 8.22158e-09 0.061743
v 0.00138284 -0.00433524 0.0605107
v 0.000901952 -0.00453445 0.061743
v 0.000520512 8.05749e-09 0.0605107
v 0.00177714 7.98948e-09 0.06
v 0.00254382 -0.00385436 0.06
v 0.000520512 8.05749e-09 0.0605107
v 0.00254382 -0.00385436 0.06
v 0.00138284 -0.00433524 0.0605107
v 0.00177714 2.68979e-07 2.02
v 0.000520512 2.68911e-07 2.01949
v 0.00138284 -0.00433498 2.01949
v 0.00177714 2.68979e-07 2.02
v 0.00138284 -0.00433498 2.01949
v 0.00254382 -0.0038541 2.02
v 0.000520512 2.68911e-07 2.01949
v -6.43025e-17 2.68747e-07 2.01826
v 0.000901952 -0.00453419 2.01826
v 0.000520512 2.68911e-07 2.01949
v 0.000901952 -0.00453419 2.01826
v 0.00138284 -0.00433498 2.01949
v 0.000901952 -0.00453445 0.061743
v 0.00138284 -0.00433524 0.0605107
v 0.00383855 -0.00801047 0.0605107
v 0.000901952 -0.00453445 0.061743
v 0.00383855 -0.00801047 0.0605107
v 0.00347049 -0.00837852 0.061743
v 0.00138284 -0.00433524 0.0605107
v 0.00254382 -0.00385436 0.06
v 0.00472712 -0.00712188 0.06
v 0.00138284 -0.00433524 0.0605107
v 0.00472712 -0.00712188 0.06
v 0.00383855 -0.00801047 0.0605107
v 0.00254382 -0.0038541 2.02
v 0.00138284 -0.00433498 2.01949
v 0.00383855 -0.00801021 2.01949
v 0.00254382 -0.0038541 2.02
v 0.00383855 -0.00801021 2.01949
v 0.00472712 -0.00712162 2.02
v 0.00138284 -0.00433498 2.01949
v 0.000901952 -0.00453419 2.01826
v 0.00347049 -0.00837826 2.01826
v 0.00138284 -0.00433498 2.01949
v 0.00347049 -0.00837826 2.01826
v 0.00383855 -0.00801021 2.01949
v 0.00347049 -0.00837852 0.061743
v 0.00383855 -0.00801047 0.0605107
v 0.00751378 -0.0104661 0.0605107
v 0.00347049 -0.00837852 0.061743
v 0.00751378 -0.0104661 0.0605107
v 0.00731459 -0.010947 0.061743
v 0.00383855 -0.00801047 0.0605107
v 0.00472712 -0.00712188 0.06
v 0.00799467 -0.00930518 0.06
v 0.00383855 -0.00801047 0.0605107
v 0.00799467 -0.00930518 0.06
v 0.00751378 -0.0104661 0.0605107
v 0.00472712 -0.00712162 2.02
v 0.00383855 -0.00801021 2.01949
v 0.00751378 -0.0104659 2.01949
v 0.00472712 -0.00712162 2.02
v 0.00751378 -0.0104659 2.01949
v 0.00799467 -0.00930492 2.02
v 0.00383855 -0.00801021 2.01949
v 0.00347049 -0.00837826 2.01826
v 0.00731459 -0.0109468 2.01826
v 0.00383855 -0.00801021 2.01949
v 0.00731459 -0.0109468 2.01826
v 0.00751378 -0.0104659 2.01949
v 0.00731459 -0.010947 0.061743
v 0.00751378 -0.0104661 0.0605107
v 0.01185 -0.0113287 0.0605107
v 0.00731459 -0.010947 0.061743
v 0.01185 -0.0113287 0.0605107
v 0.0117998 -0.0118392 0.061743
v 0.00751378 -0.0104661 0.0605107
v 0.00799467 -0.00930518 0.06
v 0.0119714 -0.0100962 0.06
v 0.00751378 -0.0104661 0.0605107
v 0.0119714 -0.0100962 0.06
v 0.01185 -0.0113287 0.0605107
v 0.00799467 -0.00930492 2.02
v 0.00751378 -0.0104659 2.01949
v 0.01185 -0.0113285 2.01949
v 0.00799467 -0.00930492 2.02
v 0.01185 -0.0113285 2.01949
v 0.0119714 -0.0100959 2.02
v 0.00751378 -0.0104659 2.01949
v 0.00731459 -0.0109468 2.01826
v 0.0117998 -0.0118389 2.01826
v 0.00751378 -0.0104659 2.01949
v 0.0117998 -0.0118389 2.01826
v 0.01185 -0.0113285 2.01949
v 0.0117998 -0.0118392 0.061743
v 0.01185 -0.0113287 0.0605107
v 0.967567 -0.0113287 0.0605107
v 0.0117998 -0.0118392 0.061743
v 0.967567 -0.0113287 0.0605107
v 0.967618 -0.0118392 0.061743
v 0.01185 -0.0113287 0.0605107
v 0.0119714 -0.0100962 0.06
v 0.967446 -0.0100962 0.06
v 0.01185 -0.0113287 0.0605107
v 0.967446 -0.0100962 0.06
v 0.967567 -0.0113287 0.0605107
v 0.972103 -0.0109471 0.061743
v 0.971904 -0.0104661 0.0605107
v 0.975579 -0.00801047 0.0605107
v 0.972103 -0.0109471 0.061743
v 0.975579 -0.00801047 0.0605107
v 0.975947 -0.00837852 0.061743
v 0.971904 -0.0104661 0.0605107
v 0.971423 -0.00930518 0.06
v 0.97469 -0.00712188 0.06
v 0.971904 -0.0104661 0.0605107
v 0.97469 -0.00712188 0.06
v 0.975579 -0.00801047 0.0605107
v 0.971423 -0.00930492 2.02
v 0.971904 -0.0104659 2.01949
v 0.975579 -0.00801021 2.01949
v 0.971423 -0.00930492 2.02
v 0.975579 -0.00801021 2.01949
v 0.97469 -0.00712169 2.02
v 0.971904 -0.0104659 2.01949
v 0.972103 -0.0109468 2.01826
v 0.975947 -0.00837833 2.01826
v 0.971904 -0.0104659 2.01949
v 0.975947 -0.00837833 2.01826
v 0.975579 -0.00801021 2.01949
v 0.0119714 -0.0100959 2.02
v 0.01185 -0.0113285 2.01949
v 0.967567 -0.0113285 2.01949
v 0.0119714 -0.0100959 2.02
v 0.967567 -0.0113285 2.01949
v 0.967446 -0.0100959 2.02
v 0.01185 -0.0113285 2.01949
v 0.0117998 -0.0118389 2.01826
v 0.967618 -0.0118389 2.01826
v 0.01185 -0.0113285 2.01949
v 0.967618 -0.0118389 2.01826
v 0.967567 -0.0113285 2.01949
v 0.975947 -0.00837852 0.061743
v 0.975579 -0.00801047 0.0605107
v 0.978035 -0.00433517 0.0605107
v 0.975947 -0.00837852 0.061743
v 0.978035 -0.00433517 0.0605107
v 0.978515 -0.00453437 0.061743
v 0.975579 -0.00801047 0.0605107
v 0.97469 -0.00712188 0.06
v 0.976874 -0.00385429 0.06
v 0.975579 -0.00801047 0.0605107
v 0.976874 -0.00385429 0.06
v 0.978035 -0.00433517 0.0605107
v 0.97469 -0.00712169 2.02
v 0.975579 -0.00801021 2.01949
v 0.978035 -0.00433491 2.01949
v 0.97469 -0.00712169 2.02
v 0.978035 -0.00433491 2.01949
v 0.976874 -0.00385402 2.02
v 0.975579 -0.00801021 2.01949
v 0.975947 -0.00837833 2.01826
v 0.978515 -0.00453411 2.01826
v 0.975579 -0.00801021 2.01949
v 0.978515 -0.00453411 2.01826
v 0.978035 -0.00433491 2.01949
v 0.978515 -0.00453437 0.061743
v 0.978035 -0.00433517 0.0605107
v 0.978897 8.43514e-08 0.0605107
v 0.978515 -0.00453437 0.061743
v 0.978897 8.43514e-08 0.0605107
v 0.979417 8.45155e-08 0.061743
v 0.978035 -0.00433517 0.0605107
v 0.976874 -0.00385429 0.06
v 0.97764 8.42834e-08 0.06
v 0.978035 -0.00433517 0.0605107
v 0.97764 8.42834e-08 0.06
v 0.978897 8.43514e-08 0.0605107
v 0.976874 -0.00385402 2.02
v 0.978035 -0.00433491 2.01949
v 0.978897 1.92617e-07 2.01949
v 0.976874 -0.00385402 2.02
v 0.978897 1.92617e-07 2.01949
v 0.97764 1.92685e-07 2.02
v 0.978035 -0.00433491 2.01949
v 0.978515 -0.00453411 2.01826
v 0.979417 1.92453e-07 2.01826
v 0.978035 -0.00433491 2.01949
v 0.979417 1.92453e-07 2.01826
v 0.978897 1.92617e-07 2.01949
v 0.976874 0.0038543 0.06
v 0.978035 0.00433518 0.0605107
v 0.978897 8.43514e-08 0.0605107
v 0.976874 0.0038543 0.06
v 0.978897 8.43514e-08 0.0605107
v 0.97764 8.42834e-08 0.06
v 0.978035 0.00433518 0.0605107
v 0.978515 0.00453439 0.061743
v 0.979417 8.45155e-08 0.061743
v 0.978035 0.00433518 0.0605107
v 0.979417 8.45155e-08 0.061743
v 0.978897 8.43514e-08 0.0605107
v 0.978515 0.00453465 2.01826
v 0.978035 0.00433552 2.01949
v 0.978897 1.92617e-07 2.01949
v 0.978515 0.00453465 2.01826
v 0.978897 1.92617e-07 2.01949
v 0.979417 1.92453e-07 2.01826
v 0.978035 0.00433552 2.01949
v 0.976874 0.00385464 2.02
v 0.97764 1.92685e-07 2.02
v 0.978035 0.00433552 2.01949
v 0.97764 1.92685e-07 2.02
v 0.978897 1.92617e-07 2.01949
v 0.976807 0.00382683 0.00196121
v 0.976266 0.00360268 0.00057434
v 0.974225 0.00665688 0.00057434
v 0.976807 0.00382683 0.00196121
v 0.974225 0.00665688 0.00057434
v 0.974639 0.00707108 0.00196121
v 0.976266 0.00360268 0.00057434
v 0.97496 0.00306152 -4.07666e-10
v 0.973225 0.00565704 -7.53281e-10
v 0.976266 0.00360268 0.00057434
v 0.973225 0.00565704 -7.53281e-10
v 0.974225 0.00665688 0.00057434
v 0.971395 0.00923881 0.00196121
v 0.971171 0.00869766 0.00057434
v 0.967568 0.00941429 0.00057434
v 0.971395 0.00923881 0.00196121
v 0.967568 0.00941429 0.00057434
v 0.967568 0.01 0.00196121
v 0.971171 0.00869766 0.00057434
v 0.97063 0.00739128 -9.84209e-10
v 0.967568 0.00800026 -1.0653e-09
v 0.971171 0.00869766 0.00057434
v 0.967568 0.00800026 -1.0653e-09
v 0.967568 0.00941429 0.00057434
v 0.963742 0.00923881 0.00196121
v 0.963966 0.00869766 0.00057434
v 0.960911 0.00665688 0.00057434
v 0.963742 0.00923881 0.00196121
v 0.960911 0.00665688 0.00057434
v 0.960497 0.00707108 0.00196121
v 0.963966 0.00869766 0.00057434
v 0.964507 0.00739128 -9.84209e-10
v 0.961911 0.00565704 -7.53281e-10
v 0.963966 0.00869766 0.00057434
v 0.961911 0.00565704 -7.53281e-10
v 0.960911 0.00665688 0.00057434
v 0.95833 0.00382683 0.00196121
v 0.958871 0.00360268 0.00057434
v 0.958154 7.64781e-11 0.000574341
v 0.95833 0.00382683 0.00196121
v 0.958154 7.64781e-11 0.000574341
v 0.957568 2.61151e-10 0.00196121
v 0.958871 0.00360268 0.00057434
v 0.960177 0.00306152 -4.07666e-10
v 0.959568 0 0
v 0.958871 0.00360268 0.00057434
v 0.959568 0 0
v 0.958154 7.64781e-11 0.000574341
v 0.95833 -0.00382683 0.00196121
v 0.958871 -0.00360268 0.000574341
v 0.960911 -0.00665688 0.000574342
v 0.95833 -0.00382683 0.00196121
v 0.960911 -0.00665688 0.000574342
v 0.960497 -0.00707108 0.00196121
v 0.958871 -0.00360268 0.000574341
v 0.960177 -0.00306152 4.07666e-10
v 0.961911 -0.00565704 7.53281e-10
v 0.958871 -0.00360268 0.000574341
v 0.961911 -0.00565704 7.53281e-10
v 0.960911 -0.00665688 0.000574342
v 0.963742 -0.00923881 0.00196121
v 0.963966 -0.00869766 0.000574342
v 0.967568 -0.00941429 0.000574342
v 0.963742 -0.00923881 0.00196121
v 0.967568 -0.00941429 0.000574342
v 0.967568 -0.01 0.00196121
v 0.963966 -0.00869766 0.000574342
v 0.964507 -0.00739128 9.84209e-10
v 0.967568 -0.00800026 1.0653e-09
v 0.963966 -0.00869766 0.000574342
v 0.967568 -0.00800026 1.0653e-09
v 0.967568 -0.00941429 0.000574342
v 0.971395 -0.00923881 0.00196121
v 0.971171 -0.00869766 0.000574342
v 0.974225 -0.00665688 0.000574342
v 0.971395 -0.00923881 0.00196121
v 0.974225 -0.00665688 0.000574342
v 0.974639 -0.00707108 0.00196121
v 0.971171 -0.00869766 0.000574342
v 0.97063 -0.00739128 9.84209e-10
v 0.973225 -0.00565704 7.53281e-10
v 0.971171 -0.00869766 0.000574342
v 0.973225 -0.00565704 7.53281e-10
v 0.974225 -0.00665688 0.000574342
v 0.976807 -0.00382683 0.00196121
v 0.976266 -0.00360268 0.000574341
v 0.976983 7.64781e-11 0.000574341
v 0.976807 -0.00382683 0.00196121
v 0.976983 7.64781e-11 0.000574341
v 0.977568 2.61151e-10 0.00196121
v 0.976266 -0.00360268 0.000574341
v 0.97496 -0.00306152 4.07666e-10
v 0.975569 0 0
v 0.976266 -0.00360268 0.000574341
v 0.975569 0 0
v 0.976983 7.64781e-11 0.000574341
v 0.97063 0.00739128 -9.84209e-10
v 0.973225 0.00565704 -7.53281e-10
v 0.967568 0 0
v 0.97063 0.00739128 -9.84209e-10
v 0.967568 0 0
v 0.967568 0.00800026 -1.0653e-09
v 0.964507 0.00739128 -9.84209e-10
v 0.967568 0.00800026 -1.0653e-09
v 0.967568 0 0
v 0.964507 0.00739128 -9.84209e-10
v 0.967568 0 0
v 0.961911 0.00565704 -7.53281e-10
v 0.960177 0.00306152 -4.07666e-10
v 0.961911 0.00565704 -7.53281e-10
v 0.967568 0 0
v 0.960177 0.00306152 -4.07666e-10
v 0.967568 0 0
v 0.959568 0 0
v 0.960177 -0.00306152 4.07666e-10
v 0.959568 0 0
v 0.967568 0 0
v 0.960177 -0.00306152 4.07666e-10
v 0.967568 0 0
v 0.961911 -0.00565704 7.53281e-10
v 0.964507 -0.00739128 9.84209e-10
v 0.961911 -0.00565704 7.53281e-10
v 0.967568 0 0
v 0.964507 -0.00739128 9.84209e-10
v 0.967568 0 0
v 0.967568 -0.00800026 1.0653e-09
v 0.97063 -0.00739128 9.84209e-10
v 0.967568 -0.00800026 1.0653e-09
v 0.967568 0 0
v 0.97063 -0.00739128 9.84209e-10
v 0.967568 0 0
v 0.973225 -0.00565704 7.53281e-10
v 0.97496 -0.00306152 4.07666e-10
v 0.973225 -0.00565704 7.53281e-10
v 0.967568 0 0
v 0.97496 -0.00306152 4.07666e-10
v 0.967568 0 0
v 0.975569 0 0
v 0.97496 0.00306152 -4.07666e-10
v 0.975569 0 0
v 0.967568 0 0
v 0.97496 0.00306152 -4.07666e-10
v 0.967568 0 0
v 0.973225 0.00565704 -7.53281e-10
v 0.974639 0.00707108 0.00196121
v 0.974225 0.00665688 0.00057434
v 0.971171 0.00869766 0.00057434
v 0.974639 0.00707108 0.00196121
v 0.971171 0.00869766 0.00057434
v 0.971395 0.00923881 0.00196121
v 0.974225 0.00665688 0.00057434
v 0.973225 0.00565704 -7.53281e-10
v 0.97063 0.00739128 -9.84209e-10
v 0.974225 0.00665688 0.00057434
v 0.97063 0.00739128 -9.84209e-10
v 0.971171 0.00869766 0.00057434
v 0.967568 0.01 0.00196121
v 0.967568 0.00941429 0.00057434
v 0.963966 0.00869766 0.00057434
v 0.967568 0.01 0.00196121
v 0.963966 0.00869766 0.00057434
v 0.963742 0.00923881 0.00196121
v 0.967568 0.00941429 0.00057434
v 0.967568 0.00800026 -1.0653e-09
v 0.964507 0.00739128 -9.84209e-10
v 0.967568 0.00941429 0.00057434
v 0.964507 0.00739128 -9.84209e-10
v 0.963966 0.00869766 0.00057434
v 0.960497 0.00707108 0.00196121
v 0.960911 0.00665688 0.00057434
v 0.958871 0.00360268 0.00057434
v 0.960497 0.00707108 0.00196121
v 0.958871 0.00360268 0.00057434
v 0.95833 0.00382683 0.00196121
v 0.960911 0.00665688 0.00057434
v 0.961911 0.00565704 -7.53281e-10
v 0.960177 0.00306152 -4.07666e-10
v 0.960911 0.00665688 0.00057434
v 0.960177 0.00306152 -4.07666e-10
v 0.958871 0.00360268 0.00057434
v 0.957568 2.61151e-10 0.00196121
v 0.958154 7.64781e-11 0.000574341
v 0.958871 -0.00360268 0.000574341
v 0.957568 2.61151e-10 0.00196121
v 0.958871 -0.00360268 0.000574341
v 0.95833 -0.00382683 0.00196121
v 0.958154 7.64781e-11 0.000574341
v 0.959568 0 0
v 0.960177 -0.00306152 4.07666e-10
v 0.958154 7.64781e-11 0.000574341
v 0.960177 -0.00306152 4.07666e-10
v 0.958871 -0.00360268 0.000574341
v 0.960497 -0.00707108 0.00196121
v 0.960911 -0.00665688 0.000574342
v 0.963966 -0.00869766 0.000574342
v 0.960497 -0.00707108 0.00196121
v 0.963966 -0.00869766 0.000574342
v 0.963742 -0.00923881 0.00196121
v 0.960911 -0.00665688 0.000574342
v 0.961911 -0.00565704 7.53281e-10
v 0.964507 -0.00739128 9.84209e-10
v 0.960911 -0.00665688 0.000574342
v 0.964507 -0.00739128 9.84209e-10
v 0.963966 -0.00869766 0.000574342
v 0.967568 -0.01 0.00196121
v 0.967568 -0.00941429 0.000574342
v 0.971171 -0.00869766 0.000574342
v 0.967568 -0.01 0.00196121
v 0.971171 -0.00869766 0.000574342
v 0.971395 -0.00923881 0.00196121
v 0.967568 -0.00941429 0.000574342
v 0.967568 -0.00800026 1.0653e-09
v 0.97063 -0.00739128 9.84209e-10
v 0.967568 -0.00941429 0.000574342
v 0.97063 -0.00739128 9.84209e-10
v 0.971171 -0.00869766 0.000574342
v 0.974639 -0.00707108 0.00196121
v 0.974225 -0.00665688 0.000574342
v 0.976266 -0.00360268 0.000574341
v 0.974639 -0.00707108 0.00196121
v 0.976266 -0.00360268 0.000574341
v 0.976807 -0.00382683 0.00196121
v 0.974225 -0.00665688 0.000574342
v 0.973225 -0.00565704 7.53281e-10
v 0.97496 -0.00306152 4.07666e-10
v 0.974225 -0.00665688 0.000574342
v 0.97496 -0.00306152 4.07666e-10
v 0.976266 -0.00360268 0.000574341
v 0.97496 0.00306152 -4.07666e-10
v 0.976266 0.00360268 0.00057434
v 0.976983 7.64781e-11 0.000574341
v 0.97496 0.00306152 -4.07666e-10
v 0.976983 7.64781e-11 0.000574341
v 0.975569 0 0
v 0.976266 0.00360268 0.00057434
v 0.976807 0.00382683 0.00196121
v 0.977568 2.61151e-10 0.00196121
v 0.976266 0.00360268 0.00057434
v 0.977568 2.61151e-10 0.00196121
v 0.976983 7.64781e-11 0.000574341
v 0.967568 2.79632e-07 2.1
v 0.973225 0.00565732 2.1
v 0.97063 0.00739156 2.1
v 0.967568 2.79632e-07 2.1
v 0.97063 0.00739156 2.1
v 0.967568 0.00800054 2.1
v 0.967568 2.79632e-07 2.1
v 0.967568 0.00800054 2.1
v 0.964507 0.00739156 2.1
v 0.967568 2.79632e-07 2.1
v 0.964507 0.00739156 2.1
v 0.961911 0.00565732 2.1
v 0.967568 2.79632e-07 2.1
v 0.961911 0.00565732 2.1
v 0.960177 0.0030618 2.1
v 0.967568 2.79632e-07 2.1
v 0.960177 0.0030618 2.1
v 0.959568 2.79632e-07 2.1
v 0.967568 2.79632e-07 2.1
v 0.959568 2.79632e-07 2.1
v 0.960177 -0.00306124 2.1
v 0.967568 2.79632e-07 2.1
v 0.960177 -0.00306124 2.1
v 0.961911 -0.00565676 2.1
v 0.967568 2.79632e-07 2.1
v 0.961911 -0.00565676 2.1
v 0.964507 -0.007391 2.1
v 0.967568 2.79632e-07 2.1
v 0.964507 -0.007391 2.1
v 0.967568 -0.00799998 2.1
v 0.967568 2.79632e-07 2.1
v 0.967568 -0.00799998 2.1
v 0.97063 -0.007391 2.1
v 0.967568 2.79632e-07 2.1
v 0.97063 -0.007391 2.1
v 0.973225 -0.00565676 2.1
v 0.967568 2.79632e-07 2.1
v 0.973225 -0.00565676 2.1
v 0.97496 -0.00306124 2.1
v 0.967568 2.79632e-07 2.1
v 0.97496 -0.00306124 2.1
v 0.975569 2.79632e-07 2.1
v 0.967568 2.79632e-07 2.1
v 0.975569 2.79632e-07 2.1
v 0.97496 0.0030618 2.1
v 0.967568 2.79632e-07 2.1
v 0.97496 0.0030618 2.1
v 0.973225 0.00565732 2.1
v 0.976807 0.00382683 0.00196121
v 0.974639 0.00707108 0.00196121
v 0.974639 0.00707109 0.0889433
v 0.976807 0.00382683 0.00196121
v 0.974639 0.00707109 0.0889433
v 0.976807 0.00382684 0.0889433
v 0.974639 0.00707108 0.00196121
v 0.971395 0.00923881 0.00196121
v 0.971395 0.00923883 0.0889433
v 0.974639 0.00707108 0.00196121
v 0.971395 0.00923883 0.0889433
v 0.974639 0.00707109 0.0889433
v 0.971395 0.00923881 0.00196121
v 0.967568 0.01 0.00196121
v 0.967568 0.01 0.0889433
v 0.971395 0.00923881 0.00196121
v 0.967568 0.01 0.0889433
v 0.971395 0.00923883 0.0889433
v 0.967568 0.01 0.00196121
v 0.963742 0.00923881 0.00196121
v 0.963742 0.00923883 0.0889433
v 0.967568 0.01 0.00196121
v 0.963742 0.00923883 0.0889433
v 0.967568 0.01 0.0889433
v 0.963742 0.00923881 0.00196121
v 0.960497 0.00707108 0.00196121
v 0.960497 0.00707109 0.0889433
v 0.963742 0.00923881 0.00196121
v 0.960497 0.00707109 0.0889433
v 0.963742 0.00923883 0.0889433
v 0.960497 0.00707108 0.00196121
v 0.95833 0.00382683 0.00196121
v 0.95833 0.00382684 0.0889433
v 0.960497 0.00707108 0.00196121
v 0.95833 0.00382684 0.0889433
v 0.960497 0.00707109 0.0889433
v 0.95833 0.00382683 0.00196121
v 0.957568 2.61151e-10 0.00196121
v 0.957568 1.18435e-08 0.0889433
v 0.95833 0.00382683 0.00196121
v 0.957568 1.18435e-08 0.0889433
v 0.95833 0.00382684 0.0889433
v 0.957568 2.61151e-10 0.00196121
v 0.95833 -0.00382683 0.00196121
v 0.95833 -0.00382682 0.0889433
v 0.957568 2.61151e-10 0.00196121
v 0.95833 -0.00382682 0.0889433
v 0.957568 1.18435e-08 0.0889433
v 0.95833 -0.00382683 0.00196121
v 0.960497 -0.00707108 0.00196121
v 0.960497 -0.00707106 0.0889433
v 0.95833 -0.00382683 0.00196121
v 0.960497 -0.00707106 0.0889433
v 0.95833 -0.00382682 0.0889433
v 0.960497 -0.00707108 0.00196121
v 0.963742 -0.00923881 0.00196121
v 0.963742 -0.0092388 0.0889433
v 0.960497 -0.00707108 0.00196121
v 0.963742 -0.0092388 0.0889433
v 0.960497 -0.00707106 0.0889433
v 0.963742 -0.00923881 0.00196121
v 0.967568 -0.01 0.00196121
v 0.967568 -0.00999999 0.0889433
v 0.963742 -0.00923881 0.00196121
v 0.967568 -0.00999999 0.0889433
v 0.963742 -0.0092388 0.0889433
v 0.967568 -0.01 0.00196121
v 0.971395 -0.00923881 0.00196121
v 0.971395 -0.0092388 0.0889433
v 0.967568 -0.01 0.00196121
v 0.971395 -0.0092388 0.0889433
v 0.967568 -0.00999999 0.0889433
v 0.971395 -0.00923881 0.00196121
v 0.974639 -0.00707108 0.00196121
v 0.974639 -0.00707106 0.0889433
v 0.971395 -0.00923881 0.00196121
v 0.974639 -0.00707106 0.0889433
v 0.971395 -0.0092388 0.0889433
v 0.974639 -0.00707108 0.00196121
v 0.976807 -0.00382683 0.00196121
v 0.976807 -0.00382682 0.0889433
v 0.974639 -0.00707108 0.00196121
v 0.976807 -0.00382682 0.0889433
v 0.974639 -0.00707106 0.0889433
v 0.976807 -0.00382683 0.00196121
v 0.977568 2.61151e-10 0.00196121
v 0.977568 1.18435e-08 0.0889433
v 0.976807 -0.00382683 0.00196121
v 0.977568 1.18435e-08 0.0889433
v 0.976807 -0.00382682 0.0889433
v 0.977568 2.61151e-10 0.00196121
v 0.976807 0.00382683 0.00196121
v 0.976807 0.00382684 0.0889433
v 0.977568 2.61151e-10 0.00196121
v 0.976807 0.00382684 0.0889433
v 0.977568 1.18435e-08 0.0889433
v 0.97496 0.0030618 2.1
v 0.976266 0.00360296 2.09943
v 0.974225 0.00665716 2.09943
v 0.97496 0.0030618 2.1
v 0.974225 0.00665716 2.09943
v 0.973225 0.00565732 2.1
v 0.976266 0.00360296 2.09943
v 0.976807 0.00382711 2.09804
v 0.974639 0.00707135 2.09804
v 0.976266 0.00360296 2.09943
v 0.974639 0.00707135 2.09804
v 0.974225 0.00665716 2.09943
v 0.973225 0.00565732 2.1
v 0.974225 0.00665716 2.09943
v 0.971171 0.00869794 2.09943
v 0.973225 0.00565732 2.1
v 0.971171 0.00869794 2.09943
v 0.97063 0.00739156 2.1
v 0.974225 0.00665716 2.09943
v 0.974639 0.00707135 2.09804
v 0.971395 0.00923909 2.09804
v 0.974225 0.00665716 2.09943
v 0.971395 0.00923909 2.09804
v 0.971171 0.00869794 2.09943
v 0.97063 0.00739156 2.1
v 0.971171 0.00869794 2.09943
v 0.967568 0.00941457 2.09943
v 0.97063 0.00739156 2.1
v 0.967568 0.00941457 2.09943
v 0.967568 0.00800054 2.1
v 0.971171 0.00869794 2.09943
v 0.971395 0.00923909 2.09804
v 0.967568 0.0100003 2.09804
v 0.971171 0.00869794 2.09943
v 0.967568 0.0100003 2.09804
v 0.967568 0.00941457 2.09943
v 0.967568 0.00800054 2.1
v 0.967568 0.00941457 2.09943
v 0.963966 0.00869794 2.09943
v 0.967568 0.00800054 2.1
v 0.963966 0.00869794 2.09943
v 0.964507 0.00739156 2.1
v 0.967568 0.00941457 2.09943
v 0.967568 0.0100003 2.09804
v 0.963742 0.00923909 2.09804
v 0.967568 0.00941457 2.09943
v 0.963742 0.00923909 2.09804
v 0.963966 0.00869794 2.09943
v 0.964507 0.00739156 2.1
v 0.963966 0.00869794 2.09943
v 0.960911 0.00665716 2.09943
v 0.964507 0.00739156 2.1
v 0.960911 0.00665716 2.09943
v 0.961911 0.00565732 2.1
v 0.963966 0.00869794 2.09943
v 0.963742 0.00923909 2.09804
v 0.960497 0.00707135 2.09804
v 0.963966 0.00869794 2.09943
v 0.960497 0.00707135 2.09804
v 0.960911 0.00665716 2.09943
v 0.961911 0.00565732 2.1
v 0.960911 0.00665716 2.09943
v 0.958871 0.00360296 2.09943
v 0.961911 0.00565732 2.1
v 0.958871 0.00360296 2.09943
v 0.960177 0.0030618 2.1
v 0.960911 0.00665716 2.09943
v 0.960497 0.00707135 2.09804
v 0.95833 0.00382711 2.09804
v 0.960911 0.00665716 2.09943
v 0.95833 0.00382711 2.09804
v 0.958871 0.00360296 2.09943
v 0.960177 0.0030618 2.1
v 0.958871 0.00360296 2.09943
v 0.958154 2.79555e-07 2.09943
v 0.960177 0.0030618 2.1
v 0.958154 2.79555e-07 2.09943
v 0.959568 2.79632e-07 2.1
v 0.958871 0.00360296 2.09943
v 0.95833 0.00382711 2.09804
v 0.957568 2.79371e-07 2.09804
v 0.958871 0.00360296 2.09943
v 0.957568 2.79371e-07 2.09804
v 0.958154 2.79555e-07 2.09943
v 0.959568 2.79632e-07 2.1
v 0.958154 2.79555e-07 2.09943
v 0.958871 -0.0036024 2.09943
v 0.959568 2.79632e-07 2.1
v 0.958871 -0.0036024 2.09943
v 0.960177 -0.00306124 2.1
v 0.958154 2.79555e-07 2.09943
v 0.957568 2.79371e-07 2.09804
v 0.95833 -0.00382655 2.09804
v 0.958154 2.79555e-07 2.09943
v 0.95833 -0.00382655 2.09804
v 0.958871 -0.0036024 2.09943
v 0.960177 -0.00306124 2.1
v 0.958871 -0.0036024 2.09943
v 0.960911 -0.0066566 2.09943
v 0.960177 -0.00306124 2.1
v 0.960911 -0.0066566 2.09943
v 0.961911 -0.00565676 2.1
v 0.958871 -0.0036024 2.09943
v 0.95833 -0.00382655 2.09804
v 0.960497 -0.0070708 2.09804
v 0.958871 -0.0036024 2.09943
v 0.960497 -0.0070708 2.09804
v 0.960911 -0.0066566 2.09943
v 0.961911 -0.00565676 2.1
v 0.960911 -0.0066566 2.09943
v 0.963966 -0.00869738 2.09943
v 0.961911 -0.00565676 2.1
v 0.963966 -0.00869738 2.09943
v 0.964507 -0.007391 2.1
v 0.960911 -0.0066566 2.09943
v 0.960497 -0.0070708 2.09804
v 0.963742 -0.00923854 2.09804
v 0.960911 -0.0066566 2.09943
v 0.963742 -0.00923854 2.09804
v 0.963966 -0.00869738 2.09943
v 0.964507 -0.007391 2.1
v 0.963966 -0.00869738 2.09943
v 0.967568 -0.00941401 2.09943
v 0.964507 -0.007391 2.1
v 0.967568 -0.00941401 2.09943
v 0.967568 -0.00799998 2.1
v 0.963966 -0.00869738 2.09943
v 0.963742 -0.00923854 2.09804
v 0.967568 -0.00999972 2.09804
v 0.963966 -0.00869738 2.09943
v 0.967568 -0.00999972 2.09804
v 0.967568 -0.00941401 2.09943
v 0.967568 -0.00799998 2.1
v 0.967568 -0.00941401 2.09943
v 0.971171 -0.00869738 2.09943
v 0.967568 -0.00799998 2.1
v 0.971171 -0.00869738 2.09943
v 0.97063 -0.007391 2.1
v 0.967568 -0.00941401 2.09943
v 0.967568 -0.00999972 2.09804
v 0.971395 -0.00923854 2.09804
v 0.967568 -0.00941401 2.09943
v 0.971395 -0.00923854 2.09804
v 0.971171 -0.00869738 2.09943
v 0.97063 -0.007391 2.1
v 0.971171 -0.00869738 2.09943
v 0.974225 -0.0066566 2.09943
v 0.97063 -0.007391 2.1
v 0.974225 -0.0066566 2.09943
v 0.973225 -0.00565676 2.1
v 0.971171 -0.00869738 2.09943
v 0.971395 -0.00923854 2.09804
v 0.974639 -0.0070708 2.09804
v 0.971171 -0.00869738 2.09943
v 0.974639 -0.0070708 2.09804
v 0.974225 -0.0066566 2.09943
v 0.973225 -0.00565676 2.1
v 0.974225 -0.0066566 2.09943
v 0.976266 -0.0036024 2.09943
v 0.973225 -0.00565676 2.1
v 0.976266 -0.0036024 2.09943
v 0.97496 -0.00306124 2.1
v 0.974225 -0.0066566 2.09943
v 0.974639 -0.0070708 2.09804
v 0.976807 -0.00382655 2.09804
v 0.974225 -0.0066566 2.09943
v 0.976807 -0.00382655 2.09804
v 0.976266 -0.0036024 2.09943
v 0.97496 -0.00306124 2.1
v 0.976266 -0.0036024 2.09943
v 0.976983 2.79555e-07 2.09943
v 0.97496 -0.00306124 2.1
v 0.976983 2.79555e-07 2.09943
v 0.975569 2.79632e-07 2.1
v 0.976266 -0.0036024 2.09943
v 0.976807 -0.00382655 2.09804
v 0.977568 2.79371e-07 2.09804
v 0.976266 -0.0036024 2.09943
v 0.977568 2.79371e-07 2.09804
v 0.976983 2.79555e-07 2.09943
v 0.976807 0.00382711 2.09804
v 0.976266 0.00360296 2.09943
v 0.976983 2.79555e-07 2.09943
v 0.976807 0.00382711 2.09804
v 0.976983 2.79555e-07 2.09943
v 0.977568 2.79371e-07 2.09804
v 0.976266 0.00360296 2.09943
v 0.97496 0.0030618 2.1
v 0.975569 2.79632e-07 2.1
v 0.976266 0.00360296 2.09943
v 0.975569 2.79632e-07 2.1
v 0.976983 2.79555e-07 2.09943
v 0.957568 2.67788e-07 2.01106
v 0.95833 -0.00382656 2.01106
v 0.95833 -0.00382655 2.09804
v 0.957568 2.67788e-07 2.01106
v 0.95833 -0.00382655 2.09804
v 0.957568 2.79371e-07 2.09804
v 0.95833 0.0038271 2.01106
v 0.957568 2.67788e-07 2.01106
v 0.957568 2.79371e-07 2.09804
v 0.95833 0.0038271 2.01106
v 0.957568 2.79371e-07 2.09804
v 0.95833 0.00382711 2.09804
v 0.960497 0.00707134 2.01106
v 0.95833 0.0038271 2.01106
v 0.95833 0.00382711 2.09804
v 0.960497 0.00707134 2.01106
v 0.95833 0.00382711 2.09804
v 0.960497 0.00707135 2.09804
v 0.963742 0.00923908 2.01106
v 0.960497 0.00707134 2.01106
v 0.960497 0.00707135 2.09804
v 0.963742 0.00923908 2.01106
v 0.960497 0.00707135 2.09804
v 0.963742 0.00923909 2.09804
v 0.967568 0.0100003 2.01106
v 0.963742 0.00923908 2.01106
v 0.963742 0.00923909 2.09804
v 0.967568 0.0100003 2.01106
v 0.963742 0.00923909 2.09804
v 0.967568 0.0100003 2.09804
v 0.971395 0.00923908 2.01106
v 0.967568 0.0100003 2.01106
v 0.967568 0.0100003 2.09804
v 0.971395 0.00923908 2.01106
v 0.967568 0.0100003 2.09804
v 0.971395 0.00923909 2.09804
v 0.974639 0.00707134 2.01106
v 0.971395 0.00923908 2.01106
v 0.971395 0.00923909 2.09804
v 0.974639 0.00707134 2.01106
v 0.971395 0.00923909 2.09804
v 0.974639 0.00707135 2.09804
v 0.976807 0.0038271 2.01106
v 0.974639 0.00707134 2.01106
v 0.974639 0.00707135 2.09804
v 0.976807 0.0038271 2.01106
v 0.974639 0.00707135 2.09804
v 0.976807 0.00382711 2.09804
v 0.977568 2.67788e-07 2.01106
v 0.976807 0.0038271 2.01106
v 0.976807 0.00382711 2.09804
v 0.977568 2.67788e-07 2.01106
v 0.976807 0.00382711 2.09804
v 0.977568 2.79371e-07 2.09804
v 0.976807 -0.00382656 2.01106
v 0.977568 2.67788e-07 2.01106
v 0.977568 2.79371e-07 2.09804
v 0.976807 -0.00382656 2.01106
v 0.977568 2.79371e-07 2.09804
v 0.976807 -0.00382655 2.09804
v 0.974639 -0.00707081 2.01106
v 0.976807 -0.00382656 2.01106
v 0.976807 -0.00382655 2.09804
v 0.974639 -0.00707081 2.01106
v 0.976807 -0.00382655 2.09804
v 0.974639 -0.0070708 2.09804
v 0.971395 -0.00923855 2.01106
v 0.974639 -0.00707081 2.01106
v 0.974639 -0.0070708 2.09804
v 0.971395 -0.00923855 2.01106
v 0.974639 -0.0070708 2.09804
v 0.971395 -0.00923854 2.09804
v 0.967568 -0.00999973 2.01106
v 0.971395 -0.00923855 2.01106
v 0.971395 -0.00923854 2.09804
v 0.967568 -0.00999973 2.01106
v 0.971395 -0.00923854 2.09804
v 0.967568 -0.00999972 2.09804
v 0.963742 -0.00923855 2.01106
v 0.967568 -0.00999973 2.01106
v 0.967568 -0.00999972 2.09804
v 0.963742 -0.00923855 2.01106
v 0.967568 -0.00999972 2.09804
v 0.963742 -0.00923854 2.09804
v 0.960497 -0.00707081 2.01106
v 0.963742 -0.00923855 2.01106
v 0.963742 -0.00923854 2.09804
v 0.960497 -0.00707081 2.01106
v 0.963742 -0.00923854 2.09804
v 0.960497 -0.0070708 2.09804
v 0.95833 -0.00382656 2.01106
v 0.960497 -0.00707081 2.01106
v 0.960497 -0.0070708 2.09804
v 0.95833 -0.00382656 2.01106
v 0.960497 -0.0070708 2.09804
v 0.95833 -0.00382655 2.09804
v 0.0210878 0.00382683 0.00196136
v 0.0205467 0.00360268 0.000574493
v 0.0185059 0.00665688 0.000574493
v 0.0210878 0.00382683 0.00196136
v 0.0185059 0.00665688 0.000574493
v 0.0189201 0.00707108 0.00196136
v 0.0205467 0.00360268 0.000574493
v 0.0192402 0.00306152 -4.07666e-10
v 0.017506 0.00565697 -7.53271e-10
v 0.0205467 0.00360268 0.000574493
v 0.017506 0.00565697 -7.53271e-10
v 0.0185059 0.00665688 0.000574493
v 0.0156759 0.00923881 0.00196136
v 0.0154517 0.00869766 0.000574492
v 0.011849 0.00941429 0.000574492
v 0.0156759 0.00923881 0.00196136
v 0.011849 0.00941429 0.000574492
v 0.011849 0.01 0.00196136
v 0.0154517 0.00869766 0.000574492
v 0.0149106 0.0073912 -9.84198e-10
v 0.011849 0.00800018 -1.06529e-09
v 0.0154517 0.00869766 0.000574492
v 0.011849 0.00800018 -1.06529e-09
v 0.011849 0.00941429 0.000574492
v 0.00802218 0.00923881 0.00196136
v 0.00824633 0.00869766 0.000574492
v 0.00519212 0.00665688 0.000574493
v 0.00802218 0.00923881 0.00196136
v 0.00519212 0.00665688 0.000574493
v 0.00477795 0.00707108 0.00196136
v 0.00824633 0.00869766 0.000574492
v 0.00878747 0.0073912 -9.84198e-10
v 0.00619202 0.00565697 -7.53271e-10
v 0.00824633 0.00869766 0.000574492
v 0.00619202 0.00565697 -7.53271e-10
v 0.00519212 0.00665688 0.000574493
v 0.00261022 0.00382683 0.00196136
v 0.00315136 0.00360268 0.000574493
v 0.00243474 7.64984e-11 0.000574493
v 0.00261022 0.00382683 0.00196136
v 0.00243474 7.64984e-11 0.000574493
v 0.00184901 2.61171e-10 0.00196136
v 0.00315136 0.00360268 0.000574493
v 0.00445779 0.00306152 -4.07666e-10
v 0.00384881 0 0
v 0.00315136 0.00360268 0.000574493
v 0.00384881 0 0
v 0.00243474 7.64984e-11 0.000574493
v 0.00261022 -0.00382683 0.00196137
v 0.00315136 -0.00360268 0.000574494
v 0.00519212 -0.00665688 0.000574494
v 0.00261022 -0.00382683 0.00196137
v 0.00519212 -0.00665688 0.000574494
v 0.00477794 -0.00707108 0.00196137
v 0.00315136 -0.00360268 0.000574494
v 0.00445779 -0.00306152 4.07666e-10
v 0.00619202 -0.00565697 7.53271e-10
v 0.00315136 -0.00360268 0.000574494
v 0.00619202 -0.00565697 7.53271e-10
v 0.00519212 -0.00665688 0.000574494
v 0.00802218 -0.00923881 0.00196137
v 0.00824633 -0.00869766 0.000574495
v 0.011849 -0.00941429 0.000574495
v 0.00802218 -0.00923881 0.00196137
v 0.011849 -0.00941429 0.000574495
v 0.011849 -0.01 0.00196137
v 0.00824633 -0.00869766 0.000574495
v 0.00878747 -0.0073912 9.84198e-10
v 0.011849 -0.00800018 1.06529e-09
v 0.00824633 -0.00869766 0.000574495
v 0.011849 -0.00800018 1.06529e-09
v 0.011849 -0.00941429 0.000574495
v 0.0156758 -0.00923881 0.00196137
v 0.0154517 -0.00869766 0.000574495
v 0.0185059 -0.00665688 0.000574494
v 0.0156758 -0.00923881 0.00196137
v 0.0185059 -0.00665688 0.000574494
v 0.0189201 -0.00707108 0.00196137
v 0.0154517 -0.00869766 0.000574495
v 0.0149106 -0.0073912 9.84198e-10
v 0.017506 -0.00565697 7.53271e-10
v 0.0154517 -0.00869766 0.000574495
v 0.017506 -0.00565697 7.53271e-10
v 0.0185059 -0.00665688 0.000574494
v 0.0210878 -0.00382683 0.00196137
v 0.0205467 -0.00360268 0.000574494
v 0.0212633 7.64984e-11 0.000574493
v 0.0210878 -0.00382683 0.00196137
v 0.0212633 7.64984e-11 0.000574493
v 0.021849 2.61171e-10 0.00196136
v 0.0205467 -0.00360268 0.000574494
v 0.0192402 -0.00306152 4.07666e-10
v 0.0198492 0 0
v 0.0205467 -0.00360268 0.000574494
v 0.0198492 0 0
v 0.0212633 7.64984e-11 0.000574493
v 0.0210878 0.00382711 2.09804
v 0.0205467 0.00360296 2.09943
v 0.0212633 2.79555e-07 2.09943
v 0.0210878 0.00382711 2.09804
v 0.0212633 2.79555e-07 2.09943
v 0.021849 2.79371e-07 2.09804
v 0.0205467 0.00360296 2.09943
v 0.0192402 0.0030618 2.1
v 0.0198492 2.79632e-07 2.1
v 0.0205467 0.00360296 2.09943
v 0.0198492 2.79632e-07 2.1
v 0.0212633 2.79555e-07 2.09943
v 0.017506 0.00565725 2.1
v 0.0185059 0.00665716 2.09943
v 0.0154517 0.00869794 2.09943
v 0.017506 0.00565725 2.1
v 0.0154517 0.00869794 2.09943
v 0.0149106 0.00739148 2.1
v 0.0185059 0.00665716 2.09943
v 0.0189201 0.00707135 2.09804
v 0.0156759 0.00923909 2.09804
v 0.0185059 0.00665716 2.09943
v 0.0156759 0.00923909 2.09804
v 0.0154517 0.00869794 2.09943
v 0.011849 0.00800046 2.1
v 0.011849 0.00941457 2.09943
v 0.00824633 0.00869794 2.09943
v 0.011849 0.00800046 2.1
v 0.00824633 0.00869794 2.09943
v 0.00878747 0.00739148 2.1
v 0.011849 0.00941457 2.09943
v 0.011849 0.0100003 2.09804
v 0.00802218 0.00923909 2.09804
v 0.011849 0.00941457 2.09943
v 0.00802218 0.00923909 2.09804
v 0.00824633 0.00869794 2.09943
v 0.00619202 0.00565725 2.1
v 0.00519212 0.00665716 2.09943
v 0.00315136 0.00360296 2.09943
v 0.00619202 0.00565725 2.1
v 0.00315136 0.00360296 2.09943
v 0.00445779 0.0030618 2.1
v 0.00519212 0.00665716 2.09943
v 0.00477795 0.00707135 2.09804
v 0.00261022 0.00382711 2.09804
v 0.00519212 0.00665716 2.09943
v 0.00261022 0.00382711 2.09804
v 0.00315136 0.00360296 2.09943
v 0.00384881 2.79632e-07 2.1
v 0.00243474 2.79555e-07 2.09943
v 0.00315136 -0.0036024 2.09943
v 0.00384881 2.79632e-07 2.1
v 0.00315136 -0.0036024 2.09943
v 0.00445779 -0.00306124 2.1
v 0.00243474 2.79555e-07 2.09943
v 0.00184901 2.79371e-07 2.09804
v 0.00261022 -0.00382655 2.09804
v 0.00243474 2.79555e-07 2.09943
v 0.00261022 -0.00382655 2.09804
v 0.00315136 -0.0036024 2.09943
v 0.00619202 -0.00565669 2.1
v 0.00519212 -0.0066566 2.09943
v 0.00824633 -0.00869738 2.09943
v 0.00619202 -0.00565669 2.1
v 0.00824633 -0.00869738 2.09943
v 0.00878747 -0.00739093 2.1
v 0.00519212 -0.0066566 2.09943
v 0.00477794 -0.0070708 2.09804
v 0.00802218 -0.00923854 2.09804
v 0.00519212 -0.0066566 2.09943
v 0.00802218 -0.00923854 2.09804
v 0.00824633 -0.00869738 2.09943
v 0.011849 -0.0079999 2.1
v 0.011849 -0.00941401 2.09943
v 0.0154517 -0.00869738 2.09943
v 0.011849 -0.0079999 2.1
v 0.0154517 -0.00869738 2.09943
v 0.0149106 -0.00739093 2.1
v 0.011849 -0.00941401 2.09943
v 0.011849 -0.00999972 2.09804
v 0.0156758 -0.00923854 2.09804
v 0.011849 -0.00941401 2.09943
v 0.0156758 -0.00923854 2.09804
v 0.0154517 -0.00869738 2.09943
v 0.017506 -0.00565669 2.1
v 0.0185059 -0.0066566 2.09943
v 0.0205467 -0.0036024 2.09943
v 0.017506 -0.00565669 2.1
v 0.0205467 -0.0036024 2.09943
v 0.0192402 -0.00306124 2.1
v 0.0185059 -0.0066566 2.09943
v 0.0189201 -0.0070708 2.09804
v 0.0210878 -0.00382655 2.09804
v 0.0185059 -0.0066566 2.09943
v 0.0210878 -0.00382655 2.09804
v 0.0205467 -0.0036024 2.09943
v 0.0210878 0.00382683 0.00196136
v 0.0189201 0.00707108 0.00196136
v 0.0189201 0.00707109 0.0889439
v 0.0210878 0.00382683 0.00196136
v 0.0189201 0.00707109 0.0889439
v 0.0210878 0.00382684 0.0889439
v 0.0189201 0.00707108 0.00196136
v 0.0156759 0.00923881 0.00196136
v 0.0156759 0.00923883 0.0889439
v 0.0189201 0.00707108 0.00196136
v 0.0156759 0.00923883 0.0889439
v 0.0189201 0.00707109 0.0889439
v 0.0156759 0.00923881 0.00196136
v 0.011849 0.01 0.00196136
v 0.011849 0.01 0.0889439
v 0.0156759 0.00923881 0.00196136
v 0.011849 0.01 0.0889439
v 0.0156759 0.00923883 0.0889439
v 0.011849 0.01 0.00196136
v 0.00802218 0.00923881 0.00196136
v 0.00802218 0.00923883 0.0889439
v 0.011849 0.01 0.00196136
v 0.00802218 0.00923883 0.0889439
v 0.011849 0.01 0.0889439
v 0.00802218 0.00923881 0.00196136
v 0.00477795 0.00707108 0.00196136
v 0.00477795 0.00707109 0.0889439
v 0.00802218 0.00923881 0.00196136
v 0.00477795 0.00707109 0.0889439
v 0.00802218 0.00923883 0.0889439
v 0.00477795 0.00707108 0.00196136
v 0.00261022 0.00382683 0.00196136
v 0.00261022 0.00382684 0.0889439
v 0.00477795 0.00707108 0.00196136
v 0.00261022 0.00382684 0.0889439
v 0.00477795 0.00707109 0.0889439
v 0.00261022 0.00382683 0.00196136
v 0.00184901 2.61171e-10 0.00196136
v 0.00184901 1.18436e-08 0.0889439
v 0.00261022 0.00382683 0.00196136
v 0.00184901 1.18436e-08 0.0889439
v 0.00261022 0.00382684 0.0889439
v 0.00184901 2.61171e-10 0.00196136
v 0.00261022 -0.00382683 0.00196137
v 0.00261022 -0.00382682 0.0889439
v 0.00184901 2.61171e-10 0.00196136
v 0.00261022 -0.00382682 0.0889439
v 0.00184901 1.18436e-08 0.0889439
v 0.00261022 -0.00382683 0.00196137
v 0.00477794 -0.00707108 0.00196137
v 0.00477794 -0.00707106 0.0889439
v 0.00261022 -0.00382683 0.00196137
v 0.00477794 -0.00707106 0.0889439
v 0.00261022 -0.00382682 0.0889439
v 0.00477794 -0.00707108 0.00196137
v 0.00802218 -0.00923881 0.00196137
v 0.00802218 -0.0092388 0.0889439
v 0.00477794 -0.00707108 0.00196137
v 0.00802218 -0.0092388 0.0889439
v 0.00477794 -0.00707106 0.0889439
v 0.00802218 -0.00923881 0.00196137
v 0.011849 -0.01 0.00196137
v 0.011849 -0.00999999 0.0889439
v 0.00802218 -0.00923881 0.00196137
v 0.011849 -0.00999999 0.0889439
v 0.00802218 -0.0092388 0.0889439
v 0.011849 -0.01 0.00196137
v 0.0156758 -0.00923881 0.00196137
v 0.0156758 -0.0092388 0.0889439
v 0.011849 -0.01 0.00196137
v 0.0156758 -0.0092388 0.0889439
v 0.011849 -0.00999999 0.0889439
v 0.0156758 -0.00923881 0.00196137
v 0.0189201 -0.00707108 0.00196137
v 0.0189201 -0.00707106 0.0889439
v 0.0156758 -0.00923881 0.00196137
v 0.0189201 -0.00707106 0.0889439
v 0.0156758 -0.0092388 0.0889439
v 0.0189201 -0.00707108 0.00196137
v 0.0210878 -0.00382683 0.00196137
v 0.0210878 -0.00382682 0.0889439
v 0.0189201 -0.00707108 0.00196137
v 0.0210878 -0.00382682 0.0889439
v 0.0189201 -0.00707106 0.0889439
v 0.0210878 -0.00382683 0.00196137
v 0.021849 2.61171e-10 0.00196136
v 0.021849 1.18436e-08 0.0889439
v 0.0210878 -0.00382683 0.00196137
v 0.021849 1.18436e-08 0.0889439
v 0.0210878 -0.00382682 0.0889439
v 0.021849 2.61171e-10 0.00196136
v 0.0210878 0.00382683 0.00196136
v 0.0210878 0.00382684 0.0889439
v 0.021849 2.61171e-10 0.00196136
v 0.0210878 0.00382684 0.0889439
v 0.021849 1.18436e-08 0.0889439
v 0.0149106 0.0073912 -9.84198e-10
v 0.017506 0.00565697 -7.53271e-10
v 0.011849 0 0
v 0.0149106 0.0073912 -9.84198e-10
v 0.011849 0 0
v 0.011849 0.00800018 -1.06529e-09
v 0.00878747 0.0073912 -9.84198e-10
v 0.011849 0.00800018 -1.06529e-09
v 0.011849 0 0
v 0.00878747 0.0073912 -9.84198e-10
v 0.011849 0 0
v 0.00619202 0.00565697 -7.53271e-10
v 0.00445779 0.00306152 -4.07666e-10
v 0.00619202 0.00565697 -7.53271e-10
v 0.011849 0 0
v 0.00445779 0.00306152 -4.07666e-10
v 0.011849 0 0
v 0.00384881 0 0
v 0.00445779 -0.00306152 4.07666e-10
v 0.00384881 0 0
v 0.011849 0 0
v 0.00445779 -0.00306152 4.07666e-10
v 0.011849 0 0
v 0.00619202 -0.00565697 7.53271e-10
v 0.00878747 -0.0073912 9.84198e-10
v 0.00619202 -0.00565697 7.53271e-10
v 0.011849 0 0
v 0.00878747 -0.0073912 9.84198e-10
v 0.011849 0 0
v 0.011849 -0.00800018 1.06529e-09
v 0.0149106 -0.0073912 9.84198e-10
v 0.011849 -0.00800018 1.06529e-09
v 0.011849 0 0
v 0.0149106 -0.0073912 9.84198e-10
v 0.011849 0 0
v 0.017506 -0.00565697 7.53271e-10
v 0.0192402 -0.00306152 4.07666e-10
v 0.017506 -0.00565697 7.53271e-10
v 0.011849 0 0
v 0.0192402 -0.00306152 4.07666e-10
v 0.011849 0 0
v 0.0198492 0 0
v 0.0192402 0.00306152 -4.07666e-10
v 0.0198492 0 0
v 0.011849 0 0
v 0.0192402 0.00306152 -4.07666e-10
v 0.011849 0 0
v 0.017506 0.00565697 -7.53271e-10
v 0.011849 2.79632e-07 2.1
v 0.017506 0.00565725 2.1
v 0.0149106 0.00739148 2.1
v 0.011849 2.79632e-07 2.1
v 0.0149106 0.00739148 2.1
v 0.011849 0.00800046 2.1
v 0.011849 2.79632e-07 2.1
v 0.011849 0.00800046 2.1
v 0.00878747 0.00739148 2.1
v 0.011849 2.79632e-07 2.1
v 0.00878747 0.00739148 2.1
v 0.00619202 0.00565725 2.1
v 0.011849 2.79632e-07 2.1
v 0.00619202 0.00565725 2.1
v 0.00445779 0.0030618 2.1
v 0.011849 2.79632e-07 2.1
v 0.00445779 0.0030618 2.1
v 0.00384881 2.79632e-07 2.1
v 0.011849 2.79632e-07 2.1
v 0.00384881 2.79632e-07 2.1
v 0.00445779 -0.00306124 2.1
v 0.011849 2.79632e-07 2.1
v 0.00445779 -0.00306124 2.1
v 0.00619202 -0.00565669 2.1
v 0.011849 2.79632e-07 2.1
v 0.00619202 -0.00565669 2.1
v 0.00878747 -0.00739093 2.1
v 0.011849 2.79632e-07 2.1
v 0.00878747 -0.00739093 2.1
v 0.011849 -0.0079999 2.1
v 0.011849 2.79632e-07 2.1
v 0.011849 -0.0079999 2.1
v 0.0149106 -0.00739093 2.1
v 0.011849 2.79632e-07 2.1
v 0.0149106 -0.00739093 2.1
v 0.017506 -0.00565669 2.1
v 0.011849 2.79632e-07 2.1
v 0.017506 -0.00565669 2.1
v 0.0192402 -0.00306124 2.1
v 0.011849 2.79632e-07 2.1
v 0.0192402 -0.00306124 2.1
v 0.0198492 2.79632e-07 2.1
v 0.011849 2.79632e-07 2.1
v 0.0198492 2.79632e-07 2.1
v 0.0192402 0.0030618 2.1
v 0.011849 2.79632e-07 2.1
v 0.0192402 0.0030618 2.1
v 0.017506 0.00565725 2.1
v 0.0189201 0.00707108 0.00196136
v 0.0185059 0.00665688 0.000574493
v 0.0154517 0.00869766 0.000574492
v 0.0189201 0.00707108 0.00196136
v 0.0154517 0.00869766 0.000574492
v 0.0156759 0.00923881 0.00196136
v 0.0185059 0.00665688 0.000574493
v 0.017506 0.00565697 -7.53271e-10
v 0.0149106 0.0073912 -9.84198e-10
v 0.0185059 0.00665688 0.000574493
v 0.0149106 0.0073912 -9.84198e-10
v 0.0154517 0.00869766 0.000574492
v 0.011849 0.01 0.00196136
v 0.011849 0.00941429 0.000574492
v 0.00824633 0.00869766 0.000574492
v 0.011849 0.01 0.00196136
v 0.00824633 0.00869766 0.000574492
v 0.00802218 0.00923881 0.00196136
v 0.011849 0.00941429 0.000574492
v 0.011849 0.00800018 -1.06529e-09
v 0.00878747 0.0073912 -9.84198e-10
v 0.011849 0.00941429 0.000574492
v 0.00878747 0.0073912 -9.84198e-10
v 0.00824633 0.00869766 0.000574492
v 0.00477795 0.00707108 0.00196136
v 0.00519212 0.00665688 0.000574493
v 0.00315136 0.00360268 0.000574493
v 0.00477795 0.00707108 0.00196136
v 0.00315136 0.00360268 0.000574493
v 0.00261022 0.00382683 0.00196136
v 0.00519212 0.00665688 0.000574493
v 0.00619202 0.00565697 -7.53271e-10
v 0.00445779 0.00306152 -4.07666e-10
v 0.00519212 0.00665688 0.000574493
v 0.00445779 0.00306152 -4.07666e-10
v 0.00315136 0.00360268 0.000574493
v 0.00184901 2.61171e-10 0.00196136
v 0.00243474 7.64984e-11 0.000574493
v 0.00315136 -0.00360268 0.000574494
v 0.00184901 2.61171e-10 0.00196136
v 0.00315136 -0.00360268 0.000574494
v 0.00261022 -0.00382683 0.00196137
v 0.00243474 7.64984e-11 0.000574493
v 0.00384881 0 0
v 0.00445779 -0.00306152 4.07666e-10
v 0.00243474 7.64984e-11 0.000574493
v 0.00445779 -0.00306152 4.07666e-10
v 0.00315136 -0.00360268 0.000574494
v 0.00477794 -0.00707108 0.00196137
v 0.00519212 -0.00665688 0.000574494
v 0.00824633 -0.00869766 0.000574495
v 0.00477794 -0.00707108 0.00196137
v 0.00824633 -0.00869766 0.000574495
v 0.00802218 -0.00923881 0.00196137
v 0.00519212 -0.00665688 0.000574494
v 0.00619202 -0.00565697 7.53271e-10
v 0.00878747 -0.0073912 9.84198e-10
v 0.00519212 -0.00665688 0.000574494
v 0.00878747 -0.0073912 9.84198e-10
v 0.00824633 -0.00869766 0.000574495
v 0.011849 -0.01 0.00196137
v 0.011849 -0.00941429 0.000574495
v 0.0154517 -0.00869766 0.000574495
v 0.011849 -0.01 0.00196137
v 0.0154517 -0.00869766 0.000574495
v 0.0156758 -0.00923881 0.00196137
v 0.011849 -0.00941429 0.000574495
v 0.011849 -0.00800018 1.06529e-09
v 0.0149106 -0.0073912 9.84198e-10
v 0.011849 -0.00941429 0.000574495
v 0.0149106 -0.0073912 9.84198e-10
v 0.0154517 -0.00869766 0.000574495
v 0.0189201 -0.00707108 0.00196137
v 0.0185059 -0.00665688 0.000574494
v 0.0205467 -0.00360268 0.000574494
v 0.0189201 -0.00707108 0.00196137
v 0.0205467 -0.00360268 0.000574494
v 0.0210878 -0.00382683 0.00196137
v 0.0185059 -0.00665688 0.000574494
v 0.017506 -0.00565697 7.53271e-10
v 0.0192402 -0.00306152 4.07666e-10
v 0.0185059 -0.00665688 0.000574494
v 0.0192402 -0.00306152 4.07666e-10
v 0.0205467 -0.00360268 0.000574494
v 0.0192402 0.00306152 -4.07666e-10
v 0.0205467 0.00360268 0.000574493
v 0.0212633 7.64984e-11 0.000574493
v 0.0192402 0.00306152 -4.07666e-10
v 0.0212633 7.64984e-11 0.000574493
v 0.0198492 0 0
v 0.0205467 0.00360268 0.000574493
v 0.0210878 0.00382683 0.00196136
v 0.021849 2.61171e-10 0.00196136
v 0.0205467 0.00360268 0.000574493
v 0.021849 2.61171e-10 0.00196136
v 0.0212633 7.64984e-11 0.000574493
v 0.0192402 0.0030618 2.1
v 0.0205467 0.00360296 2.09943
v 0.0185059 0.00665716 2.09943
v 0.0192402 0.0030618 2.1
v 0.0185059 0.00665716 2.09943
v 0.017506 0.00565725 2.1
v 0.0205467 0.00360296 2.09943
v 0.0210878 0.00382711 2.09804
v 0.0189201 0.00707135 2.09804
v 0.0205467 0.00360296 2.09943
v 0.0189201 0.00707135 2.09804
v 0.0185059 0.00665716 2.09943
v 0.0149106 0.00739148 2.1
v 0.0154517 0.00869794 2.09943
v 0.011849 0.00941457 2.09943
v 0.0149106 0.00739148 2.1
v 0.011849 0.00941457 2.09943
v 0.011849 0.00800046 2.1
v 0.0154517 0.00869794 2.09943
v 0.0156759 0.00923909 2.09804
v 0.011849 0.0100003 2.09804
v 0.0154517 0.00869794 2.09943
v 0.011849 0.0100003 2.09804
v 0.011849 0.00941457 2.09943
v 0.00878747 0.00739148 2.1
v 0.00824633 0.00869794 2.09943
v 0.00519212 0.00665716 2.09943
v 0.00878747 0.00739148 2.1
v 0.00519212 0.00665716 2.09943
v 0.00619202 0.00565725 2.1
v 0.00824633 0.00869794 2.09943
v 0.00802218 0.00923909 2.09804
v 0.00477795 0.00707135 2.09804
v 0.00824633 0.00869794 2.09943
v 0.00477795 0.00707135 2.09804
v 0.00519212 0.00665716 2.09943
v 0.00445779 0.0030618 2.1
v 0.00315136 0.00360296 2.09943
v 0.00243474 2.79555e-07 2.09943
v 0.00445779 0.0030618 2.1
v 0.00243474 2.79555e-07 2.09943
v 0.00384881 2.79632e-07 2.1
v 0.00315136 0.00360296 2.09943
v 0.00261022 0.00382711 2.09804
v 0.00184901 2.79371e-07 2.09804
v 0.00315136 0.00360296 2.09943
v 0.00184901 2.79371e-07 2.09804
v 0.00243474 2.79555e-07 2.09943
v 0.00445779 -0.00306124 2.1
v 0.00315136 -0.0036024 2.09943
v 0.00519212 -0.0066566 2.09943
v 0.00445779 -0.00306124 2.1
v 0.00519212 -0.0066566 2.09943
v 0.00619202 -0.00565669 2.1
v 0.00315136 -0.0036024 2.09943
v 0.00261022 -0.00382655 2.09804
v 0.00477794 -0.0070708 2.09804
v 0.00315136 -0.0036024 2.09943
v 0.00477794 -0.0070708 2.09804
v 0.00519212 -0.0066566 2.09943
v 0.00878747 -0.00739093 2.1
v 0.00824633 -0.00869738 2.09943
v 0.011849 -0.00941401 2.09943
v 0.00878747 -0.00739093 2.1
v 0.011849 -0.00941401 2.09943
v 0.011849 -0.0079999 2.1
v 0.00824633 -0.00869738 2.09943
v 0.00802218 -0.00923854 2.09804
v 0.011849 -0.00999972 2.09804
v 0.00824633 -0.00869738 2.09943
v 0.011849 -0.00999972 2.09804
v 0.011849 -0.00941401 2.09943
v 0.0149106 -0.00739093 2.1
v 0.0154517 -0.00869738 2.09943
v 0.0185059 -0.0066566 2.09943
v 0.0149106 -0.00739093 2.1
v 0.0185059 -0.0066566 2.09943
v 0.017506 -0.00565669 2.1
v 0.0154517 -0.00869738 2.09943
v 0.0156758 -0.00923854 2.09804
v 0.0189201 -0.0070708 2.09804
v 0.0154517 -0.00869738 2.09943
v 0.0189201 -0.0070708 2.09804
v 0.0185059 -0.0066566 2.09943
v 0.0192402 -0.00306124 2.1
v 0.0205467 -0.0036024 2.09943
v 0.0212633 2.79555e-07 2.09943
v 0.0192402 -0.00306124 2.1
v 0.0212633 2.79555e-07 2.09943
v 0.0198492 2.79632e-07 2.1
v 0.0205467 -0.0036024 2.09943
v 0.0210878 -0.00382655 2.09804
v 0.021849 2.79371e-07 2.09804
v 0.0205467 -0.0036024 2.09943
v 0.021849 2.79371e-07 2.09804
v 0.0212633 2.79555e-07 2.09943
v 0.00261022 -0.00382656 2.01106
v 0.00477794 -0.00707081 2.01106
v 0.00477794 -0.0070708 2.09804
v 0.00261022 -0.00382656 2.01106
v 0.00477794 -0.0070708 2.09804
v 0.00261022 -0.00382655 2.09804
v 0.00184901 2.67788e-07 2.01106
v 0.00261022 -0.00382656 2.01106
v 0.00261022 -0.00382655 2.09804
v 0.00184901 2.67788e-07 2.01106
v 0.00261022 -0.00382655 2.09804
v 0.00184901 2.79371e-07 2.09804
v 0.00261022 0.0038271 2.01106
v 0.00184901 2.67788e-07 2.01106
v 0.00184901 2.79371e-07 2.09804
v 0.00261022 0.0038271 2.01106
v 0.00184901 2.79371e-07 2.09804
v 0.00261022 0.00382711 2.09804
v 0.00477795 0.00707134 2.01106
v 0.00261022 0.0038271 2.01106
v 0.00261022 0.00382711 2.09804
v 0.00477795 0.00707134 2.01106
v 0.00261022 0.00382711 2.09804
v 0.00477795 0.00707135 2.09804
v 0.00802218 0.00923908 2.01106
v 0.00477795 0.00707134 2.01106
v 0.00477795 0.00707135 2.09804
v 0.00802218 0.00923908 2.01106
v 0.00477795 0.00707135 2.09804
v 0.00802218 0.00923909 2.09804
v 0.011849 0.0100003 2.01106
v 0.00802218 0.00923908 2.01106
v 0.00802218 0.00923909 2.09804
v 0.011849 0.0100003 2.01106
v 0.00802218 0.00923909 2.09804
v 0.011849 0.0100003 2.09804
v 0.0156759 0.00923908 2.01106
v 0.011849 0.0100003 2.01106
v 0.011849 0.0100003 2.09804
v 0.0156759 0.00923908 2.01106
v 0.011849 0.0100003 2.09804
v 0.0156759 0.00923909 2.09804
v 0.0189201 0.00707134 2.01106
v 0.0156759 0.00923908 2.01106
v 0.0156759 0.00923909 2.09804
v 0.0189201 0.00707134 2.01106
v 0.0156759 0.00923909 2.09804
v 0.0189201 0.00707135 2.09804
v 0.0210878 0.0038271 2.01106
v 0.0189201 0.00707134 2.01106
v 0.0189201 0.00707135 2.09804
v 0.0210878 0.0038271 2.01106
v 0.0189201 0.00707135 2.09804
v 0.0210878 0.00382711 2.09804
v 0.021849 2.67788e-07 2.01106
v 0.0210878 0.0038271 2.01106
v 0.0210878 0.00382711 2.09804
v 0.021849 2.67788e-07 2.01106
v 0.0210878 0.00382711 2.09804
v 0.021849 2.79371e-07 2.09804
v 0.0210878 -0.00382656 2.01106
v 0.021849 2.67788e-07 2.01106
v 0.021849 2.79371e-07 2.09804
v 0.0210878 -0.00382656 2.01106
v 0.021849 2.79371e-07 2.09804
v 0.0210878 -0.00382655 2.09804
v 0.0189201 -0.00707081 2.01106
v 0.0210878 -0.00382656 2.01106
v 0.0210878 -0.00382655 2.09804
v 0.0189201 -0.00707081 2.01106
v 0.0210878 -0.00382655 2.09804
v 0.0189201 -0.0070708 2.09804
v 0.0156758 -0.00923855 2.01106
v 0.0189201 -0.00707081 2.01106
v 0.0189201 -0.0070708 2.09804
v 0.0156758 -0.00923855 2.01106
v 0.0189201 -0.0070708 2.09804
v 0.0156758 -0.00923854 2.09804
v 0.011849 -0.00999973 2.01106
v 0.0156758 -0.00923855 2.01106
v 0.0156758 -0.00923854 2.09804
v 0.011849 -0.00999973 2.01106
v 0.0156758 -0.00923854 2.09804
v 0.011849 -0.00999972 2.09804
v 0.00802218 -0.00923855 2.01106
v 0.011849 -0.00999973 2.01106
v 0.011849 -0.00999972 2.09804
v 0.00802218 -0.00923855 2.01106
v 0.011849 -0.00999972 2.09804
v 0.00802218 -0.00923854 2.09804
v 0.00477794 -0.00707081 2.01106
v 0.00802218 -0.00923855 2.01106
v 0.00802218 -0.00923854 2.09804
v 0.00477794 -0.00707081 2.01106
v 0.00802218 -0.00923854 2.09804
v 0.00477794 -0.0070708 2.09804
vt -9.02357 -3.8416
vt -9.02361 -3.84744
vt -9.00454 -3.84718
vt -9.02357 -3.8416
vt -9.00454 -3.84718
vt -9.00457 -3.84157
vt -10.9526 0.253304
vt -10.9478 0.25131
vt -10.9394 0.264035
vt -10.9526 0.253304
vt -10.9394 0.264035
vt -10.9431 0.267747
vt -9.01839 4.19899
vt -9.01838 4.2046
vt -9.03739 4.20459
vt -9.01839 4.19899
vt -9.03739 4.20459
vt -9.03739 4.19896
vt -10.9431 0.187552
vt -10.9394 0.191289
vt -10.9479 0.203968
vt -10.9431 0.187552
vt -10.9479 0.203968
vt -10.9527 0.20193
vt -5.03925 -3.83498
vt -5.03944 -3.84047
vt -5.02047 -3.84055
vt -5.03925 -3.83498
vt -5.02047 -3.84055
vt -5.02046 -3.83495
vt -7.17719 0.281025
vt -7.17766 0.275813
vt -7.16216 0.27265
vt -7.17719 0.281025
vt -7.16216 0.27265
vt -7.1601 0.277546
vt -5.03368 4.20493
vt -5.03369 4.21051
vt -5.05268 4.21039
vt -5.03368 4.20493
vt -5.05268 4.21039
vt -5.05247 4.2049
vt -7.16001 0.177624
vt -7.16207 0.182533
vt -7.17761 0.179391
vt -7.16001 0.177624
vt -7.17761 0.179391
vt -7.17714 0.174179
vt -9.12005 -3.84172
vt -9.12025 -3.8472
vt -9.10125 -3.84729
vt -9.12005 -3.84172
vt -9.10125 -3.84729
vt -9.10126 -3.84169
vt -10.9117 0.19171
vt -10.9112 0.196922
vt -10.9267 0.200092
vt -10.9117 0.19171
vt -10.9267 0.200092
vt -10.9288 0.195193
vt -9.1134 4.19884
vt -9.11341 4.20445
vt -9.13241 4.20429
vt -9.1134 4.19884
vt -9.13241 4.20429
vt -9.13219 4.1988
vt -10.9289 0.260218
vt -10.9268 0.255311
vt -10.9112 0.258483
vt -10.9289 0.260218
vt -10.9112 0.258483
vt -10.9117 0.263696
vt -9.02357 -3.8416
vt -9.00457 -3.84157
vt -9.01839 4.19899
vt -9.02357 -3.8416
vt -9.01839 4.19899
vt -9.03739 4.19896
vt -9.00457 -3.84157
vt -8.98557 -3.84154
vt -8.99938 4.19902
vt -9.00457 -3.84157
vt -8.99938 4.19902
vt -9.01839 4.19899
vt -8.98557 -3.84154
vt -8.96678 -3.84151
vt -8.98059 4.19905
vt -8.98557 -3.84154
vt -8.98059 4.19905
vt -8.99938 4.19902
vt -5.03925 -3.83498
vt -5.02046 -3.83495
vt -5.03368 4.20493
vt -5.03925 -3.83498
vt -5.03368 4.20493
vt -5.05247 4.2049
vt -5.02046 -3.83495
vt -5.00146 -3.83492
vt -5.01468 4.20496
vt -5.02046 -3.83495
vt -5.01468 4.20496
vt -5.03368 4.20493
vt -5.00146 -3.83492
vt -4.98246 -3.83489
vt -4.99568 4.20499
vt -5.00146 -3.83492
vt -4.99568 4.20499
vt -5.01468 4.20496
vt -4.98246 -3.83489
vt -4.96346 -3.83486
vt -4.97668 4.20502
vt -4.98246 -3.83489
vt -4.97668 4.20502
vt -4.99568 4.20499
vt -13.1234 -3.84801
vt -13.1044 -3.84797
vt -13.1171 4.19189
vt -13.1234 -3.84801
vt -13.1171 4.19189
vt -13.1361 4.19186
vt -13.1044 -3.84797
vt -13.0854 -3.84794
vt -13.0981 4.19192
vt -13.1044 -3.84797
vt -13.0981 4.19192
vt -13.1171 4.19189
vt -13.0854 -3.84794
vt -13.0664 -3.84791
vt -13.0791 4.19195
vt -13.0854 -3.84794
vt -13.0791 4.19195
vt -13.0981 4.19192
vt -13.0664 -3.84791
vt -13.0476 -3.84788
vt -13.0603 4.19198
vt -13.0664 -3.84791
vt -13.0603 4.19198
vt -13.0791 4.19195
vt -9.12005 -3.84172
vt -9.10126 -3.84169
vt -9.1134 4.19884
vt -9.12005 -3.84172
vt -9.1134 4.19884
vt -9.13219 4.1988
vt -9.10126 -3.84169
vt -9.08226 -3.84166
vt -9.0944 4.19887
vt -9.10126 -3.84169
vt -9.0944 4.19887
vt -9.1134 4.19884
vt -9.08226 -3.84166
vt -9.06327 -3.84163
vt -9.07539 4.1989
vt -9.08226 -3.84166
vt -9.07539 4.1989
vt -9.0944 4.19887
vt -9.06327 -3.84163
vt -9.04427 -3.8416
vt -9.05639 4.19893
vt -9.06327 -3.84163
vt -9.05639 4.19893
vt -9.07539 4.1989
vt -9.04427 -3.8416
vt -9.02357 -3.8416
vt -9.03739 4.19896
vt -9.04427 -3.8416
vt -9.03739 4.19896
vt -9.05639 4.19893
vt -10.9479 0.203968
vt -10.9394 0.191289
vt -10.9117 0.219042
vt -10.9479 0.203968
vt -10.9117 0.219042
vt -10.9509 0.218942
vt -5.03925 -3.83498
vt -5.05247 4.2049
vt -8.98059 4.19905
vt -5.03925 -3.83498
vt -8.98059 4.19905
vt -8.96678 -3.84151
vt -13.0603 4.19198
vt -13.0476 -3.84788
vt -9.12005 -3.84172
vt -13.0603 4.19198
vt -9.12005 -3.84172
vt -9.13219 4.1988
vt -10.9117 0.236363
vt -7.17719 0.236372
vt -7.17766 0.275813
vt -10.9117 0.236363
vt -7.17766 0.275813
vt -10.9112 0.275803
vt -10.9117 0.219042
vt -7.17714 0.218834
vt -7.17761 0.258277
vt -10.9117 0.219042
vt -7.17761 0.258277
vt -10.9112 0.258483
vt -10.9267 0.27262
vt -10.9394 0.264035
vt -10.9117 0.236363
vt -10.9267 0.27262
vt -10.9117 0.236363
vt -10.9112 0.275803
vt -10.9267 0.182801
vt -10.9112 0.179602
vt -10.9117 0.219042
vt -10.9267 0.182801
vt -10.9117 0.219042
vt -10.9394 0.191289
vt -7.16216 0.27265
vt -7.17766 0.275813
vt -7.17719 0.236372
vt -7.16216 0.27265
vt -7.17719 0.236372
vt -7.14948 0.264096
vt -7.16207 0.182533
vt -7.14938 0.191096
vt -7.17714 0.218834
vt -7.16207 0.182533
vt -7.17714 0.218834
vt -7.17761 0.179391
vt -7.141 0.251365
vt -7.14948 0.264096
vt -7.17719 0.236372
vt -7.141 0.251365
vt -7.17719 0.236372
vt -7.13802 0.236372
vt -7.14092 0.203837
vt -7.13795 0.218834
vt -7.17714 0.218834
vt -7.14092 0.203837
vt -7.17714 0.218834
vt -7.14938 0.191096
vt -7.141 0.221372
vt -7.13802 0.236372
vt -7.17719 0.236372
vt -7.141 0.221372
vt -7.17719 0.236372
vt -7.14948 0.208638
vt -7.14092 0.23383
vt -7.14938 0.246571
vt -7.17714 0.218834
vt -7.14092 0.23383
vt -7.17714 0.218834
vt -7.13795 0.218834
vt -7.16216 0.200086
vt -7.14948 0.208638
vt -7.17719 0.236372
vt -7.16216 0.200086
vt -7.17719 0.236372
vt -7.17766 0.196932
vt -7.16207 0.255135
vt -7.17761 0.258277
vt -7.17714 0.218834
vt -7.16207 0.255135
vt -7.17714 0.218834
vt -7.14938 0.246571
vt -10.9267 0.200092
vt -10.9112 0.196922
vt -10.9117 0.236363
vt -10.9267 0.200092
vt -10.9117 0.236363
vt -10.9394 0.208666
vt -10.9268 0.255311
vt -10.9395 0.246722
vt -10.9117 0.219042
vt -10.9268 0.255311
vt -10.9117 0.219042
vt -10.9112 0.258483
vt -10.9478 0.221409
vt -10.9394 0.208666
vt -10.9117 0.236363
vt -10.9478 0.221409
vt -10.9117 0.236363
vt -10.9507 0.236368
vt -10.9479 0.233952
vt -10.9509 0.218942
vt -10.9117 0.219042
vt -10.9479 0.233952
vt -10.9117 0.219042
vt -10.9395 0.246722
vt -10.9478 0.25131
vt -10.9507 0.236368
vt -10.9117 0.236363
vt -10.9478 0.25131
vt -10.9117 0.236363
vt -10.9394 0.264035
vt -10.9117 0.219042
vt -10.9112 0.179602
vt -7.17761 0.179391
vt -10.9117 0.219042
vt -7.17761 0.179391
vt -7.17714 0.218834
vt -10.9117 0.236363
vt -10.9112 0.196922
vt -7.17766 0.196932
vt -10.9117 0.236363
vt -7.17766 0.196932
vt -7.17719 0.236372
vt -9.00457 -3.84157
vt -9.00454 -3.84718
vt -8.98556 -3.84715
vt -9.00457 -3.84157
vt -8.98556 -3.84715
vt -8.98557 -3.84154
vt -10.9431 0.267747
vt -10.9394 0.264035
vt -10.9267 0.27262
vt -10.9431 0.267747
vt -10.9267 0.27262
vt -10.9288 0.277515
vt -10.9394 0.191289
vt -10.9431 0.187552
vt -10.9287 0.17796
vt -10.9394 0.191289
vt -10.9287 0.17796
vt -10.9267 0.182801
vt -9.01838 4.2046
vt -9.01839 4.19899
vt -8.99938 4.19902
vt -9.01838 4.2046
vt -8.99938 4.19902
vt -8.99939 4.20463
vt -8.98557 -3.84154
vt -8.98556 -3.84715
vt -8.96657 -3.84699
vt -8.98557 -3.84154
vt -8.96657 -3.84699
vt -8.96678 -3.84151
vt -10.9288 0.277515
vt -10.9267 0.27262
vt -10.9112 0.275803
vt -10.9288 0.277515
vt -10.9112 0.275803
vt -10.9117 0.281015
vt -10.9267 0.182801
vt -10.9287 0.17796
vt -10.9117 0.17439
vt -10.9267 0.182801
vt -10.9117 0.17439
vt -10.9112 0.179602
vt -8.99939 4.20463
vt -8.99938 4.19902
vt -8.98059 4.19905
vt -8.99939 4.20463
vt -8.98059 4.19905
vt -8.98039 4.20453
vt -8.96678 -3.84151
vt -8.96657 -3.84699
vt -5.03944 -3.84047
vt -8.96678 -3.84151
vt -5.03944 -3.84047
vt -5.03925 -3.83498
vt -10.9117 0.281015
vt -10.9112 0.275803
vt -7.17766 0.275813
vt -10.9117 0.281015
vt -7.17766 0.275813
vt -7.17719 0.281025
vt -5.02046 -3.83495
vt -5.02047 -3.84055
vt -5.00145 -3.84052
vt -5.02046 -3.83495
vt -5.00145 -3.84052
vt -5.00146 -3.83492
vt -7.1601 0.277546
vt -7.16216 0.27265
vt -7.14948 0.264096
vt -7.1601 0.277546
vt -7.14948 0.264096
vt -7.14573 0.267829
vt -7.16207 0.182533
vt -7.16001 0.177624
vt -7.14561 0.187362
vt -7.16207 0.182533
vt -7.14561 0.187362
vt -7.14938 0.191096
vt -5.03369 4.21051
vt -5.03368 4.20493
vt -5.01468 4.20496
vt -5.03369 4.21051
vt -5.01468 4.20496
vt -5.01468 4.21053
vt -10.9112 0.179602
vt -10.9117 0.17439
vt -7.17714 0.174179
vt -10.9112 0.179602
vt -7.17714 0.174179
vt -7.17761 0.179391
vt -8.98039 4.20453
vt -8.98059 4.19905
vt -5.05247 4.2049
vt -8.98039 4.20453
vt -5.05247 4.2049
vt -5.05268 4.21039
vt -5.00146 -3.83492
vt -5.00145 -3.84052
vt -4.98249 -3.84044
vt -5.00146 -3.83492
vt -4.98249 -3.84044
vt -4.98246 -3.83489
vt -7.14573 0.267829
vt -7.14948 0.264096
vt -7.141 0.251365
vt -7.14573 0.267829
vt -7.141 0.251365
vt -7.13611 0.253386
vt -7.14938 0.191096
vt -7.14561 0.187362
vt -7.13603 0.20182
vt -7.14938 0.191096
vt -7.13603 0.20182
vt -7.14092 0.203837
vt -5.01468 4.21053
vt -5.01468 4.20496
vt -4.99568 4.20499
vt -5.01468 4.21053
vt -4.99568 4.20499
vt -4.99571 4.21051
vt -4.98246 -3.83489
vt -4.98249 -3.84044
vt -4.9639 -3.84048
vt -4.98246 -3.83489
vt -4.9639 -3.84048
vt -4.96346 -3.83486
vt -7.13611 0.253386
vt -7.141 0.251365
vt -7.13802 0.236372
vt -7.13611 0.253386
vt -7.13802 0.236372
vt -7.13273 0.236373
vt -7.14092 0.203837
vt -7.13603 0.20182
vt -7.13265 0.218834
vt -7.14092 0.203837
vt -7.13265 0.218834
vt -7.13795 0.218834
vt -4.99571 4.21051
vt -4.99568 4.20499
vt -4.97668 4.20502
vt -4.99571 4.21051
vt -4.97668 4.20502
vt -4.97713 4.21058
vt -13.1234 -3.84801
vt -13.1229 -3.85362
vt -13.1043 -3.85352
vt -13.1234 -3.84801
vt -13.1043 -3.85352
vt -13.1044 -3.84797
vt -7.13273 0.236373
vt -7.13802 0.236372
vt -7.141 0.221372
vt -7.13273 0.236373
vt -7.141 0.221372
vt -7.13611 0.219349
vt -7.13795 0.218834
vt -7.13265 0.218834
vt -7.13603 0.235847
vt -7.13795 0.218834
vt -7.13603 0.235847
vt -7.14092 0.23383
vt -13.1357 4.19742
vt -13.1361 4.19186
vt -13.1171 4.19189
vt -13.1357 4.19742
vt -13.1171 4.19189
vt -13.1171 4.19741
vt -13.1044 -3.84797
vt -13.1043 -3.85352
vt -13.0854 -3.85354
vt -13.1044 -3.84797
vt -13.0854 -3.85354
vt -13.0854 -3.84794
vt -7.13611 0.219349
vt -7.141 0.221372
vt -7.14948 0.208638
vt -7.13611 0.219349
vt -7.14948 0.208638
vt -7.14573 0.204904
vt -7.14092 0.23383
vt -7.13603 0.235847
vt -7.14561 0.250303
vt -7.14092 0.23383
vt -7.14561 0.250303
vt -7.14938 0.246571
vt -13.1171 4.19741
vt -13.1171 4.19189
vt -13.0981 4.19192
vt -13.1171 4.19741
vt -13.0981 4.19192
vt -13.0981 4.19749
vt -13.0854 -3.84794
vt -13.0854 -3.85354
vt -13.0663 -3.85351
vt -13.0854 -3.84794
vt -13.0663 -3.85351
vt -13.0664 -3.84791
vt -7.14573 0.204904
vt -7.14948 0.208638
vt -7.16216 0.200086
vt -7.14573 0.204904
vt -7.16216 0.200086
vt -7.1601 0.19519
vt -7.14938 0.246571
vt -7.14561 0.250303
vt -7.16001 0.260044
vt -7.14938 0.246571
vt -7.16001 0.260044
vt -7.16207 0.255135
vt -13.0981 4.19749
vt -13.0981 4.19192
vt -13.0791 4.19195
vt -13.0981 4.19749
vt -13.0791 4.19195
vt -13.0791 4.19753
vt -13.0664 -3.84791
vt -13.0663 -3.85351
vt -13.0474 -3.85337
vt -13.0664 -3.84791
vt -13.0474 -3.85337
vt -13.0476 -3.84788
vt -7.1601 0.19519
vt -7.16216 0.200086
vt -7.17766 0.196932
vt -7.1601 0.19519
vt -7.17766 0.196932
vt -7.17719 0.191719
vt -7.16207 0.255135
vt -7.16001 0.260044
vt -7.17714 0.263489
vt -7.16207 0.255135
vt -7.17714 0.263489
vt -7.17761 0.258277
vt -13.0791 4.19753
vt -13.0791 4.19195
vt -13.0603 4.19198
vt -13.0791 4.19753
vt -13.0603 4.19198
vt -13.0601 4.19747
vt -13.0476 -3.84788
vt -13.0474 -3.85337
vt -9.12025 -3.8472
vt -13.0476 -3.84788
vt -9.12025 -3.8472
vt -9.12005 -3.84172
vt -7.17719 0.191719
vt -7.17766 0.196932
vt -10.9112 0.196922
vt -7.17719 0.191719
vt -10.9112 0.196922
vt -10.9117 0.19171
vt -9.10126 -3.84169
vt -9.10125 -3.84729
vt -9.08226 -3.84726
vt -9.10126 -3.84169
vt -9.08226 -3.84726
vt -9.08226 -3.84166
vt -10.9288 0.195193
vt -10.9267 0.200092
vt -10.9394 0.208666
vt -10.9288 0.195193
vt -10.9394 0.208666
vt -10.9431 0.204939
vt -10.9268 0.255311
vt -10.9289 0.260218
vt -10.9433 0.250454
vt -10.9268 0.255311
vt -10.9433 0.250454
vt -10.9395 0.246722
vt -9.11341 4.20445
vt -9.1134 4.19884
vt -9.0944 4.19887
vt -9.11341 4.20445
vt -9.0944 4.19887
vt -9.09442 4.20448
vt -7.17761 0.258277
vt -7.17714 0.263489
vt -10.9117 0.263696
vt -7.17761 0.258277
vt -10.9117 0.263696
vt -10.9112 0.258483
vt -13.0601 4.19747
vt -13.0603 4.19198
vt -9.13219 4.1988
vt -13.0601 4.19747
vt -9.13219 4.1988
vt -9.13241 4.20429
vt -9.08226 -3.84166
vt -9.08226 -3.84726
vt -9.06328 -3.84726
vt -9.08226 -3.84166
vt -9.06328 -3.84726
vt -9.06327 -3.84163
vt -10.9431 0.204939
vt -10.9394 0.208666
vt -10.9478 0.221409
vt -10.9431 0.204939
vt -10.9478 0.221409
vt -10.9527 0.219413
vt -10.9395 0.246722
vt -10.9433 0.250454
vt -10.9528 0.235959
vt -10.9395 0.246722
vt -10.9528 0.235959
vt -10.9479 0.233952
vt -9.09442 4.20448
vt -9.0944 4.19887
vt -9.07539 4.1989
vt -9.09442 4.20448
vt -9.07539 4.1989
vt -9.07541 4.20453
vt -9.06327 -3.84163
vt -9.06328 -3.84726
vt -9.0442 -3.84745
vt -9.06327 -3.84163
vt -9.0442 -3.84745
vt -9.04427 -3.8416
vt -10.9527 0.219413
vt -10.9478 0.221409
vt -10.9507 0.236368
vt -10.9527 0.219413
vt -10.9507 0.236368
vt -10.956 0.236375
vt -10.9479 0.233952
vt -10.9528 0.235959
vt -10.9562 0.218921
vt -10.9479 0.233952
vt -10.9562 0.218921
vt -10.9509 0.218942
vt -9.07541 4.20453
vt -9.07539 4.1989
vt -9.05639 4.19893
vt -9.07541 4.20453
vt -9.05639 4.19893
vt -9.0564 4.20456
vt -10.9478 0.25131
vt -10.9526 0.253304
vt -10.956 0.236375
vt -10.9478 0.25131
vt -10.956 0.236375
vt -10.9507 0.236368
vt -9.02361 -3.84744
vt -9.02357 -3.8416
vt -9.04427 -3.8416
vt -9.02361 -3.84744
vt -9.04427 -3.8416
vt -9.0442 -3.84745
vt -9.03739 4.19896
vt -9.03739 4.20459
vt -9.0564 4.20456
vt -9.03739 4.19896
vt -9.0564 4.20456
vt -9.05639 4.19893
vt -10.9527 0.20193
vt -10.9479 0.203968
vt -10.9509 0.218942
vt -10.9527 0.20193
vt -10.9509 0.218942
vt -10.9562 0.218921
vt -19.0022 -0.166026
vt -19.0032 -0.172128
vt -18.9898 -0.172128
vt -19.0022 -0.166026
vt -18.9898 -0.172128
vt -18.988 -0.166026
vt -19.1908 0.879135
vt -19.1887 0.884296
vt -19.1989 0.891147
vt -19.1908 0.879135
vt -19.1989 0.891147
vt -19.2029 0.887197
vt -18.9909 0.19118
vt -18.9918 0.196654
vt -19.006 0.196654
vt -18.9909 0.19118
vt -19.006 0.196654
vt -19.006 0.19118
vt -19.2109 0.899262
vt -19.2058 0.9014
vt -19.2082 0.913494
vt -19.2109 0.899262
vt -19.2082 0.913494
vt -19.2138 0.913494
vt -19.0469 -0.121288
vt -19.0445 -0.12739
vt -19.0355 -0.12739
vt -19.0469 -0.121288
vt -19.0355 -0.12739
vt -19.0374 -0.121288
vt -19.2109 0.927726
vt -19.2058 0.925588
vt -19.1989 0.935841
vt -19.2109 0.927726
vt -19.1989 0.935841
vt -19.2029 0.939791
vt -19.0231 -0.121288
vt -19.0221 -0.12739
vt -19.0063 -0.12739
vt -19.0231 -0.121288
vt -19.0063 -0.12739
vt -19.0063 -0.121288
vt -19.1908 0.947853
vt -19.1887 0.942692
vt -19.1766 0.945098
vt -19.1908 0.947853
vt -19.1766 0.945098
vt -19.1766 0.950684
vt -18.9894 -0.121288
vt -18.9904 -0.12739
vt -18.977 -0.12739
vt -18.9894 -0.121288
vt -18.977 -0.12739
vt -18.9751 -0.121288
vt -19.1623 0.947853
vt -19.1645 0.942692
vt -19.1542 0.935841
vt -19.1623 0.947853
vt -19.1542 0.935841
vt -19.1503 0.939791
vt -19.0335 -0.101908
vt -19.0326 -0.107381
vt -19.0184 -0.107381
vt -19.0335 -0.101908
vt -19.0184 -0.107381
vt -19.0184 -0.101908
vt -19.1422 0.927726
vt -19.1474 0.925588
vt -19.145 0.913494
vt -19.1422 0.927726
vt -19.145 0.913494
vt -19.1394 0.913494
vt -19.0597 -0.166026
vt -19.0573 -0.172128
vt -19.0484 -0.172128
vt -19.0597 -0.166026
vt -19.0484 -0.172128
vt -19.0502 -0.166026
vt -19.1422 0.899262
vt -19.1474 0.9014
vt -19.1542 0.891147
vt -19.1422 0.899262
vt -19.1542 0.891147
vt -19.1503 0.887197
vt -19.0359 -0.166026
vt -19.0349 -0.172128
vt -19.0191 -0.172128
vt -19.0359 -0.166026
vt -19.0191 -0.172128
vt -19.0191 -0.166026
vt -19.1623 0.879135
vt -19.1645 0.884296
vt -19.1766 0.88189
vt -19.1623 0.879135
vt -19.1766 0.88189
vt -19.1766 0.876305
vt -19.2058 0.9014
vt -19.1989 0.891147
vt -19.1766 0.913494
vt -19.2058 0.9014
vt -19.1766 0.913494
vt -19.2082 0.913494
vt -19.2058 0.925588
vt -19.2082 0.913494
vt -19.1766 0.913494
vt -19.2058 0.925588
vt -19.1766 0.913494
vt -19.1989 0.935841
vt -19.1887 0.942692
vt -19.1989 0.935841
vt -19.1766 0.913494
vt -19.1887 0.942692
vt -19.1766 0.913494
vt -19.1766 0.945098
vt -19.1645 0.942692
vt -19.1766 0.945098
vt -19.1766 0.913494
vt -19.1645 0.942692
vt -19.1766 0.913494
vt -19.1542 0.935841
vt -19.1474 0.925588
vt -19.1542 0.935841
vt -19.1766 0.913494
vt -19.1474 0.925588
vt -19.1766 0.913494
vt -19.145 0.913494
vt -19.1474 0.9014
vt -19.145 0.913494
vt -19.1766 0.913494
vt -19.1474 0.9014
vt -19.1766 0.913494
vt -19.1542 0.891147
vt -19.1645 0.884296
vt -19.1542 0.891147
vt -19.1766 0.913494
vt -19.1645 0.884296
vt -19.1766 0.913494
vt -19.1766 0.88189
vt -19.1887 0.884296
vt -19.1766 0.88189
vt -19.1766 0.913494
vt -19.1887 0.884296
vt -19.1766 0.913494
vt -19.1989 0.891147
vt -18.988 -0.166026
vt -18.9898 -0.172128
vt -18.9808 -0.172128
vt -18.988 -0.166026
vt -18.9808 -0.172128
vt -18.9784 -0.166026
vt -19.2029 0.887197
vt -19.1989 0.891147
vt -19.2058 0.9014
vt -19.2029 0.887197
vt -19.2058 0.9014
vt -19.2109 0.899262
vt -19.006 0.19118
vt -19.006 0.196654
vt -19.0202 0.196654
vt -19.006 0.19118
vt -19.0202 0.196654
vt -19.0211 0.19118
vt -19.2138 0.913494
vt -19.2082 0.913494
vt -19.2058 0.925588
vt -19.2138 0.913494
vt -19.2058 0.925588
vt -19.2109 0.927726
vt -19.0374 -0.121288
vt -19.0355 -0.12739
vt -19.0221 -0.12739
vt -19.0374 -0.121288
vt -19.0221 -0.12739
vt -19.0231 -0.121288
vt -19.2029 0.939791
vt -19.1989 0.935841
vt -19.1887 0.942692
vt -19.2029 0.939791
vt -19.1887 0.942692
vt -19.1908 0.947853
vt -19.0063 -0.121288
vt -19.0063 -0.12739
vt -18.9904 -0.12739
vt -19.0063 -0.121288
vt -18.9904 -0.12739
vt -18.9894 -0.121288
vt -19.1766 0.950684
vt -19.1766 0.945098
vt -19.1645 0.942692
vt -19.1766 0.950684
vt -19.1645 0.942692
vt -19.1623 0.947853
vt -18.9751 -0.121288
vt -18.977 -0.12739
vt -18.968 -0.12739
vt -18.9751 -0.121288
vt -18.968 -0.12739
vt -18.9656 -0.121288
vt -19.1503 0.939791
vt -19.1542 0.935841
vt -19.1474 0.925588
vt -19.1503 0.939791
vt -19.1474 0.925588
vt -19.1422 0.927726
vt -19.0184 -0.101908
vt -19.0184 -0.107381
vt -19.0042 -0.107381
vt -19.0184 -0.101908
vt -19.0042 -0.107381
vt -19.0033 -0.101908
vt -19.1394 0.913494
vt -19.145 0.913494
vt -19.1474 0.9014
vt -19.1394 0.913494
vt -19.1474 0.9014
vt -19.1422 0.899262
vt -19.0502 -0.166026
vt -19.0484 -0.172128
vt -19.0349 -0.172128
vt -19.0502 -0.166026
vt -19.0349 -0.172128
vt -19.0359 -0.166026
vt -19.1503 0.887197
vt -19.1542 0.891147
vt -19.1645 0.884296
vt -19.1503 0.887197
vt -19.1645 0.884296
vt -19.1623 0.879135
vt -19.1887 0.884296
vt -19.1908 0.879135
vt -19.1766 0.876305
vt -19.1887 0.884296
vt -19.1766 0.876305
vt -19.1766 0.88189
vt -19.0032 -0.172128
vt -19.0022 -0.166026
vt -19.0191 -0.166026
vt -19.0032 -0.172128
vt -19.0191 -0.166026
vt -19.0191 -0.172128
vt -19.1914 0.913494
vt -19.169 0.89113
vt -19.1622 0.901391
vt -19.1914 0.913494
vt -19.1622 0.901391
vt -19.1598 0.913494
vt -19.1914 0.913494
vt -19.1598 0.913494
vt -19.1622 0.925597
vt -19.1914 0.913494
vt -19.1622 0.925597
vt -19.169 0.935858
vt -19.1914 0.913494
vt -19.169 0.935858
vt -19.1793 0.942714
vt -19.1914 0.913494
vt -19.1793 0.942714
vt -19.1914 0.945122
vt -19.1914 0.913494
vt -19.1914 0.945122
vt -19.2035 0.942714
vt -19.1914 0.913494
vt -19.2035 0.942714
vt -19.2137 0.935858
vt -19.1914 0.913494
vt -19.2137 0.935858
vt -19.2206 0.925597
vt -19.1914 0.913494
vt -19.2206 0.925597
vt -19.223 0.913494
vt -19.1914 0.913494
vt -19.223 0.913494
vt -19.2206 0.901391
vt -19.1914 0.913494
vt -19.2206 0.901391
vt -19.2137 0.89113
vt -19.1914 0.913494
vt -19.2137 0.89113
vt -19.2035 0.884273
vt -19.1914 0.913494
vt -19.2035 0.884273
vt -19.1914 0.881866
vt -19.1914 0.913494
vt -19.1914 0.881866
vt -19.1793 0.884273
vt -19.1914 0.913494
vt -19.1793 0.884273
vt -19.169 0.89113
vt -19.0022 -0.166026
vt -18.988 -0.166026
vt -18.988 0.216666
vt -19.0022 -0.166026
vt -18.988 0.216666
vt -19.0022 0.216666
vt -18.988 -0.166026
vt -18.9784 -0.166026
vt -18.9784 0.216666
vt -18.988 -0.166026
vt -18.9784 0.216666
vt -18.988 0.216666
vt -18.9909 0.19118
vt -19.006 0.19118
vt -19.006 -0.152116
vt -18.9909 0.19118
vt -19.006 -0.152116
vt -18.9909 -0.152116
vt -19.006 0.19118
vt -19.0211 0.19118
vt -19.0211 -0.152116
vt -19.006 0.19118
vt -19.0211 -0.152116
vt -19.006 -0.152116
vt -19.0469 -0.121288
vt -19.0374 -0.121288
vt -19.0374 0.261403
vt -19.0469 -0.121288
vt -19.0374 0.261403
vt -19.0469 0.261403
vt -19.0374 -0.121288
vt -19.0231 -0.121288
vt -19.0231 0.261403
vt -19.0374 -0.121288
vt -19.0231 0.261403
vt -19.0374 0.261403
vt -19.0231 -0.121288
vt -19.0063 -0.121288
vt -19.0063 0.261403
vt -19.0231 -0.121288
vt -19.0063 0.261403
vt -19.0231 0.261403
vt -19.0063 -0.121288
vt -18.9894 -0.121288
vt -18.9894 0.261403
vt -19.0063 -0.121288
vt -18.9894 0.261403
vt -19.0063 0.261403
vt -18.9894 -0.121288
vt -18.9751 -0.121288
vt -18.9751 0.261403
vt -18.9894 -0.121288
vt -18.9751 0.261403
vt -18.9894 0.261403
vt -18.9751 -0.121288
vt -18.9656 -0.121288
vt -18.9656 0.261403
vt -18.9751 -0.121288
vt -18.9656 0.261403
vt -18.9751 0.261403
vt -19.0335 -0.101908
vt -19.0184 -0.101908
vt -19.0184 0.241395
vt -19.0335 -0.101908
vt -19.0184 0.241395
vt -19.0335 0.241395
vt -19.0184 -0.101908
vt -19.0033 -0.101908
vt -19.0033 0.241395
vt -19.0184 -0.101908
vt -19.0033 0.241395
vt -19.0184 0.241395
vt -19.0597 -0.166026
vt -19.0502 -0.166026
vt -19.0502 0.216666
vt -19.0597 -0.166026
vt -19.0502 0.216666
vt -19.0597 0.216666
vt -19.0502 -0.166026
vt -19.0359 -0.166026
vt -19.0359 0.216666
vt -19.0502 -0.166026
vt -19.0359 0.216666
vt -19.0502 0.216666
vt -19.0359 -0.166026
vt -19.0191 -0.166026
vt -19.0191 0.216666
vt -19.0359 -0.166026
vt -19.0191 0.216666
vt -19.0359 0.216666
vt -19.0191 -0.166026
vt -19.0022 -0.166026
vt -19.0022 0.216666
vt -19.0191 -0.166026
vt -19.0022 0.216666
vt -19.0191 0.216666
vt -19.1793 0.884273
vt -19.1771 0.879109
vt -19.1651 0.887177
vt -19.1793 0.884273
vt -19.1651 0.887177
vt -19.169 0.89113
vt -19.0147 0.672054
vt -19.0137 0.665952
vt -18.9995 0.665952
vt -19.0147 0.672054
vt -18.9995 0.665952
vt -19.0013 0.672054
vt -19.169 0.89113
vt -19.1651 0.887177
vt -19.157 0.899251
vt -19.169 0.89113
vt -19.157 0.899251
vt -19.1622 0.901391
vt -19.0013 0.672054
vt -18.9995 0.665952
vt -18.9899 0.665952
vt -19.0013 0.672054
vt -18.9899 0.665952
vt -18.9923 0.672054
vt -19.1622 0.901391
vt -19.157 0.899251
vt -19.1542 0.913494
vt -19.1622 0.901391
vt -19.1542 0.913494
vt -19.1598 0.913494
vt -19.0285 0.303271
vt -19.0276 0.308745
vt -19.0427 0.308745
vt -19.0285 0.303271
vt -19.0427 0.308745
vt -19.0427 0.303271
vt -19.1598 0.913494
vt -19.1542 0.913494
vt -19.157 0.927737
vt -19.1598 0.913494
vt -19.157 0.927737
vt -19.1622 0.925597
vt -19.0427 0.303271
vt -19.0427 0.308745
vt -19.0578 0.308745
vt -19.0427 0.303271
vt -19.0578 0.308745
vt -19.0569 0.303271
vt -19.1622 0.925597
vt -19.157 0.927737
vt -19.1651 0.939811
vt -19.1622 0.925597
vt -19.1651 0.939811
vt -19.169 0.935858
vt -19.0932 0.67205
vt -19.0955 0.665948
vt -19.086 0.665948
vt -19.0932 0.67205
vt -19.086 0.665948
vt -19.0842 0.67205
vt -19.169 0.935858
vt -19.1651 0.939811
vt -19.1771 0.947879
vt -19.169 0.935858
vt -19.1771 0.947879
vt -19.1793 0.942714
vt -19.0842 0.67205
vt -19.086 0.665948
vt -19.0717 0.665948
vt -19.0842 0.67205
vt -19.0717 0.665948
vt -19.0707 0.67205
vt -19.1793 0.942714
vt -19.1771 0.947879
vt -19.1914 0.950713
vt -19.1793 0.942714
vt -19.1914 0.950713
vt -19.1914 0.945122
vt -19.0707 0.67205
vt -19.0717 0.665948
vt -19.0549 0.665948
vt -19.0707 0.67205
vt -19.0549 0.665948
vt -19.0549 0.67205
vt -19.1914 0.945122
vt -19.1914 0.950713
vt -19.2056 0.947879
vt -19.1914 0.945122
vt -19.2056 0.947879
vt -19.2035 0.942714
vt -19.0549 0.67205
vt -19.0549 0.665948
vt -19.0381 0.665948
vt -19.0549 0.67205
vt -19.0381 0.665948
vt -19.039 0.67205
vt -19.2035 0.942714
vt -19.2056 0.947879
vt -19.2177 0.939811
vt -19.2035 0.942714
vt -19.2177 0.939811
vt -19.2137 0.935858
vt -19.039 0.67205
vt -19.0381 0.665948
vt -19.0238 0.665948
vt -19.039 0.67205
vt -19.0238 0.665948
vt -19.0256 0.67205
vt -19.2137 0.935858
vt -19.2177 0.939811
vt -19.2258 0.927737
vt -19.2137 0.935858
vt -19.2258 0.927737
vt -19.2206 0.925597
vt -19.0256 0.67205
vt -19.0238 0.665948
vt -19.0142 0.665948
vt -19.0256 0.67205
vt -19.0142 0.665948
vt -19.0166 0.67205
vt -19.2206 0.925597
vt -19.2258 0.927737
vt -19.2286 0.913494
vt -19.2206 0.925597
vt -19.2286 0.913494
vt -19.223 0.913494
vt -19.0813 1.10391
vt -19.0822 1.09844
vt -19.0671 1.09844
vt -19.0813 1.10391
vt -19.0671 1.09844
vt -19.0671 1.10391
vt -19.223 0.913494
vt -19.2286 0.913494
vt -19.2258 0.899251
vt -19.223 0.913494
vt -19.2258 0.899251
vt -19.2206 0.901391
vt -19.0671 1.10391
vt -19.0671 1.09844
vt -19.0519 1.09844
vt -19.0671 1.10391
vt -19.0519 1.09844
vt -19.0528 1.10391
vt -19.2206 0.901391
vt -19.2258 0.899251
vt -19.2177 0.887177
vt -19.2206 0.901391
vt -19.2177 0.887177
vt -19.2137 0.89113
vt -19.0688 0.672054
vt -19.0712 0.665952
vt -19.0617 0.665952
vt -19.0688 0.672054
vt -19.0617 0.665952
vt -19.0599 0.672054
vt -19.2137 0.89113
vt -19.2177 0.887177
vt -19.2056 0.879109
vt -19.2137 0.89113
vt -19.2056 0.879109
vt -19.2035 0.884273
vt -19.0599 0.672054
vt -19.0617 0.665952
vt -19.0474 0.665952
vt -19.0599 0.672054
vt -19.0474 0.665952
vt -19.0464 0.672054
vt -19.2035 0.884273
vt -19.2056 0.879109
vt -19.1914 0.876276
vt -19.2035 0.884273
vt -19.1914 0.876276
vt -19.1914 0.881866
vt -19.0464 0.672054
vt -19.0474 0.665952
vt -19.0306 0.665952
vt -19.0464 0.672054
vt -19.0306 0.665952
vt -19.0306 0.672054
vt -19.0137 0.665952
vt -19.0147 0.672054
vt -19.0306 0.672054
vt -19.0137 0.665952
vt -19.0306 0.672054
vt -19.0306 0.665952
vt -19.1771 0.879109
vt -19.1793 0.884273
vt -19.1914 0.881866
vt -19.1771 0.879109
vt -19.1914 0.881866
vt -19.1914 0.876276
vt -19.0549 0.283261
vt -19.0381 0.283261
vt -19.0381 0.665948
vt -19.0549 0.283261
vt -19.0381 0.665948
vt -19.0549 0.665948
vt -19.0717 0.283261
vt -19.0549 0.283261
vt -19.0549 0.665948
vt -19.0717 0.283261
vt -19.0549 0.665948
vt -19.0717 0.665948
vt -19.086 0.283261
vt -19.0717 0.283261
vt -19.0717 0.665948
vt -19.086 0.283261
vt -19.0717 0.665948
vt -19.086 0.665948
vt -19.0955 0.283261
vt -19.086 0.283261
vt -19.086 0.665948
vt -19.0955 0.283261
vt -19.086 0.665948
vt -19.0955 0.665948
vt -19.0427 0.65204
vt -19.0578 0.65204
vt -19.0578 0.308745
vt -19.0427 0.65204
vt -19.0578 0.308745
vt -19.0427 0.308745
vt -19.0276 0.65204
vt -19.0427 0.65204
vt -19.0427 0.308745
vt -19.0276 0.65204
vt -19.0427 0.308745
vt -19.0276 0.308745
vt -18.9995 0.283257
vt -18.9899 0.283257
vt -18.9899 0.665952
vt -18.9995 0.283257
vt -18.9899 0.665952
vt -18.9995 0.665952
vt -19.0137 0.283257
vt -18.9995 0.283257
vt -18.9995 0.665952
vt -19.0137 0.283257
vt -18.9995 0.665952
vt -19.0137 0.665952
vt -19.0306 0.283257
vt -19.0137 0.283257
vt -19.0137 0.665952
vt -19.0306 0.283257
vt -19.0137 0.665952
vt -19.0306 0.665952
vt -19.0474 0.283257
vt -19.0306 0.283257
vt -19.0306 0.665952
vt -19.0474 0.283257
vt -19.0306 0.665952
vt -19.0474 0.665952
vt -19.0617 0.283257
vt -19.0474 0.283257
vt -19.0474 0.665952
vt -19.0617 0.283257
vt -19.0474 0.665952
vt -19.0617 0.665952
vt -19.0712 0.283257
vt -19.0617 0.283257
vt -19.0617 0.665952
vt -19.0712 0.283257
vt -19.0617 0.665952
vt -19.0712 0.665952
vt -19.0671 0.755142
vt -19.0519 0.755142
vt -19.0519 1.09844
vt -19.0671 0.755142
vt -19.0519 1.09844
vt -19.0671 1.09844
vt -19.0822 0.755142
vt -19.0671 0.755142
vt -19.0671 1.09844
vt -19.0822 0.755142
vt -19.0671 1.09844
vt -19.0822 1.09844
vt -19.0238 0.283261
vt -19.0142 0.283261
vt -19.0142 0.665948
vt -19.0238 0.283261
vt -19.0142 0.665948
vt -19.0238 0.665948
vt -19.0381 0.283261
vt -19.0238 0.283261
vt -19.0238 0.665948
vt -19.0381 0.283261
vt -19.0238 0.665948
vt -19.0381 0.665948
vt -19.0624 0.74123
vt -19.0634 0.735129
vt -19.0499 0.735129
vt -19.0624 0.74123
vt -19.0499 0.735129
vt -19.0481 0.74123
vt -19.1718 0.899262
vt -19.177 0.9014
vt -19.1839 0.891147
vt -19.1718 0.899262
vt -19.1839 0.891147
vt -19.1799 0.887197
vt -19.0763 1.0984
vt -19.0772 1.10388
vt -19.0914 1.10388
vt -19.0763 1.0984
vt -19.0914 1.10388
vt -19.0914 1.0984
vt -19.192 0.879135
vt -19.1941 0.884296
vt -19.2062 0.88189
vt -19.192 0.879135
vt -19.2062 0.88189
vt -19.2062 0.876305
vt -19.1442 0.741239
vt -19.1418 0.735137
vt -19.1328 0.735137
vt -19.1442 0.741239
vt -19.1328 0.735137
vt -19.1346 0.741239
vt -19.2204 0.879135
vt -19.2183 0.884296
vt -19.2285 0.891147
vt -19.2204 0.879135
vt -19.2285 0.891147
vt -19.2325 0.887197
vt -19.1204 0.741239
vt -19.1194 0.735137
vt -19.1035 0.735137
vt -19.1204 0.741239
vt -19.1035 0.735137
vt -19.1035 0.741239
vt -19.2406 0.899262
vt -19.2354 0.9014
vt -19.2378 0.913494
vt -19.2406 0.899262
vt -19.2378 0.913494
vt -19.2434 0.913494
vt -19.0867 0.741239
vt -19.0877 0.735137
vt -19.0742 0.735137
vt -19.0867 0.741239
vt -19.0742 0.735137
vt -19.0724 0.741239
vt -19.2406 0.927726
vt -19.2354 0.925588
vt -19.2285 0.935841
vt -19.2406 0.927726
vt -19.2285 0.935841
vt -19.2325 0.939791
vt -19.1308 0.760617
vt -19.1299 0.755143
vt -19.1157 0.755143
vt -19.1308 0.760617
vt -19.1157 0.755143
vt -19.1157 0.760617
vt -19.2204 0.947853
vt -19.2183 0.942692
vt -19.2062 0.945098
vt -19.2204 0.947853
vt -19.2062 0.945098
vt -19.2062 0.950684
vt -19.1199 0.74123
vt -19.1175 0.735129
vt -19.1085 0.735129
vt -19.1199 0.74123
vt -19.1085 0.735129
vt -19.1103 0.74123
vt -19.192 0.947853
vt -19.1941 0.942692
vt -19.1839 0.935841
vt -19.192 0.947853
vt -19.1839 0.935841
vt -19.1799 0.939791
vt -19.096 0.74123
vt -19.0951 0.735129
vt -19.0792 0.735129
vt -19.096 0.74123
vt -19.0792 0.735129
vt -19.0792 0.74123
vt -19.1718 0.927726
vt -19.177 0.925588
vt -19.1746 0.913494
vt -19.1718 0.927726
vt -19.1746 0.913494
vt -19.169 0.913494
vt -19.111 1.11782
vt -19.112 1.12392
vt -19.1278 1.12392
vt -19.111 1.11782
vt -19.1278 1.12392
vt -19.1278 1.11782
vt -19.1867 0.92773
vt -19.1918 0.925592
vt -19.1894 0.913494
vt -19.1867 0.92773
vt -19.1894 0.913494
vt -19.1838 0.913494
vt -19.1987 0.935847
vt -19.1947 0.939798
vt -19.2068 0.947861
vt -19.1987 0.935847
vt -19.2068 0.947861
vt -19.2089 0.9427
vt -19.0986 1.12392
vt -19.0967 1.11782
vt -19.0872 1.11782
vt -19.0986 1.12392
vt -19.0872 1.11782
vt -19.0896 1.12392
vt -19.221 0.945106
vt -19.221 0.950693
vt -19.2353 0.947861
vt -19.221 0.945106
vt -19.2353 0.947861
vt -19.2331 0.9427
vt -19.14 0.755144
vt -19.14 0.760617
vt -19.1551 0.760617
vt -19.14 0.755144
vt -19.1551 0.760617
vt -19.1542 0.755144
vt -19.2434 0.935847
vt -19.2473 0.939798
vt -19.2554 0.92773
vt -19.2434 0.935847
vt -19.2554 0.92773
vt -19.2502 0.925592
vt -19.1815 1.12392
vt -19.1833 1.11781
vt -19.169 1.11781
vt -19.1815 1.12392
vt -19.169 1.11781
vt -19.168 1.12392
vt -19.2526 0.913494
vt -19.2582 0.913494
vt -19.2554 0.899259
vt -19.2526 0.913494
vt -19.2554 0.899259
vt -19.2502 0.901397
vt -19.1522 1.12392
vt -19.1522 1.11781
vt -19.1353 1.11781
vt -19.1522 1.12392
vt -19.1353 1.11781
vt -19.1363 1.12392
vt -19.2434 0.891142
vt -19.2473 0.887191
vt -19.2353 0.879128
vt -19.2434 0.891142
vt -19.2353 0.879128
vt -19.2331 0.884289
vt -19.1229 1.12392
vt -19.1211 1.11781
vt -19.1115 1.11781
vt -19.1229 1.12392
vt -19.1115 1.11781
vt -19.1139 1.12392
vt -19.221 0.881883
vt -19.221 0.876295
vt -19.2068 0.879128
vt -19.221 0.881883
vt -19.2068 0.879128
vt -19.2089 0.884289
vt -19.1643 1.10391
vt -19.1643 1.09844
vt -19.1492 1.09844
vt -19.1643 1.10391
vt -19.1492 1.09844
vt -19.1501 1.10391
vt -19.1987 0.891142
vt -19.1947 0.887191
vt -19.1867 0.899259
vt -19.1987 0.891142
vt -19.1867 0.899259
vt -19.1918 0.901397
vt -19.1571 1.12392
vt -19.159 1.11782
vt -19.1447 1.11782
vt -19.1571 1.12392
vt -19.1447 1.11782
vt -19.1437 1.12392
vt -19.0624 0.74123
vt -19.0481 0.74123
vt -19.0481 1.12393
vt -19.0624 0.74123
vt -19.0481 1.12393
vt -19.0624 1.12393
vt -19.0481 0.74123
vt -19.0386 0.74123
vt -19.0386 1.12393
vt -19.0481 0.74123
vt -19.0386 1.12393
vt -19.0481 1.12393
vt -19.0763 1.0984
vt -19.0914 1.0984
vt -19.0914 0.755178
vt -19.0763 1.0984
vt -19.0914 0.755178
vt -19.0763 0.755178
vt -19.0914 1.0984
vt -19.1065 1.0984
vt -19.1065 0.755178
vt -19.0914 1.0984
vt -19.1065 0.755178
vt -19.0914 0.755178
vt -19.1442 0.741239
vt -19.1346 0.741239
vt -19.1346 1.12392
vt -19.1442 0.741239
vt -19.1346 1.12392
vt -19.1442 1.12392
vt -19.1346 0.741239
vt -19.1204 0.741239
vt -19.1204 1.12392
vt -19.1346 0.741239
vt -19.1204 1.12392
vt -19.1346 1.12392
vt -19.1204 0.741239
vt -19.1035 0.741239
vt -19.1035 1.12392
vt -19.1204 0.741239
vt -19.1035 1.12392
vt -19.1204 1.12392
vt -19.1035 0.741239
vt -19.0867 0.741239
vt -19.0867 1.12392
vt -19.1035 0.741239
vt -19.0867 1.12392
vt -19.1035 1.12392
vt -19.0867 0.741239
vt -19.0724 0.741239
vt -19.0724 1.12392
vt -19.0867 0.741239
vt -19.0724 1.12392
vt -19.0867 1.12392
vt -19.0724 0.741239
vt -19.0629 0.741239
vt -19.0629 1.12392
vt -19.0724 0.741239
vt -19.0629 1.12392
vt -19.0724 1.12392
vt -19.1308 0.760617
vt -19.1157 0.760617
vt -19.1157 1.10391
vt -19.1308 0.760617
vt -19.1157 1.10391
vt -19.1308 1.10391
vt -19.1157 0.760617
vt -19.1006 0.760617
vt -19.1006 1.10391
vt -19.1157 0.760617
vt -19.1006 1.10391
vt -19.1157 1.10391
vt -19.1199 0.74123
vt -19.1103 0.74123
vt -19.1103 1.12393
vt -19.1199 0.74123
vt -19.1103 1.12393
vt -19.1199 1.12393
vt -19.1103 0.74123
vt -19.096 0.74123
vt -19.096 1.12393
vt -19.1103 0.74123
vt -19.096 1.12393
vt -19.1103 1.12393
vt -19.096 0.74123
vt -19.0792 0.74123
vt -19.0792 1.12393
vt -19.096 0.74123
vt -19.0792 1.12393
vt -19.096 1.12393
vt -19.0792 0.74123
vt -19.0624 0.74123
vt -19.0624 1.12393
vt -19.0792 0.74123
vt -19.0624 1.12393
vt -19.0792 1.12393
vt -19.1941 0.884296
vt -19.1839 0.891147
vt -19.2062 0.913494
vt -19.1941 0.884296
vt -19.2062 0.913494
vt -19.2062 0.88189
vt -19.2183 0.884296
vt -19.2062 0.88189
vt -19.2062 0.913494
vt -19.2183 0.884296
vt -19.2062 0.913494
vt -19.2285 0.891147
vt -19.2354 0.9014
vt -19.2285 0.891147
vt -19.2062 0.913494
vt -19.2354 0.9014
vt -19.2062 0.913494
vt -19.2378 0.913494
vt -19.2354 0.925588
vt -19.2378 0.913494
vt -19.2062 0.913494
vt -19.2354 0.925588
vt -19.2062 0.913494
vt -19.2285 0.935841
vt -19.2183 0.942692
vt -19.2285 0.935841
vt -19.2062 0.913494
vt -19.2183 0.942692
vt -19.2062 0.913494
vt -19.2062 0.945098
vt -19.1941 0.942692
vt -19.2062 0.945098
vt -19.2062 0.913494
vt -19.1941 0.942692
vt -19.2062 0.913494
vt -19.1839 0.935841
vt -19.177 0.925588
vt -19.1839 0.935841
vt -19.2062 0.913494
vt -19.177 0.925588
vt -19.2062 0.913494
vt -19.1746 0.913494
vt -19.177 0.9014
vt -19.1746 0.913494
vt -19.2062 0.913494
vt -19.177 0.9014
vt -19.2062 0.913494
vt -19.1839 0.891147
vt -19.221 0.913494
vt -19.1987 0.935847
vt -19.2089 0.9427
vt -19.221 0.913494
vt -19.2089 0.9427
vt -19.221 0.945106
vt -19.221 0.913494
vt -19.221 0.945106
vt -19.2331 0.9427
vt -19.221 0.913494
vt -19.2331 0.9427
vt -19.2434 0.935847
vt -19.221 0.913494
vt -19.2434 0.935847
vt -19.2502 0.925592
vt -19.221 0.913494
vt -19.2502 0.925592
vt -19.2526 0.913494
vt -19.221 0.913494
vt -19.2526 0.913494
vt -19.2502 0.901397
vt -19.221 0.913494
vt -19.2502 0.901397
vt -19.2434 0.891142
vt -19.221 0.913494
vt -19.2434 0.891142
vt -19.2331 0.884289
vt -19.221 0.913494
vt -19.2331 0.884289
vt -19.221 0.881883
vt -19.221 0.913494
vt -19.221 0.881883
vt -19.2089 0.884289
vt -19.221 0.913494
vt -19.2089 0.884289
vt -19.1987 0.891142
vt -19.221 0.913494
vt -19.1987 0.891142
vt -19.1918 0.901397
vt -19.221 0.913494
vt -19.1918 0.901397
vt -19.1894 0.913494
vt -19.221 0.913494
vt -19.1894 0.913494
vt -19.1918 0.925592
vt -19.221 0.913494
vt -19.1918 0.925592
vt -19.1987 0.935847
vt -19.0481 0.74123
vt -19.0499 0.735129
vt -19.0409 0.735129
vt -19.0481 0.74123
vt -19.0409 0.735129
vt -19.0386 0.74123
vt -19.1799 0.887197
vt -19.1839 0.891147
vt -19.1941 0.884296
vt -19.1799 0.887197
vt -19.1941 0.884296
vt -19.192 0.879135
vt -19.0914 1.0984
vt -19.0914 1.10388
vt -19.1056 1.10388
vt -19.0914 1.0984
vt -19.1056 1.10388
vt -19.1065 1.0984
vt -19.2062 0.876305
vt -19.2062 0.88189
vt -19.2183 0.884296
vt -19.2062 0.876305
vt -19.2183 0.884296
vt -19.2204 0.879135
vt -19.1346 0.741239
vt -19.1328 0.735137
vt -19.1194 0.735137
vt -19.1346 0.741239
vt -19.1194 0.735137
vt -19.1204 0.741239
vt -19.2325 0.887197
vt -19.2285 0.891147
vt -19.2354 0.9014
vt -19.2325 0.887197
vt -19.2354 0.9014
vt -19.2406 0.899262
vt -19.1035 0.741239
vt -19.1035 0.735137
vt -19.0877 0.735137
vt -19.1035 0.741239
vt -19.0877 0.735137
vt -19.0867 0.741239
vt -19.2434 0.913494
vt -19.2378 0.913494
vt -19.2354 0.925588
vt -19.2434 0.913494
vt -19.2354 0.925588
vt -19.2406 0.927726
vt -19.0724 0.741239
vt -19.0742 0.735137
vt -19.0653 0.735137
vt -19.0724 0.741239
vt -19.0653 0.735137
vt -19.0629 0.741239
vt -19.2325 0.939791
vt -19.2285 0.935841
vt -19.2183 0.942692
vt -19.2325 0.939791
vt -19.2183 0.942692
vt -19.2204 0.947853
vt -19.1157 0.760617
vt -19.1157 0.755143
vt -19.1015 0.755143
vt -19.1157 0.760617
vt -19.1015 0.755143
vt -19.1006 0.760617
vt -19.2062 0.950684
vt -19.2062 0.945098
vt -19.1941 0.942692
vt -19.2062 0.950684
vt -19.1941 0.942692
vt -19.192 0.947853
vt -19.1103 0.74123
vt -19.1085 0.735129
vt -19.0951 0.735129
vt -19.1103 0.74123
vt -19.0951 0.735129
vt -19.096 0.74123
vt -19.1799 0.939791
vt -19.1839 0.935841
vt -19.177 0.925588
vt -19.1799 0.939791
vt -19.177 0.925588
vt -19.1718 0.927726
vt -19.177 0.9014
vt -19.1718 0.899262
vt -19.169 0.913494
vt -19.177 0.9014
vt -19.169 0.913494
vt -19.1746 0.913494
vt -19.0634 0.735129
vt -19.0624 0.74123
vt -19.0792 0.74123
vt -19.0634 0.735129
vt -19.0792 0.74123
vt -19.0792 0.735129
vt -19.1918 0.925592
vt -19.1867 0.92773
vt -19.1947 0.939798
vt -19.1918 0.925592
vt -19.1947 0.939798
vt -19.1987 0.935847
vt -19.112 1.12392
vt -19.111 1.11782
vt -19.0967 1.11782
vt -19.112 1.12392
vt -19.0967 1.11782
vt -19.0986 1.12392
vt -19.2089 0.9427
vt -19.2068 0.947861
vt -19.221 0.950693
vt -19.2089 0.9427
vt -19.221 0.950693
vt -19.221 0.945106
vt -19.1258 0.755144
vt -19.1249 0.760617
vt -19.14 0.760617
vt -19.1258 0.755144
vt -19.14 0.760617
vt -19.14 0.755144
vt -19.2331 0.9427
vt -19.2353 0.947861
vt -19.2473 0.939798
vt -19.2331 0.9427
vt -19.2473 0.939798
vt -19.2434 0.935847
vt -19.1904 1.12392
vt -19.1928 1.11781
vt -19.1833 1.11781
vt -19.1904 1.12392
vt -19.1833 1.11781
vt -19.1815 1.12392
vt -19.2502 0.925592
vt -19.2554 0.92773
vt -19.2582 0.913494
vt -19.2502 0.925592
vt -19.2582 0.913494
vt -19.2526 0.913494
vt -19.168 1.12392
vt -19.169 1.11781
vt -19.1522 1.11781
vt -19.168 1.12392
vt -19.1522 1.11781
vt -19.1522 1.12392
vt -19.2502 0.901397
vt -19.2554 0.899259
vt -19.2473 0.887191
vt -19.2502 0.901397
vt -19.2473 0.887191
vt -19.2434 0.891142
vt -19.1363 1.12392
vt -19.1353 1.11781
vt -19.1211 1.11781
vt -19.1363 1.12392
vt -19.1211 1.11781
vt -19.1229 1.12392
vt -19.2331 0.884289
vt -19.2353 0.879128
vt -19.221 0.876295
vt -19.2331 0.884289
vt -19.221 0.876295
vt -19.221 0.881883
vt -19.1785 1.10391
vt -19.1794 1.09844
vt -19.1643 1.09844
vt -19.1785 1.10391
vt -19.1643 1.09844
vt -19.1643 1.10391
vt -19.2089 0.884289
vt -19.2068 0.879128
vt -19.1947 0.887191
vt -19.2089 0.884289
vt -19.1947 0.887191
vt -19.1987 0.891142
vt -19.1661 1.12392
vt -19.1685 1.11782
vt -19.159 1.11782
vt -19.1661 1.12392
vt -19.159 1.11782
vt -19.1571 1.12392
vt -19.1918 0.901397
vt -19.1867 0.899259
vt -19.1838 0.913494
vt -19.1918 0.901397
vt -19.1838 0.913494
vt -19.1894 0.913494
vt -19.1437 1.12392
vt -19.1447 1.11782
vt -19.1278 1.11782
vt -19.1437 1.12392
vt -19.1278 1.11782
vt -19.1278 1.12392
vt -19.1353 0.735137
vt -19.1211 0.735137
vt -19.1211 1.11781
vt -19.1353 0.735137
vt -19.1211 1.11781
vt -19.1353 1.11781
vt -19.1522 0.735137
vt -19.1353 0.735137
vt -19.1353 1.11781
vt -19.1522 0.735137
vt -19.1353 1.11781
vt -19.1522 1.11781
vt -19.169 0.735137
vt -19.1522 0.735137
vt -19.1522 1.11781
vt -19.169 0.735137
vt -19.1522 1.11781
vt -19.169 1.11781
vt -19.1833 0.735137
vt -19.169 0.735137
vt -19.169 1.11781
vt -19.1833 0.735137
vt -19.169 1.11781
vt -19.1833 1.11781
vt -19.1928 0.735137
vt -19.1833 0.735137
vt -19.1833 1.11781
vt -19.1928 0.735137
vt -19.1833 1.11781
vt -19.1928 1.11781
vt -19.14 1.10391
vt -19.1551 1.10391
vt -19.1551 0.760617
vt -19.14 1.10391
vt -19.1551 0.760617
vt -19.14 0.760617
vt -19.1249 1.10391
vt -19.14 1.10391
vt -19.14 0.760617
vt -19.1249 1.10391
vt -19.14 0.760617
vt -19.1249 0.760617
vt -19.0967 0.735129
vt -19.0872 0.735129
vt -19.0872 1.11782
vt -19.0967 0.735129
vt -19.0872 1.11782
vt -19.0967 1.11782
vt -19.111 0.735129
vt -19.0967 0.735129
vt -19.0967 1.11782
vt -19.111 0.735129
vt -19.0967 1.11782
vt -19.111 1.11782
vt -19.1278 0.735129
vt -19.111 0.735129
vt -19.111 1.11782
vt -19.1278 0.735129
vt -19.111 1.11782
vt -19.1278 1.11782
vt -19.1447 0.735129
vt -19.1278 0.735129
vt -19.1278 1.11782
vt -19.1447 0.735129
vt -19.1278 1.11782
vt -19.1447 1.11782
vt -19.159 0.735129
vt -19.1447 0.735129
vt -19.1447 1.11782
vt -19.159 0.735129
vt -19.1447 1.11782
vt -19.159 1.11782
vt -19.1685 0.735129
vt -19.159 0.735129
vt -19.159 1.11782
vt -19.1685 0.735129
vt -19.159 1.11782
vt -19.1685 1.11782
vt -19.1643 0.755144
vt -19.1492 0.755144
vt -19.1492 1.09844
vt -19.1643 0.755144
vt -19.1492 1.09844
vt -19.1643 1.09844
vt -19.1794 0.755144
vt -19.1643 0.755144
vt -19.1643 1.09844
vt -19.1794 0.755144
vt -19.1643 1.09844
vt -19.1794 1.09844
vt -19.1211 0.735137
vt -19.1115 0.735137
vt -19.1115 1.11781
vt -19.1211 0.735137
vt -19.1115 1.11781
vt -19.1211 1.11781
f 1/1 2/2 3/3
f 4/4 5/5 6/6
f 7/7 8/8 9/9
f 10/10 11/11 12/12
f 13/13 14/14 15/15
f 16/16 17/17 18/18
f 19/19 20/20 21/21
f 22/22 23/23 24/24
f 25/25 26/26 27/27
f 28/28 29/29 30/30
f 31/31 32/32 33/33
f 34/34 35/35 36/36
f 37/37 38/38 39/39
f 40/40 41/41 42/42
f 43/43 44/44 45/45
f 46/46 47/47 48/48
f 49/49 50/50 51/51
f 52/52 53/53 54/54
f 55/55 56/56 57/57
f 58/58 59/59 60/60
f 61/61 62/62 63/63
f 64/64 65/65 66/66
f 67/67 68/68 69/69
f 70/70 71/71 72/72
f 73/73 74/74 75/75
f 76/76 77/77 78/78
f 79/79 80/80 81/81
f 82/82 83/83 84/84
f 85/85 86/86 87/87
f 88/88 89/89 90/90
f 91/91 92/92 93/93
f 94/94 95/95 96/96
f 97/97 98/98 99/99
f 100/100 101/101 102/102
f 103/103 104/104 105/105
f 106/106 107/107 108/108
f 109/109 110/110 111/111
f 112/112 113/113 114/114
f 115/115 116/116 117/117
f 118/118 119/119 120/120
f 121/121 122/122 123/123
f 124/124 125/125 126/126
f 127/127 128/128 129/129
f 130/130 131/131 132/132
f 133/133 134/134 135/135
f 136/136 137/137 138/138
f 139/139 140/140 141/141
f 142/142 143/143 144/144
f 145/145 146/146 147/147
f 148/148 149/149 150/150
f 151/151 152/152 153/153
f 154/154 155/155 156/156
f 157/157 158/158 159/159
f 160/160 161/161 162/162
f 163/163 164/164 165/165
f 166/166 167/167 168/168
f 169/169 170/170 171/171
f 172/172 173/173 174/174
f 175/175 176/176 177/177
f 178/178 179/179 180/180
f 181/181 182/182 183/183
f 184/184 185/185 186/186
f 187/187 188/188 189/189
f 190/190 191/191 192/192
f 193/193 194/194 195/195
f 196/196 197/197 198/198
f 199/199 200/200 201/201
f 202/202 203/203 204/204
f 205/205 206/206 207/207
f 208/208 209/209 210/210
f 211/211 212/212 213/213
f 214/214 215/215 216/216
f 217/217 218/218 219/219
f 220/220 221/221 222/222
f 223/223 224/224 225/225
f 226/226 227/227 228/228
f 229/229 230/230 231/231
f 232/232 233/233 234/234
f 235/235 236/236 237/237
f 238/238 239/239 240/240
f 241/241 242/242 243/243
f 244/244 245/245 246/246
f 247/247 248/248 249/249
f 250/250 251/251 252/252
f 253/253 254/254 255/255
f 256/256 257/257 258/258
f 259/259 260/260 261/261
f 262/262 263/263 264/264
f 265/265 266/266 267/267
f 268/268 269/269 270/270
f 271/271 272/272 273/273
f 274/274 275/275 276/276
f 277/277 278/278 279/279
f 280/280 281/281 282/282
f 283/283 284/284 285/285
f 286/286 287/287 288/288
f 289/289 290/290 291/291
f 292/292 293/293 294/294
f 295/295 296/296 297/297
f 298/298 299/299 300/300
f 301/301 302/302 303/303
f 304/304 305/305 306/306
f 307/307 308/308 309/309
f 310/310 311/311 312/312
f 313/313 314/314 315/315
f 316/316 317/317 318/318
f 319/319 320/320 321/321
f 322/322 323/323 324/324
f 325/325 326/326 327/327
f 328/328 329/329 330/330
f 331/331 332/332 333/333
f 334/334 335/335 336/336
f 337/337 338/338 339/339
f 340/340 341/341 342/342
f 343/343 344/344 345/345
f 346/346 347/347 348/348
f 349/349 350/350 351/351
f 352/352 353/353 354/354
f 355/355 356/356 357/357
f 358/358 359/359 360/360
f 361/361 362/362 363/363
f 364/364 365/365 366/366
f 367/367 368/368 369/369
f 370/370 371/371 372/372
f 373/373 374/374 375/375
f 376/376 377/377 378/378
f 379/379 380/380 381/381
f 382/382 383/383 384/384
f 385/385 386/386 387/387
f 388/388 389/389 390/390
f 391/391 392/392 393/393
f 394/394 395/395 396/396
f 397/397 398/398 399/399
f 400/400 401/401 402/402
f 403/403 404/404 405/405
f 406/406 407/407 408/408
f 409/409 410/410 411/411
f 412/412 413/413 414/414
f 415/415 416/416 417/417
f 418/418 419/419 420/420
f 421/421 422/422 423/423
f 424/424 425/425 426/426
f 427/427 428/428 429/429
f 430/430 431/431 432/432
f 433/433 434/434 435/435
f 436/436 437/437 438/438
f 439/439 440/440 441/441
f 442/442 443/443 444/444
f 445/445 446/446 447/447
f 448/448 449/449 450/450
f 451/451 452/452 453/453
f 454/454 455/455 456/456
f 457/457 458/458 459/459
f 460/460 461/461 462/462
f 463/463 464/464 465/465
f 466/466 467/467 468/468
f 469/469 470/470 471/471
f 472/472 473/473 474/474
f 475/475 476/476 477/477
f 478/478 479/479 480/480
f 481/481 482/482 483/483
f 484/484 485/485 486/486
f 487/487 488/488 489/489
f 490/490 491/491 492/492
f 493/493 494/494 495/495
f 496/496 497/497 498/498
f 499/499 500/500 501/501
f 502/502 503/503 504/504
f 505/505 506/506 507/507
f 508/508 509/509 510/510
f 511/511 512/512 513/513
f 514/514 515/515 516/516
f 517/517 518/518 519/519
f 520/520 521/521 522/522
f 523/523 524/524 525/525
f 526/526 527/527 528/528
f 529/529 530/530 531/531
f 532/532 533/533 534/534
f 535/535 536/536 537/537
f 538/538 539/539 540/540
f 541/541 542/542 543/543
f 544/544 545/545 546/546
f 547/547 548/548 549/549
f 550/550 551/551 552/552
f 553/553 554/554 555/555
f 556/556 557/557 558/558
f 559/559 560/560 561/561
f 562/562 563/563 564/564
f 565/565 566/566 567/567
f 568/568 569/569 570/570
f 571/571 572/572 573/573
f 574/574 575/575 576/576
f 577/577 578/578 579/579
f 580/580 581/581 582/582
f 583/583 584/584 585/585
f 586/586 587/587 588/588
f 589/589 590/590 591/591
f 592/592 593/593 594/594
f 595/595 596/596 597/597
f 598/598 599/599 600/600
f 601/601 602/602 603/603
f 604/604 605/605 606/606
f 607/607 608/608 609/609
f 610/610 611/611 612/612
f 613/613 614/614 615/615
f 616/616 617/617 618/618
f 619/619 620/620 621/621
f 622/622 623/623 624/624
f 625/625 626/626 627/627
f 628/628 629/629 630/630
f 631/631 632/632 633/633
f 634/634 635/635 636/636
f 637/637 638/638 639/639
f 640/640 641/641 642/642
f 643/643 644/644 645/645
f 646/646 647/647 648/648
f 649/649 650/650 651/651
f 652/652 653/653 654/654
f 655/655 656/656 657/657
f 658/658 659/659 660/660
f 661/661 662/662 663/663
f 664/664 665/665 666/666
f 667/667 668/668 669/669
f 670/670 671/671 672/672
f 673/673 674/674 675/675
f 676/676 677/677 678/678
f 679/679 680/680 681/681
f 682/682 683/683 684/684
f 685/685 686/686 687/687
f 688/688 689/689 690/690
f 691/691 692/692 693/693
f 694/694 695/695 696/696
f 697/697 698/698 699/699
f 700/700 701/701 702/702
f 703/703 704/704 705/705
f 706/706 707/707 708/708
f 709/709 710/710 711/711
f 712/712 713/713 714/714
f 715/715 716/716 717/717
f 718/718 719/719 720/720
f 721/721 722/722 723/723
f 724/724 725/725 726/726
f 727/727 728/728 729/729
f 730/730 731/731 732/732
f 733/733 734/734 735/735
f 736/736 737/737 738/738
f 739/739 740/740 741/741
f 742/742 743/743 744/744
f 745/745 746/746 747/747
f 748/748 749/749 750/750
f 751/751 752/752 753/753
f 754/754 755/755 756/756
f 757/757 758/758 759/759
f 760/760 761/761 762/762
f 763/763 764/764 765/765
f 766/766 767/767 768/768
f 769/769 770/770 771/771
f 772/772 773/773 774/774
f 775/775 776/776 777/777
f 778/778 779/779 780/780
f 781/781 782/782 783/783
f 784/784 785/785 786/786
f 787/787 788/788 789/789
f 790/790 791/791 792/792
f 793/793 794/794 795/795
f 796/796 797/797 798/798
f 799/799 800/800 801/801
f 802/802 803/803 804/804
f 805/805 806/806 807/807
f 808/808 809/809 810/810
f 811/811 812/812 813/813
f 814/814 815/815 816/816
f 817/817 818/818 819/819
f 820/820 821/821 822/822
f 823/823 824/824 825/825
f 826/826 827/827 828/828
f 829/829 830/830 831/831
f 832/832 833/833 834/834
f 835/835 836/836 837/837
f 838/838 839/839 840/840
f 841/841 842/842 843/843
f 844/844 845/845 846/846
f 847/847 848/848 849/849
f 850/850 851/851 852/852
f 853/853 854/854 855/855
f 856/856 857/857 858/858
f 859/859 860/860 861/861
f 862/862 863/863 864/864
f 865/865 866/866 867/867
f 868/868 869/869 870/870
f 871/871 872/872 873/873
f 874/874 875/875 876/876
f 877/877 878/878 879/879
f 880/880 881/881 882/882
f 883/883 884/884 885/885
f 886/886 887/887 888/888
f 889/889 890/890 891/891
f 892/892 893/893 894/894
f 895/895 896/896 897/897
f 898/898 899/899 900/900
f 901/901 902/902 903/903
f 904/904 905/905 906/906
f 907/907 908/908 909/909
f 910/910 911/911 912/912
f 913/913 914/914 915/915
f 916/916 917/917 918/918
f 919/919 920/920 921/921
f 922/922 923/923 924/924
f 925/925 926/926 927/927
f 928/928 929/929 930/930
f 931/931 932/932 933/933
f 934/934 935/935 936/936
f 937/937 938/938 939/939
f 940/940 941/941 942/942
f 943/943 944/944 945/945
f 946/946 947/947 948/948
f 949/949 950/950 951/951
f 952/952 953/953 954/954
f 955/955 956/956 957/957
f 958/958 959/959 960/960
f 961/961 962/962 963/963
f 964/964 965/965 966/966
f 967/967 968/968 969/969
f 970/970 971/971 972/972
f 973/973 974/974 975/975
f 976/976 977/977 978/978
f 979/979 980/980 981/981
f 982/982 983/983 984/984
f 985/985 986/986 987/987
f 988/988 989/989 990/990
f 991/991 992/992 993/993
f 994/994 995/995 996/996
f 997/997 998/998 999/999
f 1000/1000 1001/1001 1002/1002
f 1003/1003 1004/1004 1005/1005
f 1006/1006 1007/1007 1008/1008
f 1009/1009 1010/1010 1011/1011
f 1012/1012 1013/1013 1014/1014
f 1015/1015 1016/1016 1017/1017
f 1018/1018 1019/1019 1020/1020
f 1021/1021 1022/1022 1023/1023
f 1024/1024 1025/1025 1026/1026
f 1027/1027 1028/1028 1029/1029
f 1030/1030 1031/1031 1032/1032
f 1033/1033 1034/1034 1035/1035
f 1036/1036 1037/1037 1038/1038
f 1039/1039 1040/1040 1041/1041
f 1042/1042 1043/1043 1044/1044
f 1045/1045 1046/1046 1047/1047
f 1048/1048 1049/1049 1050/1050
f 1051/1051 1052/1052 1053/1053
f 1054/1054 1055/1055 1056/1056
f 1057/1057 1058/1058 1059/1059
f 1060/1060 1061/1061 1062/1062
f 1063/1063 1064/1064 1065/1065
f 1066/1066 1067/1067 1068/1068
f 1069/1069 1070/1070 1071/1071
f 1072/1072 1073/1073 1074/1074
f 1075/1075 1076/1076 1077/1077
f 1078/1078 1079/1079 1080/1080
f 1081/1081 1082/1082 1083/1083
f 1084/1084 1085/1085 1086/1086
f 1087/1087 1088/1088 1089/1089
f 1090/1090 1091/1091 1092/1092
f 1093/1093 1094/1094 1095/1095
f 1096/1096 1097/1097 1098/1098
f 1099/1099 1100/1100 1101/1101
f 1102/1102 1103/1103 1104/1104
f 1105/1105 1106/1106 1107/1107
f 1108/1108 1109/1109 1110/1110
f 1111/1111 1112/1112 1113/1113
f 1114/1114 1115/1115 1116/1116
f 1117/1117 1118/1118 1119/1119
f 1120/1120 1121/1121 1122/1122
f 1123/1123 1124/1124 1125/1125
f 1126/1126 1127/1127 1128/1128
f 1129/1129 1130/1130 1131/1131
f 1132/1132 1133/1133 1134/1134
f 1135/1135 1136/1136 1137/1137
f 1138/1138 1139/1139 1140/1140
f 1141/1141 1142/1142 1143/1143
f 1144/1144 1145/1145 1146/1146
f 1147/1147 1148/1148 1149/1149
f 1150/1150 1151/1151 1152/1152
f 1153/1153 1154/1154 1155/1155
f 1156/1156 1157/1157 1158/1158
f 1159/1159 1160/1160 1161/1161
f 1162/1162 1163/1163 1164/1164
f 1165/1165 1166/1166 1167/1167
f 1168/1168 1169/1169 1170/1170
f 1171/1171 1172/1172 1173/1173
f 1174/1174 1175/1175 1176/1176
f 1177/1177 1178/1178 1179/1179
f 1180/1180 1181/1181 1182/1182
f 1183/1183 1184/1184 1185/1185
f 1186/1186 1187/1187 1188/1188
f 1189/1189 1190/1190 1191/1191
f 1192/1192 1193/1193 1194/1194
f 1195/1195 1196/1196 1197/1197
f 1198/1198 1199/1199 1200/1200
f 1201/1201 1202/1202 1203/1203
f 1204/1204 1205/1205 1206/1206
f 1207/1207 1208/1208 1209/1209
f 1210/1210 1211/1211 1212/1212
f 1213/1213 1214/1214 1215/1215
f 1216/1216 1217/1217 1218/1218
f 1219/1219 1220/1220 1221/1221
f 1222/1222 1223/1223 1224/1224
f 1225/1225 1226/1226 1227/1227
f 1228/1228 1229/1229 1230/1230
f 1231/1231 1232/1232 1233/1233
f 1234/1234 1235/1235 1236/1236
f 1237/1237 1238/1238 1239/1239
f 1240/1240 1241/1241 1242/1242
f 1243/1243 1244/1244 1245/1245
f 1246/1246 1247/1247 1248/1248
f 1249/1249 1250/1250 1251/1251
f 1252/1252 1253/1253 1254/1254
f 1255/1255 1256/1256 1257/1257
f 1258/1258 1259/1259 1260/1260
f 1261/1261 1262/1262 1263/1263
f 1264/1264 1265/1265 1266/1266
f 1267/1267 1268/1268 1269/1269
f 1270/1270 1271/1271 1272/1272
f 1273/1273 1274/1274 1275/1275
f 1276/1276 1277/1277 1278/1278
f 1279/1279 1280/1280 1281/1281
f 1282/1282 1283/1283 1284/1284
f 1285/1285 1286/1286 1287/1287
f 1288/1288 1289/1289 1290/1290
f 1291/1291 1292/1292 1293/1293
f 1294/1294 1295/1295 1296/1296
f 1297/1297 1298/1298 1299/1299
f 1300/1300 1301/1301 1302/1302
f 1303/1303 1304/1304 1305/1305
f 1306/1306 1307/1307 1308/1308
f 1309/1309 1310/1310 1311/1311
f 1312/1312 1313/1313 1314/1314
f 1315/1315 1316/1316 1317/1317
f 1318/1318 1319/1319 1320/1320
f 1321/1321 1322/1322 1323/1323
f 1324/1324 1325/1325 1326/1326
f 1327/1327 1328/1328 1329/1329
f 1330/1330 1331/1331 1332/1332
f 1333/1333 1334/1334 1335/1335
f 1336/1336 1337/1337 1338/1338
f 1339/1339 1340/1340 1341/1341
f 1342/1342 1343/1343 1344/1344
f 1345/1345 1346/1346 1347/1347
f 1348/1348 1349/1349 1350/1350
f 1351/1351 1352/1352 1353/1353
f 1354/1354 1355/1355 1356/1356
f 1357/1357 1358/1358 1359/1359
f 1360/1360 1361/1361 1362/1362
f 1363/1363 1364/1364 1365/1365
f 1366/1366 1367/1367 1368/1368
f 1369/1369 1370/1370 1371/1371
f 1372/1372 1373/1373 1374/1374
f 1375/1375 1376/1376 1377/1377
f 1378/1378 1379/1379 1380/1380
f 1381/1381 1382/1382 1383/1383
f 1384/1384 1385/1385 1386/1386
f 1387/1387 1388/1388 1389/1389
f 1390/1390 1391/1391 1392/1392
f 1393/1393 1394/1394 1395/1395
f 1396/1396 1397/1397 1398/1398
f 1399/1399 1400/1400 1401/1401
f 1402/1402 1403/1403 1404/1404
f 1405/1405 1406/1406 1407/1407
f 1408/1408 1409/1409 1410/1410
f 1411/1411 1412/1412 1413/1413
f 1414/1414 1415/1415 1416/1416
f 1417/1417 1418/1418 1419/1419
f 1420/1420 1421/1421 1422/1422
f 1423/1423 1424/1424 1425/1425
f 1426/1426 1427/1427 1428/1428
f 1429/1429 1430/1430 1431/1431
f 1432/1432 1433/1433 1434/1434
f 1435/1435 1436/1436 1437/1437
f 1438/1438 1439/1439 1440/1440
f 1441/1441 1442/1442 1443/1443
f 1444/1444 1445/1445 1446/1446
f 1447/1447 1448/1448 1449/1449
f 1450/1450 1451/1451 1452/1452
f 1453/1453 1454/1454 1455/1455
f 1456/1456 1457/1457 1458/1458
f 1459/1459 1460/1460 1461/1461
f 1462/1462 1463/1463 1464/1464
f 1465/1465 1466/1466 1467/1467
f 1468/1468 1469/1469 1470/1470
f 1471/1471 1472/1472 1473/1473
f 1474/1474 1475/1475 1476/1476
f 1477/1477 1478/1478 1479/1479
f 1480/1480 1481/1481 1482/1482
f 1483/1483 1484/1484 1485/1485
f 1486/1486 1487/1487 1488/1488
f 1489/1489 1490/1490 1491/1491
f 1492/1492 1493/1493 1494/1494
f 1495/1495 1496/1496 1497/1497
f 1498/1498 1499/1499 1500/1500
f 1501/1501 1502/1502 1503/1503
f 1504/1504 1505/1505 1506/1506
f 1507/1507 1508/1508 1509/1509
f 1510/1510 1511/1511 1512/1512
f 1513/1513 1514/1514 1515/1515
f 1516/1516 1517/1517 1518/1518
f 1519/1519 1520/1520 1521/1521
f 1522/1522 1523/1523 1524/1524
f 1525/1525 1526/1526 1527/1527
f 1528/1528 1529/1529 1530/1530
f 1531/1531 1532/1532 1533/1533
f 1534/1534 1535/1535 1536/1536
f 1537/1537 1538/1538 1539/1539
f 1540/1540 1541/1541 1542/1542
f 1543/1543 1544/1544 1545/1545
f 1546/1546 1547/1547 1548/1548
f 1549/1549 1550/1550 1551/1551
f 1552/1552 1553/1553 1554/1554
f 1555/1555 1556/1556 1557/1557
f 1558/1558 1559/1559 1560/1560
f 1561/1561 1562/1562 1563/1563
f 1564/1564 1565/1565 1566/1566
f 1567/1567 1568/1568 1569/1569
f 1570/1570 1571/1571 1572/1572
f 1573/1573 1574/1574 1575/1575
f 1576/1576 1577/1577 1578/1578
f 1579/1579 1580/1580 1581/1581
f 1582/1582 1583/1583 1584/1584
f 1585/1585 1586/1586 1587/1587
f 1588/1588 1589/1589 1590/1590
f 1591/1591 1592/1592 1593/1593
f 1594/1594 1595/1595 1596/1596
f 1597/1597 1598/1598 1599/1599
f 1600/1600 1601/1601 1602/1602
f 1603/1603 1604/1604 1605/1605
f 1606/1606 1607/1607 1608/1608
f 1609/1609 1610/1610 1611/1611
f 1612/1612 1613/1613 1614/1614
f 1615/1615 1616/1616 1617/1617
f 1618/1618 1619/1619 1620/1620
f 1621/1621 1622/1622 1623/1623
f 1624/1624 1625/1625 1626/1626
f 1627/1627 1628/1628 1629/1629
f 1630/1630 1631/1631 1632/1632
f 1633/1633 1634/1634 1635/1635
f 1636/1636 1637/1637 1638/1638
f 1639/1639 1640/1640 1641/1641
f 1642/1642 1643/1643 1644/1644
f 1645/1645 1646/1646 1647/1647
f 1648/1648 1649/1649 1650/1650
f 1651/1651 1652/1652 1653/1653
f 1654/1654 1655/1655 1656/1656
f 1657/1657 1658/1658 1659/1659
f 1660/1660 1661/1661 1662/1662
f 1663/1663 1664/1664 1665/1665
f 1666/1666 1667/1667 1668/1668
f 1669/1669 1670/1670 1671/1671
f 1672/1672 1673/1673 1674/1674
f 1675/1675 1676/1676 1677/1677
f 1678/1678 1679/1679 1680/1680
f 1681/1681 1682/1682 1683/1683
f 1684/1684 1685/1685 1686/1686
f 1687/1687 1688/1688 1689/1689
f 1690/1690 1691/1691 1692/1692
f 1693/1693 1694/1694 1695/1695
f 1696/1696 1697/1697 1698/1698
f 1699/1699 1700/1700 1701/1701
f 1702/1702 1703/1703 1704/1704
f 1705/1705 1706/1706 1707/1707
f 1708/1708 1709/1709 1710/1710
f 1711/1711 1712/1712 1713/1713
f 1714/1714 1715/1715 1716/1716
f 1717/1717 1718/1718 1719/1719
f 1720/1720 1721/1721 1722/1722
f 1723/1723 1724/1724 1725/1725
f 1726/1726 1727/1727 1728/1728
f 1729/1729 1730/1730 1731/1731
f 1732/1732 1733/1733 1734/1734
f 1735/1735 1736/1736 1737/1737
f 1738/1738 1739/1739 1740/1740
f 1741/1741 1742/1742 1743/1743
f 1744/1744 1745/1745 1746/1746
f 1747/1747 1748/1748 1749/1749
f 1750/1750 1751/1751 1752/1752
f 1753/1753 1754/1754 1755/1755
f 1756/1756 1757/1757 1758/1758
f 1759/1759 1760/1760 1761/1761
f 1762/1762 1763/1763 1764/1764
f 1765/1765 1766/1766 1767/1767
f 1768/1768 1769/1769 1770/1770
f 1771/1771 1772/1772 1773/1773
f 1774/1774 1775/1775 1776/1776
f 1777/1777 1778/1778 1779/1779
f 1780/1780 1781/1781 1782/1782
f 1783/1783 1784/1784 1785/1785
f 1786/1786 1787/1787 1788/1788
f 1789/1789 1790/1790 1791/1791
f 1792/1792 1793/1793 1794/1794
f 1795/1795 1796/1796 1797/1797
f 1798/1798 1799/1799 1800/1800
f 1801/1801 1802/1802 1803/1803
f 1804/1804 1805/1805 1806/1806
f 1807/1807 1808/1808 1809/1809
f 1810/1810 1811/1811 1812/1812
f 1813/1813 1814/1814 1815/1815
f 1816/1816 1817/1817 1818/1818
f 1819/1819 1820/1820 1821/1821
f 1822/1822 1823/1823 1824/1824
f 1825/1825 1826/1826 1827/1827
f 1828/1828 1829/1829 1830/1830
f 1831/1831 1832/1832 1833/1833
f 1834/1834 1835/1835 1836/1836
f 1837/1837 1838/1838 1839/1839
f 1840/1840 1841/1841 1842/1842
f 1843/1843 1844/1844 1845/1845
f 1846/1846 1847/1847 1848/1848
f 1849/1849 1850/1850 1851/1851
f 1852/1852 1853/1853 1854/1854
f 1855/1855 1856/1856 1857/1857
f 1858/1858 1859/1859 1860/1860
f 1861/1861 1862/1862 1863/1863
f 1864/1864 1865/1865 1866/1866
f 1867/1867 1868/1868 1869/1869
f 1870/1870 1871/1871 1872/1872
f 1873/1873 1874/1874 1875/1875
f 1876/1876 1877/1877 1878/1878
f 1879/1879 1880/1880 1881/1881
f 1882/1882 1883/1883 1884/1884
f 1885/1885 1886/1886 1887/1887
f 1888/1888 1889/1889 1890/1890
f 1891/1891 1892/1892 1893/1893
f 1894/1894 1895/1895 1896/1896
f 1897/1897 1898/1898 1899/1899
f 1900/1900 1901/1901 1902/1902
f 1903/1903 1904/1904 1905/1905
f 1906/1906 1907/1907 1908/1908
f 1909/1909 1910/1910 1911/1911
f 1912/1912 1913/1913 1914/1914
f 1915/1915 1916/1916 1917/1917
f 1918/1918 1919/1919 1920/1920
f 1921/1921 1922/1922 1923/1923
f 1924/1924 1925/1925 1926/1926
f 1927/1927 1928/1928 1929/1929
f 1930/1930 1931/1931 1932/1932
f 1933/1933 1934/1934 1935/1935
f 1936/1936 1937/1937 1938/1938
f 1939/1939 1940/1940 1941/1941
f 1942/1942 1943/1943 1944/1944
f 1945/1945 1946/1946 1947/1947
f 1948/1948 1949/1949 1950/1950
f 1951/1951 1952/1952 1953/1953
f 1954/1954 1955/1955 1956/1956
f 1957/1957 1958/1958 1959/1959
f 1960/1960 1961/1961 1962/1962
f 1963/1963 1964/1964 1965/1965
f 1966/1966 1967/1967 1968/1968
f 1969/1969 1970/1970 1971/1971
f 1972/1972 1973/1973 1974/1974
f 1975/1975 1976/1976 1977/1977
f 1978/1978 1979/1979 1980/1980
f 1981/1981 1982/1982 1983/1983
f 1984/1984 1985/1985 1986/1986
f 1987/1987 1988/1988 1989/1989
f 1990/1990 1991/1991 1992/1992
f 1993/1993 1994/1994 1995/1995
f 1996/1996 1997/1997 1998/1998
f 1999/1999 2000/2000 2001/2001
f 2002/2002 2003/2003 2004/2004
