v 0.511003 0.316495 0.03054
v 0.511003 0.316495 0.075539
v 0.472999 0.35446 0.075539
v 0.511003 0.316495 0.03054
v 0.472999 0.35446 0.075539
v 0.473002 0.35446 0.03054
v 0.516999 0.316447 0.075539
v 0.511003 0.316495 0.075539
v 0.511003 0.316495 0.03054
v 0.516999 0.316447 0.075539
v 0.511003 0.316495 0.03054
v 0.516999 0.316447 0.03054
v 0.472999 0.360459 0.03054
v 0.473002 0.35446 0.03054
v 0.472999 0.35446 0.075539
v 0.472999 0.360459 0.03054
v 0.472999 0.35446 0.075539
v 0.472999 0.360459 0.075539
v 0.472999 0.405461 0.081512
v 0.0665 0.405461 0.081512
v 0.0665 0.360459 0.081497
v 0.472999 0.405461 0.081512
v 0.0665 0.360459 0.081497
v 0.472999 0.360459 0.081497
v 0.516999 0.405461 0.03054
v -0.0225 0.405461 0.03054
v 0.0665 0.405461 0.081512
v 0.516999 0.405461 0.03054
v 0.0665 0.405461 0.081512
v 0.472999 0.405461 0.081512
v 0.472999 0.360459 0.03054
v 0.0225 0.360459 0.03054
v -0.0225 0.405461 0.03054
v 0.472999 0.360459 0.03054
v -0.0225 0.405461 0.03054
v 0.516999 0.405461 0.03054
v 0.472999 0.360459 0.081497
v 0.0665 0.360459 0.081497
v 0.0665 0.000453 0.081497
v 0.472999 0.360459 0.081497
v 0.0665 0.000453 0.081497
v 0.472999 0.000452 0.081497
v 0.472999 0.360459 0.075539
v 0.0225 0.360459 0.075539
v 0.0225 0.360459 0.03054
v 0.472999 0.360459 0.075539
v 0.0225 0.360459 0.03054
v 0.472999 0.360459 0.03054
v 0.5395 0.38296 -0.00046
v 0.517064 0.38296 -0.00046
v 0.523651 0.398812 -0.00046
v 0.5395 0.38296 -0.00046
v 0.523651 0.398812 -0.00046
v 0.5395 0.405398 -0.00046
v 0.562 0.405461 0.03054
v 0.54459 0.388047 0.03054
v 0.5395 0.390163 0.03054
v 0.532299 0.38296 0.03054
v 0.516999 0.405461 0.03054
v 0.534409 0.388047 0.03054
v 0.5395 0.375757 0.03054
v 0.516999 0.316447 0.03054
v 0.534409 0.377873 0.03054
v 0.562 0.405461 0.03054
v 0.5467 0.382885 0.030524
v 0.54459 0.388047 0.03054
v 0.5395 0.390163 0.03054
v 0.5395 0.390163 0.016766
v 0.534409 0.388047 0.016766
v 0.5395 0.390163 0.03054
v 0.534409 0.388047 0.016766
v 0.534409 0.388047 0.03054
v 0.534409 0.388047 0.03054
v 0.534409 0.388047 0.016766
v 0.532299 0.38296 0.016766
v 0.534409 0.388047 0.03054
v 0.532299 0.38296 0.016766
v 0.532299 0.38296 0.03054
v 0.534409 0.377873 0.03054
v 0.534409 0.377873 0.016766
v 0.5395 0.375757 0.016766
v 0.534409 0.377873 0.03054
v 0.5395 0.375757 0.016766
v 0.5395 0.375757 0.03054
v 0.5467 0.38296 0.016766
v 0.54459 0.388047 0.016766
v 0.54459 0.388047 0.03054
v 0.5467 0.38296 0.016766
v 0.54459 0.388047 0.03054
v 0.5467 0.382885 0.030524
v 0.532299 0.38296 0.016766
v 0.534409 0.377873 0.016766
v 0.534409 0.377873 0.03054
v 0.532299 0.38296 0.016766
v 0.534409 0.377873 0.03054
v 0.532299 0.38296 0.03054
v 0.5395 0.38296 -0.00046
v 0.5395 0.360525 -0.00046
v 0.523651 0.367111 -0.00046
v 0.5395 0.38296 -0.00046
v 0.523651 0.367111 -0.00046
v 0.517064 0.38296 -0.00046
v 0.54459 0.377873 0.03054
v 0.54459 0.377873 0.016766
v 0.5467 0.38296 0.016766
v 0.54459 0.377873 0.03054
v 0.5467 0.38296 0.016766
v 0.5467 0.382885 0.030524
v 0.54459 0.388047 0.03054
v 0.54459 0.388047 0.016766
v 0.5395 0.390163 0.016766
v 0.54459 0.388047 0.03054
v 0.5395 0.390163 0.016766
v 0.5395 0.390163 0.03054
v 0.5395 0.375757 0.016766
v 0.54459 0.377873 0.016766
v 0.54459 0.377873 0.03054
v 0.5395 0.375757 0.016766
v 0.54459 0.377873 0.03054
v 0.5395 0.375757 0.03054
v 0.561935 0.38296 -0.00046
v 0.555348 0.367111 -0.00046
v 0.5395 0.360525 -0.00046
v 0.561935 0.38296 -0.00046
v 0.5395 0.360525 -0.00046
v 0.5395 0.38296 -0.00046
v 0.555348 0.398812 -0.00046
v 0.561935 0.38296 -0.00046
v 0.5395 0.38296 -0.00046
v 0.555348 0.398812 -0.00046
v 0.5395 0.38296 -0.00046
v 0.5395 0.405398 -0.00046
v 0.562 0.405461 0.03054
v 0.562 0.360459 0.03054
v 0.5467 0.382885 0.030524
v 0.516999 0.405461 0.03054
v 0.5395 0.390163 0.03054
v 0.534409 0.388047 0.03054
v 0.516999 0.405461 0.03054
v 0.562 0.405461 0.03054
v 0.5395 0.390163 0.03054
v 0.532299 0.38296 0.03054
v 0.534409 0.377873 0.03054
v 0.516999 0.316447 0.03054
v 0.516999 0.316447 0.03054
v 0.472999 0.360459 0.03054
v 0.516999 0.405461 0.03054
v 0.516999 0.316447 0.03054
v 0.516999 0.405461 0.03054
v 0.532299 0.38296 0.03054
v 0.562 0.360459 0.03054
v 0.54459 0.377873 0.03054
v 0.5467 0.382885 0.030524
v 0.5395 0.375757 0.03054
v 0.54459 0.377873 0.03054
v 0.562 0.360459 0.03054
v 0.5395 0.390163 0.016766
v 0.5395 0.397113 0.016766
v 0.529504 0.392959 0.016766
v 0.5395 0.390163 0.016766
v 0.529504 0.392959 0.016766
v 0.534409 0.388047 0.016766
v 0.534409 0.388047 0.016766
v 0.529504 0.392959 0.016766
v 0.525349 0.38296 0.016766
v 0.534409 0.388047 0.016766
v 0.525349 0.38296 0.016766
v 0.532299 0.38296 0.016766
v 0.532299 0.38296 0.016766
v 0.525349 0.38296 0.016766
v 0.529504 0.372964 0.016766
v 0.532299 0.38296 0.016766
v 0.529504 0.372964 0.016766
v 0.534409 0.377873 0.016766
v 0.534409 0.377873 0.016766
v 0.529504 0.372964 0.016766
v 0.5395 0.36881 0.016766
v 0.534409 0.377873 0.016766
v 0.5395 0.36881 0.016766
v 0.5395 0.375757 0.016766
v 0.5395 0.375757 0.016766
v 0.5395 0.36881 0.016766
v 0.549495 0.372964 0.016766
v 0.5395 0.375757 0.016766
v 0.549495 0.372964 0.016766
v 0.54459 0.377873 0.016766
v 0.54459 0.377873 0.016766
v 0.549495 0.372964 0.016766
v 0.55365 0.38296 0.016766
v 0.54459 0.377873 0.016766
v 0.55365 0.38296 0.016766
v 0.5467 0.38296 0.016766
v 0.54459 0.388047 0.016766
v 0.549495 0.392959 0.016766
v 0.5395 0.397113 0.016766
v 0.54459 0.388047 0.016766
v 0.5395 0.397113 0.016766
v 0.5395 0.390163 0.016766
v 0.5467 0.38296 0.016766
v 0.55365 0.38296 0.016766
v 0.549495 0.392959 0.016766
v 0.5467 0.38296 0.016766
v 0.549495 0.392959 0.016766
v 0.54459 0.388047 0.016766
v 0.5395 0.397113 0.016766
v 0.5395 0.405398 0.006047
v 0.523651 0.398812 0.006047
v 0.5395 0.397113 0.016766
v 0.523651 0.398812 0.006047
v 0.529504 0.392959 0.016766
v 0.529504 0.392959 0.016766
v 0.523651 0.398812 0.006047
v 0.517064 0.38296 0.006047
v 0.529504 0.392959 0.016766
v 0.517064 0.38296 0.006047
v 0.525349 0.38296 0.016766
v 0.525349 0.38296 0.016766
v 0.517064 0.38296 0.006047
v 0.523651 0.367111 0.006047
v 0.525349 0.38296 0.016766
v 0.523651 0.367111 0.006047
v 0.529504 0.372964 0.016766
v 0.529504 0.372964 0.016766
v 0.523651 0.367111 0.006047
v 0.5395 0.360525 0.006047
v 0.529504 0.372964 0.016766
v 0.5395 0.360525 0.006047
v 0.5395 0.36881 0.016766
v 0.5395 0.36881 0.016766
v 0.5395 0.360525 0.006047
v 0.555348 0.367111 0.006047
v 0.5395 0.36881 0.016766
v 0.555348 0.367111 0.006047
v 0.549495 0.372964 0.016766
v 0.549495 0.372964 0.016766
v 0.555348 0.367111 0.006047
v 0.561935 0.38296 0.006047
v 0.549495 0.372964 0.016766
v 0.561935 0.38296 0.006047
v 0.55365 0.38296 0.016766
v 0.549495 0.392959 0.016766
v 0.555348 0.398812 0.006047
v 0.5395 0.405398 0.006047
v 0.549495 0.392959 0.016766
v 0.5395 0.405398 0.006047
v 0.5395 0.397113 0.016766
v 0.55365 0.38296 0.016766
v 0.561935 0.38296 0.006047
v 0.555348 0.398812 0.006047
v 0.55365 0.38296 0.016766
v 0.555348 0.398812 0.006047
v 0.549495 0.392959 0.016766
v 0.5395 0.405398 0.006047
v 0.5395 0.405398 -0.00046
v 0.523651 0.398812 -0.00046
v 0.5395 0.405398 0.006047
v 0.523651 0.398812 -0.00046
v 0.523651 0.398812 0.006047
v 0.523651 0.398812 0.006047
v 0.523651 0.398812 -0.00046
v 0.517064 0.38296 -0.00046
v 0.523651 0.398812 0.006047
v 0.517064 0.38296 -0.00046
v 0.517064 0.38296 0.006047
v 0.517064 0.38296 0.006047
v 0.517064 0.38296 -0.00046
v 0.523651 0.367111 -0.00046
v 0.517064 0.38296 0.006047
v 0.523651 0.367111 -0.00046
v 0.523651 0.367111 0.006047
v 0.523651 0.367111 0.006047
v 0.523651 0.367111 -0.00046
v 0.5395 0.360525 -0.00046
v 0.523651 0.367111 0.006047
v 0.5395 0.360525 -0.00046
v 0.5395 0.360525 0.006047
v 0.5395 0.360525 0.006047
v 0.5395 0.360525 -0.00046
v 0.555348 0.367111 -0.00046
v 0.5395 0.360525 0.006047
v 0.555348 0.367111 -0.00046
v 0.555348 0.367111 0.006047
v 0.555348 0.367111 0.006047
v 0.555348 0.367111 -0.00046
v 0.561935 0.38296 -0.00046
v 0.555348 0.367111 0.006047
v 0.561935 0.38296 -0.00046
v 0.561935 0.38296 0.006047
v 0.555348 0.398812 0.006047
v 0.555348 0.398812 -0.00046
v 0.5395 0.405398 -0.00046
v 0.555348 0.398812 0.006047
v 0.5395 0.405398 -0.00046
v 0.5395 0.405398 0.006047
v 0.561935 0.38296 0.006047
v 0.561935 0.38296 -0.00046
v 0.555348 0.398812 -0.00046
v 0.561935 0.38296 0.006047
v 0.555348 0.398812 -0.00046
v 0.555348 0.398812 0.006047
v 0.562 0.360459 0.119537
v 0.562 0.360459 0.03054
v 0.562 0.405461 0.03054
v 0.562 0.360459 0.119537
v 0.562 0.405461 0.03054
v 0.562 0.405461 0.119537
v 0.516999 0.316447 0.03054
v 0.5395 0.375757 0.03054
v 0.562 0.360459 0.03054
v 0.516999 0.360459 0.081512
v 0.472999 0.360459 0.081497
v 0.472999 0.000452 0.081497
v 0.516999 0.360459 0.081512
v 0.472999 0.000452 0.081497
v 0.516999 0.316459 0.081512
v 0.516999 0.35446 0.119478
v 0.516999 0.316459 0.081512
v 0.562 0.316459 0.081512
v 0.516999 0.35446 0.119478
v 0.562 0.316459 0.081512
v 0.562 0.35446 0.119478
v 0.562 0.316459 0.081512
v 0.562 0.360459 0.03054
v 0.562 0.360459 0.119537
v 0.562 0.316459 0.081512
v 0.562 0.360459 0.119537
v 0.562 0.35446 0.119478
v 0.511003 0.360459 0.119478
v 0.511003 0.405461 0.119478
v 0.472999 0.405461 0.081512
v 0.511003 0.360459 0.119478
v 0.472999 0.405461 0.081512
v 0.472999 0.360459 0.081497
v 0.511003 0.405461 0.119478
v 0.516999 0.405461 0.119537
v 0.516999 0.405461 0.03054
v 0.511003 0.405461 0.119478
v 0.516999 0.405461 0.03054
v 0.472999 0.405461 0.081512
v 0.516999 0.405461 0.03054
v 0.516999 0.405461 0.119537
v 0.562 0.405461 0.119537
v 0.516999 0.405461 0.03054
v 0.562 0.405461 0.119537
v 0.562 0.405461 0.03054
v 0.516999 -0.000268 0.075539
v 0.516999 0.316447 0.075539
v 0.516999 0.316447 0.03054
v 0.516999 -0.000268 0.075539
v 0.516999 0.316447 0.03054
v 0.516999 -0.000268 0.03054
v 0.562 -0.000268 0.081512
v 0.562 0.316459 0.081512
v 0.516999 0.316459 0.081512
v 0.562 -0.000268 0.081512
v 0.516999 0.316459 0.081512
v 0.472999 0.000452 0.081497
v 0.510997 -0.000268 0.075539
v 0.511003 0.316495 0.075539
v 0.516999 0.316447 0.075539
v 0.510997 -0.000268 0.075539
v 0.516999 0.316447 0.075539
v 0.516999 -0.000268 0.075539
v 0.511003 0.316495 0.03054
v 0.473002 0.35446 0.03054
v 0.472999 0.360459 0.03054
v 0.511003 0.316495 0.03054
v 0.472999 0.360459 0.03054
v 0.516999 0.316447 0.03054
v 0.562 0.360459 0.03054
v 0.562 -0.000268 0.03054
v 0.516999 -0.000268 0.03054
v 0.562 0.360459 0.03054
v 0.516999 -0.000268 0.03054
v 0.516999 0.316447 0.03054
v 0.562 0.316459 0.081512
v 0.562 -0.000268 0.081512
v 0.562 -0.000268 0.03054
v 0.562 0.316459 0.081512
v 0.562 -0.000268 0.03054
v 0.562 0.360459 0.03054
v 0.516999 0.090461 0.753331
v 0.562 0.090461 0.753331
v 0.562 0.27146 0.753331
v 0.516999 0.090461 0.753331
v 0.562 0.27146 0.753331
v 0.516999 0.360459 0.753331
v 0.516999 0.41146 0.753331
v 0.562 0.41146 0.753331
v 0.562 0.41146 0.619331
v 0.516999 0.41146 0.753331
v 0.562 0.41146 0.619331
v 0.516999 0.41146 0.619331
v 0.562 0.27743 0.702364
v 0.562 0.090461 0.702351
v 0.516999 0.090461 0.702351
v 0.562 0.27743 0.702364
v 0.516999 0.090461 0.702351
v 0.516999 0.360459 0.702351
v 0.562 0.27146 0.708337
v 0.562 0.27146 0.753331
v 0.562 0.090461 0.753331
v 0.562 0.27146 0.708337
v 0.562 0.090461 0.753331
v 0.562 0.090461 0.708337
v 0.568002 0.405461 0.619331
v 0.568002 0.405461 0.753331
v 0.568002 0.360459 0.753331
v 0.568002 0.405461 0.619331
v 0.568002 0.360459 0.753331
v 0.568002 0.360459 0.619331
v 0.516999 0.090461 0.753331
v 0.516999 0.360459 0.753331
v -0.0225 0.360459 0.753331
v 0.516999 0.090461 0.753331
v -0.0225 0.360459 0.753331
v 0.066483 0.090461 0.753331
v 0.428 0.405461 0.753331
v -0.0225 0.405461 0.753331
v -0.0225 0.360459 0.753331
v 0.428 0.405461 0.753331
v -0.0225 0.360459 0.753331
v 0.516999 0.360459 0.753331
v 0.428 0.405461 0.708337
v 0.0225 0.405461 0.708337
v -0.0225 0.405461 0.753331
v 0.428 0.405461 0.708337
v -0.0225 0.405461 0.753331
v 0.428 0.405461 0.753331
v 0.472948 0.360459 0.708337
v 0.0225 0.360459 0.708337
v 0.0225 0.405461 0.708337
v 0.472948 0.360459 0.708337
v 0.0225 0.405461 0.708337
v 0.428 0.405461 0.708337
v 0.516999 0.090461 0.753331
v 0.066483 0.090461 0.753331
v 0.066483 0.090461 0.708331
v 0.516999 0.090461 0.753331
v 0.066483 0.090461 0.708331
v 0.472948 0.090461 0.708337
v 0.516999 0.405461 0.708337
v 0.516999 0.405461 0.619331
v 0.516999 0.360459 0.702351
v 0.516999 0.405461 0.708337
v 0.516999 0.360459 0.702351
v 0.516999 0.360459 0.708337
v 0.568002 0.360459 0.619331
v 0.568002 0.360459 0.753331
v 0.568002 0.27146 0.753331
v 0.568002 0.360459 0.619331
v 0.568002 0.27146 0.753331
v 0.568002 0.27146 0.708337
v 0.562 0.360459 0.702351
v 0.562 0.27743 0.702364
v 0.516999 0.360459 0.702351
v 0.516999 0.360459 0.753331
v 0.568002 0.360459 0.753331
v 0.568002 0.405461 0.753331
v 0.516999 0.360459 0.753331
v 0.568002 0.405461 0.753331
v 0.562 0.405461 0.753331
v 0.562 0.405461 0.753331
v 0.568002 0.405461 0.753331
v 0.568002 0.405461 0.619331
v 0.562 0.405461 0.753331
v 0.568002 0.405461 0.619331
v 0.562 0.405461 0.619331
v 0.562 0.405461 0.619331
v 0.568002 0.405461 0.619331
v 0.568002 0.360459 0.619331
v 0.562 0.405461 0.619331
v 0.568002 0.360459 0.619331
v 0.562 0.360459 0.619331
v 0.568002 0.360459 0.619331
v 0.568002 0.27146 0.708337
v 0.562 0.27743 0.702364
v 0.568002 0.360459 0.619331
v 0.562 0.27743 0.702364
v 0.562 0.360459 0.619331
v 0.562 0.27146 0.708337
v 0.568002 0.27146 0.708337
v 0.568002 0.27146 0.753331
v 0.562 0.27146 0.708337
v 0.568002 0.27146 0.753331
v 0.562 0.27146 0.753331
v 0.562 0.27146 0.753331
v 0.568002 0.27146 0.753331
v 0.568002 0.360459 0.753331
v 0.562 0.27146 0.753331
v 0.568002 0.360459 0.753331
v 0.516999 0.360459 0.753331
v 0.562 0.360459 0.619331
v 0.562 0.27743 0.702364
v 0.562 0.360459 0.702351
v 0.516999 0.090461 0.753331
v 0.472948 0.090461 0.708337
v 0.516999 0.090461 0.708337
v 0.516999 0.090461 0.702351
v 0.472948 0.090461 0.702351
v 0.472948 0.360459 0.702351
v 0.516999 0.090461 0.702351
v 0.472948 0.360459 0.702351
v 0.516999 0.360459 0.702351
v 0.516999 0.360459 0.708337
v 0.472948 0.360459 0.708337
v 0.428 0.405461 0.708337
v 0.516999 0.360459 0.708337
v 0.428 0.405461 0.708337
v 0.516999 0.405461 0.708337
v 0.428 0.41146 0.708337
v 0.428 0.41146 0.753331
v 0.516999 0.41146 0.753331
v 0.428 0.41146 0.708337
v 0.516999 0.41146 0.753331
v 0.516999 0.41146 0.619331
v 0.562 0.405461 0.619331
v 0.562 0.41146 0.619331
v 0.562 0.41146 0.753331
v 0.562 0.405461 0.619331
v 0.562 0.41146 0.753331
v 0.562 0.405461 0.753331
v 0.562 0.405461 0.753331
v 0.562 0.41146 0.753331
v 0.516999 0.41146 0.753331
v 0.562 0.405461 0.753331
v 0.516999 0.41146 0.753331
v 0.516999 0.360459 0.753331
v 0.516999 0.405461 0.619331
v 0.516999 0.41146 0.619331
v 0.562 0.41146 0.619331
v 0.516999 0.405461 0.619331
v 0.562 0.41146 0.619331
v 0.562 0.405461 0.619331
v 0.428 0.405461 0.753331
v 0.428 0.41146 0.753331
v 0.428 0.41146 0.708337
v 0.428 0.405461 0.753331
v 0.428 0.41146 0.708337
v 0.428 0.405461 0.708337
v 0.516999 0.41146 0.619331
v 0.516999 0.405461 0.619331
v 0.428 0.405461 0.708337
v 0.516999 0.41146 0.619331
v 0.428 0.405461 0.708337
v 0.428 0.41146 0.708337
v 0.516999 0.360459 0.702351
v 0.516999 0.360459 0.619331
v 0.562 0.360459 0.619331
v 0.516999 0.360459 0.702351
v 0.562 0.360459 0.619331
v 0.562 0.360459 0.702351
v 0.568002 0.27146 0.708337
v 0.562 0.27146 0.708337
v 0.562 0.27743 0.702364
v 0.516999 0.405461 0.619331
v 0.516999 0.405461 0.708337
v 0.428 0.405461 0.708337
v 0.516999 0.41146 0.753331
v 0.428 0.41146 0.753331
v 0.428 0.405461 0.753331
v 0.516999 0.41146 0.753331
v 0.428 0.405461 0.753331
v 0.516999 0.360459 0.753331
v 0.516999 0.090461 0.708337
v 0.516999 0.090461 0.702351
v 0.562 0.090461 0.702351
v 0.516999 0.090461 0.708337
v 0.562 0.090461 0.702351
v 0.562 0.090461 0.708337
v 0.562 0.090461 0.708337
v 0.562 0.090461 0.702351
v 0.562 0.27743 0.702364
v 0.562 0.090461 0.708337
v 0.562 0.27743 0.702364
v 0.562 0.27146 0.708337
v 0.472948 0.360459 0.708337
v 0.472948 0.360459 0.702351
v 0.472948 0.090461 0.702351
v 0.472948 0.360459 0.708337
v 0.472948 0.090461 0.702351
v 0.472948 0.090461 0.708337
v 0.472948 0.090461 0.708337
v 0.472948 0.090461 0.702351
v 0.516999 0.090461 0.702351
v 0.472948 0.090461 0.708337
v 0.516999 0.090461 0.702351
v 0.516999 0.090461 0.708337
v 0.516999 0.360459 0.708337
v 0.516999 0.360459 0.702351
v 0.472948 0.360459 0.702351
v 0.516999 0.360459 0.708337
v 0.472948 0.360459 0.702351
v 0.472948 0.360459 0.708337
v 0.516999 0.405461 0.619331
v 0.516999 0.360459 0.619331
v 0.516999 0.360459 0.702351
v 0.472948 0.090461 0.708337
v 0.066483 0.090461 0.708331
v 0.0225 0.360459 0.708337
v 0.472948 0.090461 0.708337
v 0.0225 0.360459 0.708337
v 0.472948 0.360459 0.708337
v 0.0285 -0.315574 0.075539
v 0.0665 -0.353539 0.075539
v 0.0665 -0.353539 0.03054
v 0.0285 -0.315574 0.075539
v 0.0665 -0.353539 0.03054
v 0.0285 -0.315574 0.03054
v 0.0225 -0.315541 0.03054
v 0.0225 -0.315535 0.075539
v 0.0285 -0.315574 0.075539
v 0.0225 -0.315541 0.03054
v 0.0285 -0.315574 0.075539
v 0.0285 -0.315574 0.03054
v 0.0665 -0.359541 0.075539
v 0.0665 -0.359541 0.03054
v 0.0665 -0.353539 0.03054
v 0.0665 -0.359541 0.075539
v 0.0665 -0.353539 0.03054
v 0.0665 -0.353539 0.075539
v 0.0285 -0.315574 0.03054
v 0.0665 -0.353539 0.03054
v 0.0665 -0.359541 0.03054
v 0.0285 -0.315574 0.03054
v 0.0665 -0.359541 0.03054
v 0.0225 -0.315541 0.03054
v 0.568002 -0.40454 0.708337
v 0.568002 -0.270539 0.708337
v 0.568002 -0.27054 0.753331
v 0.568002 -0.40454 0.708337
v 0.568002 -0.27054 0.753331
v 0.568002 -0.40454 0.753331
v 0.562 -0.40454 0.619331
v 0.562 -0.359541 0.619331
v 0.568002 -0.359538 0.619331
v 0.562 -0.40454 0.619331
v 0.568002 -0.359538 0.619331
v 0.568002 -0.40454 0.619331
v 0.568002 -0.359538 0.619331
v 0.562 -0.359541 0.619331
v 0.562 -0.270539 0.708337
v 0.568002 -0.359538 0.619331
v 0.562 -0.270539 0.708337
v 0.568002 -0.270539 0.708337
v 0.562 -0.270539 0.708337
v 0.562 -0.27054 0.753331
v 0.568002 -0.27054 0.753331
v 0.562 -0.270539 0.708337
v 0.568002 -0.27054 0.753331
v 0.568002 -0.270539 0.708337
v 0.562 -0.27054 0.753331
v 0.562 -0.40454 0.753331
v 0.568002 -0.40454 0.753331
v 0.562 -0.27054 0.753331
v 0.568002 -0.40454 0.753331
v 0.568002 -0.27054 0.753331
v 0.562 -0.359541 0.619331
v 0.562 -0.359541 0.708337
v 0.562 -0.270539 0.708337
v 0.568002 -0.359538 0.619331
v 0.568002 -0.270539 0.708337
v 0.568002 -0.40454 0.708337
v 0.568002 -0.359538 0.619331
v 0.568002 -0.40454 0.708337
v 0.568002 -0.40454 0.619331
v 0.472975 -0.359541 0.708337
v 0.516999 -0.359541 0.708337
v 0.516999 -0.40454 0.708337
v 0.472975 -0.359541 0.708337
v 0.516999 -0.40454 0.708337
v 0.428 -0.40454 0.708337
v 0.562 -0.40454 0.753331
v 0.516999 -0.359541 0.753331
v 0.472975 -0.359541 0.753331
v 0.562 -0.40454 0.753331
v 0.472975 -0.359541 0.753331
v 0.428 -0.40454 0.753331
v 0.516999 -0.40454 0.619331
v 0.562 -0.40454 0.619331
v 0.562 -0.410539 0.619331
v 0.516999 -0.40454 0.619331
v 0.562 -0.410539 0.619331
v 0.516999 -0.410539 0.619331
v 0.428 -0.40454 0.753331
v 0.428 -0.40454 0.708337
v 0.428 -0.410539 0.708337
v 0.428 -0.40454 0.753331
v 0.428 -0.410539 0.708337
v 0.428 -0.410539 0.753331
v 0.516999 -0.410539 0.619331
v 0.428 -0.410539 0.708337
v 0.428 -0.40454 0.708337
v 0.516999 -0.410539 0.619331
v 0.428 -0.40454 0.708337
v 0.516999 -0.40454 0.619331
v 0.516999 -0.40454 0.619331
v 0.428 -0.40454 0.708337
v 0.516999 -0.40454 0.708337
v 0.516999 -0.410539 0.619331
v 0.562 -0.410539 0.619331
v 0.562 -0.410539 0.708337
v 0.516999 -0.410539 0.619331
v 0.562 -0.410539 0.708337
v 0.428 -0.410539 0.708337
v 0.516999 -0.40454 0.708337
v 0.516999 -0.359541 0.708337
v 0.516999 -0.359541 0.619331
v 0.516999 -0.40454 0.708337
v 0.516999 -0.359541 0.619331
v 0.516999 -0.40454 0.619331
v 0.516999 -0.359541 0.708337
v 0.562 -0.359541 0.708337
v 0.562 -0.359541 0.619331
v 0.516999 -0.359541 0.708337
v 0.562 -0.359541 0.619331
v 0.516999 -0.359541 0.619331
v 0.428 -0.410539 0.753331
v 0.562 -0.410539 0.753331
v 0.562 -0.40454 0.753331
v 0.428 -0.410539 0.753331
v 0.562 -0.40454 0.753331
v 0.428 -0.40454 0.753331
v 0.562 -0.410539 0.708337
v 0.562 -0.410539 0.753331
v 0.428 -0.410539 0.753331
v 0.562 -0.410539 0.708337
v 0.428 -0.410539 0.753331
v 0.428 -0.410539 0.708337
v 0.0225 -0.359541 0.753331
v -0.0225 -0.40454 0.753331
v 0.428 -0.40454 0.753331
v 0.0225 -0.359541 0.753331
v 0.428 -0.40454 0.753331
v 0.472975 -0.359541 0.753331
v -0.0225 -0.40454 0.753331
v -0.02096 -0.40454 0.708337
v 0.428 -0.40454 0.708337
v -0.0225 -0.40454 0.753331
v 0.428 -0.40454 0.708337
v 0.428 -0.40454 0.753331
v -0.02096 -0.40454 0.708337
v 0.0225 -0.359541 0.708337
v 0.472975 -0.359541 0.708337
v -0.02096 -0.40454 0.708337
v 0.472975 -0.359541 0.708337
v 0.428 -0.40454 0.708337
v 0.562 0.090461 0.708337
v 0.562 -0.270539 0.708337
v 0.516999 -0.315541 0.708337
v 0.562 0.090461 0.708337
v 0.516999 -0.315541 0.708337
v 0.516999 0.090461 0.708337
v 0.516999 0.090461 0.708337
v 0.516999 -0.315541 0.708337
v 0.516999 -0.315541 0.753331
v 0.516999 0.090461 0.708337
v 0.516999 -0.315541 0.753331
v 0.516999 0.090461 0.753331
v 0.562 -0.27054 0.753331
v 0.562 0.090461 0.753331
v 0.516999 0.090461 0.753331
v 0.562 -0.27054 0.753331
v 0.516999 0.090461 0.753331
v 0.516999 -0.315541 0.753331
v 0.562 0.090461 0.753331
v 0.562 -0.27054 0.753331
v 0.562 -0.270539 0.708337
v 0.562 0.090461 0.753331
v 0.562 -0.270539 0.708337
v 0.562 0.090461 0.708337
v 0.516999 -0.40454 0.119509
v 0.562 -0.40454 0.119508
v 0.562 -0.40454 0.619331
v 0.516999 -0.40454 0.119509
v 0.562 -0.40454 0.619331
v 0.516999 -0.40454 0.619331
v 0.562 -0.359541 0.619331
v 0.562 -0.40454 0.619331
v 0.562 -0.40454 0.119508
v 0.562 -0.359541 0.619331
v 0.562 -0.40454 0.119508
v 0.562 -0.359541 0.119509
v 0.0665 -0.359541 0.081512
v 0.0665 -0.40454 0.081512
v 0.472999 -0.40454 0.081497
v 0.0665 -0.359541 0.081512
v 0.472999 -0.40454 0.081497
v 0.472999 -0.359541 0.081497
v 0.472999 -0.40454 0.081497
v 0.0665 -0.40454 0.081512
v 0.0665 -0.40454 0.03054
v 0.472999 -0.40454 0.081497
v 0.0665 -0.40454 0.03054
v 0.516999 -0.40454 0.030525
v 0.472996 -0.359541 0.030525
v 0.516999 -0.40454 0.030525
v 0.0665 -0.40454 0.03054
v 0.472996 -0.359541 0.030525
v 0.0665 -0.40454 0.03054
v 0.0665 -0.359541 0.03054
v 0.0285 0.35446 0.075539
v 0.0225 0.360459 0.075539
v 0.472999 0.360459 0.075539
v 0.0285 0.35446 0.075539
v 0.472999 0.360459 0.075539
v 0.472999 0.35446 0.075539
v 0.0665 -0.359541 0.075539
v 0.472996 -0.359541 0.075525
v 0.472996 -0.359541 0.030525
v 0.0665 -0.359541 0.075539
v 0.472996 -0.359541 0.030525
v 0.0665 -0.359541 0.03054
v 0.492015 -0.33454 0.708337
v 0.492015 -0.33454 0.753331
v 0.511003 -0.315541 0.753331
v 0.492015 -0.33454 0.708337
v 0.511003 -0.315541 0.753331
v 0.511003 -0.315541 0.708337
v 0.472975 -0.359541 0.753331
v 0.473034 -0.353539 0.753331
v 0.473034 -0.353539 0.708337
v 0.472975 -0.359541 0.753331
v 0.473034 -0.353539 0.708337
v 0.472975 -0.359541 0.708337
v 0.472975 -0.359541 0.708337
v 0.494987 -0.337541 0.708337
v 0.516999 -0.315541 0.708337
v 0.472975 -0.359541 0.708337
v 0.516999 -0.315541 0.708337
v 0.516999 -0.359541 0.708337
v 0.516999 -0.315541 0.708337
v 0.511003 -0.315541 0.708337
v 0.511003 -0.315541 0.753331
v 0.516999 -0.315541 0.708337
v 0.511003 -0.315541 0.753331
v 0.516999 -0.315541 0.753331
v 0.492015 -0.33454 0.753331
v 0.494987 -0.337541 0.753331
v 0.516999 -0.315541 0.753331
v 0.492015 -0.33454 0.753331
v 0.516999 -0.315541 0.753331
v 0.511003 -0.315541 0.753331
v 0.562 -0.359541 0.708337
v 0.516999 -0.359541 0.708337
v 0.516999 -0.315541 0.708337
v 0.562 -0.359541 0.708337
v 0.516999 -0.315541 0.708337
v 0.562 -0.270539 0.708337
v 0.516999 -0.315541 0.753331
v 0.516999 -0.359541 0.753331
v 0.562 -0.40454 0.753331
v 0.516999 -0.315541 0.753331
v 0.562 -0.40454 0.753331
v 0.562 -0.27054 0.753331
v 0.0225 0.405461 0.708337
v 0.0225 0.360459 0.708337
v 0.0225 0.360459 0.125511
v 0.0225 0.405461 0.708337
v 0.0225 0.360459 0.125511
v 0.0225 0.405461 0.125511
v 0.516999 -0.315544 0.081497
v 0.562 -0.315544 0.081497
v 0.562 -0.000268 0.081512
v 0.516999 -0.315544 0.081497
v 0.562 -0.000268 0.081512
v 0.472999 0.000452 0.081497
v 0.0225 0.360459 0.075539
v 0.0225 -0.000267 0.075539
v 0.0225 -0.000268 0.03054
v 0.0225 0.360459 0.075539
v 0.0225 -0.000268 0.03054
v 0.0225 0.360459 0.03054
v 0.516999 -0.315538 0.030525
v 0.516999 -0.315538 0.075525
v 0.516999 -0.000268 0.075539
v 0.516999 -0.315538 0.030525
v 0.516999 -0.000268 0.075539
v 0.516999 -0.000268 0.03054
v 0.472996 -0.359541 0.075525
v 0.0665 -0.359541 0.075539
v 0.0665 -0.353539 0.075539
v 0.472996 -0.359541 0.075525
v 0.0665 -0.353539 0.075539
v 0.473008 -0.353539 0.075525
v 0.516999 -0.315538 0.075525
v 0.511003 -0.315559 0.075525
v 0.510997 -0.000268 0.075539
v 0.516999 -0.315538 0.075525
v 0.510997 -0.000268 0.075539
v 0.516999 -0.000268 0.075539
v 0.516999 -0.359541 0.081497
v 0.516999 -0.315544 0.081497
v 0.472999 0.000452 0.081497
v 0.516999 -0.359541 0.081497
v 0.472999 0.000452 0.081497
v 0.472999 -0.359541 0.081497
v -0.0225 -0.359541 0.081512
v -0.0225 -0.40454 0.081512
v 0.0665 -0.40454 0.081512
v -0.0225 -0.359541 0.081512
v 0.0665 -0.40454 0.081512
v 0.0665 -0.359541 0.081512
v -0.0225 0.360459 0.081497
v -0.0225 0.000453 0.081497
v 0.0665 0.000453 0.081497
v -0.0225 0.360459 0.081497
v 0.0665 0.000453 0.081497
v 0.0665 0.360459 0.081497
v 0.0665 0.405461 0.081512
v -0.0225 0.405461 0.03054
v -0.0225 0.405461 0.081512
v 0.0665 0.405461 0.081512
v -0.0225 0.405461 0.081512
v 0.0225 0.405461 0.125511
v 0.0285 0.35446 0.075539
v 0.0285 -0.000268 0.075539
v 0.0225 -0.000267 0.075539
v 0.0285 0.35446 0.075539
v 0.0225 -0.000267 0.075539
v 0.0225 0.360459 0.075539
v -0.511003 0.316495 0.03054
v -0.473002 0.35446 0.03054
v -0.473002 0.35446 0.075539
v -0.511003 0.316495 0.03054
v -0.473002 0.35446 0.075539
v -0.511003 0.316495 0.075539
v -0.516999 0.316447 0.075539
v -0.516999 0.316447 0.03054
v -0.511003 0.316495 0.03054
v -0.516999 0.316447 0.075539
v -0.511003 0.316495 0.03054
v -0.511003 0.316495 0.075539
v -0.472999 0.360459 0.03054
v -0.472999 0.360459 0.075539
v -0.473002 0.35446 0.075539
v -0.472999 0.360459 0.03054
v -0.473002 0.35446 0.075539
v -0.473002 0.35446 0.03054
v -0.02096 -0.40454 0.708337
v -0.0225 -0.40454 0.753331
v -0.0665 -0.40454 0.753331
v -0.02096 -0.40454 0.708337
v -0.0665 -0.40454 0.753331
v -0.0665 -0.40454 0.708337
v -0.066467 -0.353539 0.708337
v -0.066467 -0.353539 0.753331
v -0.0285 -0.315541 0.753331
v -0.066467 -0.353539 0.708337
v -0.0285 -0.315541 0.753331
v -0.0285 -0.315541 0.708337
v -0.0665 -0.359541 0.753331
v -0.066467 -0.353539 0.753331
v -0.066467 -0.353539 0.708337
v -0.0665 -0.359541 0.753331
v -0.066467 -0.353539 0.708337
v -0.0665 -0.359541 0.708337
v -0.066467 -0.353539 0.708337
v -0.0285 -0.315541 0.708337
v -0.0225 -0.315541 0.708337
v -0.066467 -0.353539 0.708337
v -0.0225 -0.315541 0.708337
v -0.0665 -0.359541 0.708337
v -0.0225 -0.315541 0.708337
v -0.0285 -0.315541 0.708337
v -0.0285 -0.315541 0.753331
v -0.0225 -0.315541 0.708337
v -0.0285 -0.315541 0.753331
v -0.0225 -0.315541 0.753331
v -0.066467 -0.353539 0.753331
v -0.0665 -0.359541 0.753331
v -0.0225 -0.315541 0.753331
v -0.066467 -0.353539 0.753331
v -0.0225 -0.315541 0.753331
v -0.0285 -0.315541 0.753331
v -0.516999 0.090461 0.753331
v -0.516999 0.360459 0.753331
v -0.562 0.27146 0.753331
v -0.516999 0.090461 0.753331
v -0.562 0.27146 0.753331
v -0.562 0.090461 0.753331
v -0.516999 0.41146 0.753331
v -0.516999 0.41146 0.619331
v -0.562 0.41146 0.619331
v -0.516999 0.41146 0.753331
v -0.562 0.41146 0.619331
v -0.562 0.41146 0.753331
v -0.562 0.27743 0.702364
v -0.516999 0.360459 0.702351
v -0.516999 0.090461 0.702351
v -0.562 0.27743 0.702364
v -0.516999 0.090461 0.702351
v -0.562 0.090461 0.702351
v -0.562 0.27146 0.708337
v -0.562 0.090461 0.708337
v -0.562 0.090461 0.753331
v -0.562 0.27146 0.708337
v -0.562 0.090461 0.753331
v -0.562 0.27146 0.753331
v -0.568002 0.405461 0.619331
v -0.568002 0.360459 0.619331
v -0.568002 0.360459 0.753331
v -0.568002 0.405461 0.619331
v -0.568002 0.360459 0.753331
v -0.568002 0.405461 0.753331
v -0.516999 0.090461 0.753331
v -0.0225 0.090461 0.753331
v -0.0225 0.360459 0.753331
v -0.516999 0.090461 0.753331
v -0.0225 0.360459 0.753331
v -0.516999 0.360459 0.753331
v -0.428 0.405461 0.753331
v -0.516999 0.360459 0.753331
v -0.0225 0.360459 0.753331
v -0.428 0.405461 0.753331
v -0.0225 0.360459 0.753331
v -0.0225 0.405461 0.753331
v -0.428 0.405461 0.708337
v -0.428 0.405461 0.753331
v -0.0225 0.405461 0.753331
v -0.428 0.405461 0.708337
v -0.0225 0.405461 0.753331
v -0.0665 0.405461 0.708337
v -0.472948 0.360459 0.708337
v -0.428 0.405461 0.708337
v -0.0665 0.405461 0.708337
v -0.472948 0.360459 0.708337
v -0.0665 0.405461 0.708337
v -0.0665 0.360459 0.708337
v 0.066483 0.090461 0.708331
v -0.0225 0.090461 0.708337
v -0.0665 0.360459 0.708337
v 0.066483 0.090461 0.708331
v -0.0665 0.360459 0.708337
v 0.0225 0.360459 0.708337
v -0.516999 0.090461 0.753331
v -0.472948 0.090461 0.708337
v -0.0225 0.090461 0.708337
v -0.516999 0.090461 0.753331
v -0.0225 0.090461 0.708337
v -0.0225 0.090461 0.753331
v -0.562 0.090461 0.708337
v -0.516999 0.090461 0.708337
v -0.516999 -0.315541 0.708337
v -0.562 0.090461 0.708337
v -0.516999 -0.315541 0.708337
v -0.562 -0.270539 0.708337
v -0.516999 0.090461 0.708337
v -0.516999 0.090461 0.753331
v -0.516999 -0.315541 0.753331
v -0.516999 0.090461 0.708337
v -0.516999 -0.315541 0.753331
v -0.516999 -0.315541 0.708337
v -0.562 -0.27054 0.753331
v -0.516999 -0.315541 0.753331
v -0.516999 0.090461 0.753331
v -0.562 -0.27054 0.753331
v -0.516999 0.090461 0.753331
v -0.562 0.090461 0.753331
v -0.562 0.090461 0.753331
v -0.562 0.090461 0.708337
v -0.562 -0.270539 0.708337
v -0.562 0.090461 0.753331
v -0.562 -0.270539 0.708337
v -0.562 -0.27054 0.753331
v -0.0225 0.090461 0.708337
v 0.066483 0.090461 0.708331
v 0.0225 0.04646 0.708337
v -0.516999 0.405461 0.708337
v -0.516999 0.360459 0.708337
v -0.516999 0.360459 0.702351
v -0.516999 0.405461 0.708337
v -0.516999 0.360459 0.702351
v -0.516999 0.405461 0.619331
v -0.516999 -0.40454 0.119509
v -0.516999 -0.40454 0.619331
v -0.562 -0.40454 0.619331
v -0.516999 -0.40454 0.119509
v -0.562 -0.40454 0.619331
v -0.562 -0.40454 0.119508
v -0.562 -0.359541 0.619331
v -0.562 -0.359541 0.119509
v -0.562 -0.40454 0.119508
v -0.562 -0.359541 0.619331
v -0.562 -0.40454 0.119508
v -0.562 -0.40454 0.619331
v -0.472999 0.405461 0.081512
v -0.472999 0.360459 0.081497
v -0.0225 0.360459 0.081497
v -0.472999 0.405461 0.081512
v -0.0225 0.360459 0.081497
v -0.0225 0.405461 0.081512
v -0.516999 0.405461 0.03054
v -0.472999 0.405461 0.081512
v -0.0225 0.405461 0.081512
v -0.516999 0.405461 0.03054
v -0.0225 0.405461 0.081512
v -0.0225 0.405461 0.03054
v -0.472999 0.360459 0.03054
v -0.516999 0.405461 0.03054
v -0.0225 0.405461 0.03054
v -0.472999 0.360459 0.03054
v -0.0225 0.405461 0.03054
v -0.0665 0.360459 0.03054
v -0.516999 -0.40454 0.03052
v -0.472999 -0.359541 0.03052
v -0.0225 -0.359541 0.03054
v -0.516999 -0.40454 0.03052
v -0.0225 -0.359541 0.03054
v -0.0225 -0.40454 0.03054
v -0.472999 0.360459 0.081497
v -0.472999 -0.001204 0.081512
v -0.0225 0.000453 0.081497
v -0.472999 0.360459 0.081497
v -0.0225 0.000453 0.081497
v -0.0225 0.360459 0.081497
v -0.473002 0.35446 0.075539
v -0.472999 0.360459 0.075539
v -0.0665 0.360459 0.075539
v -0.473002 0.35446 0.075539
v -0.0665 0.360459 0.075539
v -0.0665 0.35446 0.075539
v -0.472999 0.360459 0.075539
v -0.472999 0.360459 0.03054
v -0.0665 0.360459 0.03054
v -0.472999 0.360459 0.075539
v -0.0665 0.360459 0.03054
v -0.0665 0.360459 0.075539
v -0.472999 -0.359541 0.03052
v -0.472999 -0.359541 0.075521
v -0.0225 -0.359541 0.075539
v -0.472999 -0.359541 0.03052
v -0.0225 -0.359541 0.075539
v -0.0225 -0.359541 0.03054
v -0.5395 0.38296 -0.00046
v -0.5395 0.405398 -0.00046
v -0.523651 0.398812 -0.00046
v -0.5395 0.38296 -0.00046
v -0.523651 0.398812 -0.00046
v -0.517064 0.38296 -0.00046
v -0.562 0.405461 0.03054
v -0.5395 0.390163 0.03054
v -0.54459 0.388047 0.03054
v -0.532299 0.38296 0.03054
v -0.534409 0.388047 0.03054
v -0.516999 0.405461 0.03054
v -0.5395 0.375757 0.03054
v -0.534409 0.377873 0.03054
v -0.516999 0.316447 0.03054
v -0.562 0.405461 0.03054
v -0.54459 0.388047 0.03054
v -0.5467 0.382885 0.030524
v -0.5395 0.390163 0.03054
v -0.534409 0.388047 0.03054
v -0.534409 0.388047 0.016766
v -0.5395 0.390163 0.03054
v -0.534409 0.388047 0.016766
v -0.5395 0.390163 0.016766
v -0.534409 0.388047 0.03054
v -0.532299 0.38296 0.03054
v -0.532299 0.38296 0.016766
v -0.534409 0.388047 0.03054
v -0.532299 0.38296 0.016766
v -0.534409 0.388047 0.016766
v -0.534409 0.377873 0.03054
v -0.5395 0.375757 0.03054
v -0.5395 0.375757 0.016766
v -0.534409 0.377873 0.03054
v -0.5395 0.375757 0.016766
v -0.534409 0.377873 0.016766
v -0.5467 0.38296 0.016766
v -0.5467 0.382885 0.030524
v -0.54459 0.388047 0.03054
v -0.5467 0.38296 0.016766
v -0.54459 0.388047 0.03054
v -0.54459 0.388047 0.016766
v -0.532299 0.38296 0.016766
v -0.532299 0.38296 0.03054
v -0.534409 0.377873 0.03054
v -0.532299 0.38296 0.016766
v -0.534409 0.377873 0.03054
v -0.534409 0.377873 0.016766
v -0.5395 0.38296 -0.00046
v -0.517064 0.38296 -0.00046
v -0.523651 0.367111 -0.00046
v -0.5395 0.38296 -0.00046
v -0.523651 0.367111 -0.00046
v -0.5395 0.360525 -0.00046
v -0.54459 0.377873 0.03054
v -0.5467 0.382885 0.030524
v -0.5467 0.38296 0.016766
v -0.54459 0.377873 0.03054
v -0.5467 0.38296 0.016766
v -0.54459 0.377873 0.016766
v -0.54459 0.388047 0.03054
v -0.5395 0.390163 0.03054
v -0.5395 0.390163 0.016766
v -0.54459 0.388047 0.03054
v -0.5395 0.390163 0.016766
v -0.54459 0.388047 0.016766
v -0.5395 0.375757 0.016766
v -0.5395 0.375757 0.03054
v -0.54459 0.377873 0.03054
v -0.5395 0.375757 0.016766
v -0.54459 0.377873 0.03054
v -0.54459 0.377873 0.016766
v -0.561935 0.38296 -0.00046
v -0.5395 0.38296 -0.00046
v -0.5395 0.360525 -0.00046
v -0.561935 0.38296 -0.00046
v -0.5395 0.360525 -0.00046
v -0.555348 0.367111 -0.00046
v -0.555348 0.398812 -0.00046
v -0.5395 0.405398 -0.00046
v -0.5395 0.38296 -0.00046
v -0.555348 0.398812 -0.00046
v -0.5395 0.38296 -0.00046
v -0.561935 0.38296 -0.00046
v -0.562 0.405461 0.03054
v -0.5467 0.382885 0.030524
v -0.562 0.360459 0.03054
v -0.516999 0.405461 0.03054
v -0.534409 0.388047 0.03054
v -0.5395 0.390163 0.03054
v -0.516999 0.405461 0.03054
v -0.5395 0.390163 0.03054
v -0.562 0.405461 0.03054
v -0.532299 0.38296 0.03054
v -0.516999 0.316447 0.03054
v -0.534409 0.377873 0.03054
v -0.516999 0.316447 0.03054
v -0.532299 0.38296 0.03054
v -0.516999 0.405461 0.03054
v -0.516999 0.316447 0.03054
v -0.516999 0.405461 0.03054
v -0.472999 0.360459 0.03054
v -0.562 0.360459 0.03054
v -0.5467 0.382885 0.030524
v -0.54459 0.377873 0.03054
v -0.5395 0.375757 0.03054
v -0.562 0.360459 0.03054
v -0.54459 0.377873 0.03054
v -0.5395 0.390163 0.016766
v -0.534409 0.388047 0.016766
v -0.529504 0.392959 0.016766
v -0.5395 0.390163 0.016766
v -0.529504 0.392959 0.016766
v -0.5395 0.397113 0.016766
v -0.534409 0.388047 0.016766
v -0.532299 0.38296 0.016766
v -0.525349 0.38296 0.016766
v -0.534409 0.388047 0.016766
v -0.525349 0.38296 0.016766
v -0.529504 0.392959 0.016766
v -0.532299 0.38296 0.016766
v -0.534409 0.377873 0.016766
v -0.529504 0.372964 0.016766
v -0.532299 0.38296 0.016766
v -0.529504 0.372964 0.016766
v -0.525349 0.38296 0.016766
v -0.534409 0.377873 0.016766
v -0.5395 0.375757 0.016766
v -0.5395 0.36881 0.016766
v -0.534409 0.377873 0.016766
v -0.5395 0.36881 0.016766
v -0.529504 0.372964 0.016766
v -0.5395 0.375757 0.016766
v -0.54459 0.377873 0.016766
v -0.549495 0.372964 0.016766
v -0.5395 0.375757 0.016766
v -0.549495 0.372964 0.016766
v -0.5395 0.36881 0.016766
v -0.54459 0.377873 0.016766
v -0.5467 0.38296 0.016766
v -0.55365 0.38296 0.016766
v -0.54459 0.377873 0.016766
v -0.55365 0.38296 0.016766
v -0.549495 0.372964 0.016766
v -0.54459 0.388047 0.016766
v -0.5395 0.390163 0.016766
v -0.5395 0.397113 0.016766
v -0.54459 0.388047 0.016766
v -0.5395 0.397113 0.016766
v -0.549495 0.392959 0.016766
v -0.5467 0.38296 0.016766
v -0.54459 0.388047 0.016766
v -0.549495 0.392959 0.016766
v -0.5467 0.38296 0.016766
v -0.549495 0.392959 0.016766
v -0.55365 0.38296 0.016766
v -0.5395 0.397113 0.016766
v -0.529504 0.392959 0.016766
v -0.523651 0.398812 0.006047
v -0.5395 0.397113 0.016766
v -0.523651 0.398812 0.006047
v -0.5395 0.405398 0.006047
v -0.529504 0.392959 0.016766
v -0.525349 0.38296 0.016766
v -0.517064 0.38296 0.006047
v -0.529504 0.392959 0.016766
v -0.517064 0.38296 0.006047
v -0.523651 0.398812 0.006047
v -0.525349 0.38296 0.016766
v -0.529504 0.372964 0.016766
v -0.523651 0.367111 0.006047
v -0.525349 0.38296 0.016766
v -0.523651 0.367111 0.006047
v -0.517064 0.38296 0.006047
v -0.529504 0.372964 0.016766
v -0.5395 0.36881 0.016766
v -0.5395 0.360525 0.006047
v -0.529504 0.372964 0.016766
v -0.5395 0.360525 0.006047
v -0.523651 0.367111 0.006047
v -0.5395 0.36881 0.016766
v -0.549495 0.372964 0.016766
v -0.555348 0.367111 0.006047
v -0.5395 0.36881 0.016766
v -0.555348 0.367111 0.006047
v -0.5395 0.360525 0.006047
v -0.549495 0.372964 0.016766
v -0.55365 0.38296 0.016766
v -0.561935 0.38296 0.006047
v -0.549495 0.372964 0.016766
v -0.561935 0.38296 0.006047
v -0.555348 0.367111 0.006047
v -0.549495 0.392959 0.016766
v -0.5395 0.397113 0.016766
v -0.5395 0.405398 0.006047
v -0.549495 0.392959 0.016766
v -0.5395 0.405398 0.006047
v -0.555348 0.398812 0.006047
v -0.55365 0.38296 0.016766
v -0.549495 0.392959 0.016766
v -0.555348 0.398812 0.006047
v -0.55365 0.38296 0.016766
v -0.555348 0.398812 0.006047
v -0.561935 0.38296 0.006047
v -0.5395 0.405398 0.006047
v -0.523651 0.398812 0.006047
v -0.523651 0.398812 -0.00046
v -0.5395 0.405398 0.006047
v -0.523651 0.398812 -0.00046
v -0.5395 0.405398 -0.00046
v -0.523651 0.398812 0.006047
v -0.517064 0.38296 0.006047
v -0.517064 0.38296 -0.00046
v -0.523651 0.398812 0.006047
v -0.517064 0.38296 -0.00046
v -0.523651 0.398812 -0.00046
v -0.517064 0.38296 0.006047
v -0.523651 0.367111 0.006047
v -0.523651 0.367111 -0.00046
v -0.517064 0.38296 0.006047
v -0.523651 0.367111 -0.00046
v -0.517064 0.38296 -0.00046
v -0.523651 0.367111 0.006047
v -0.5395 0.360525 0.006047
v -0.5395 0.360525 -0.00046
v -0.523651 0.367111 0.006047
v -0.5395 0.360525 -0.00046
v -0.523651 0.367111 -0.00046
v -0.5395 0.360525 0.006047
v -0.555348 0.367111 0.006047
v -0.555348 0.367111 -0.00046
v -0.5395 0.360525 0.006047
v -0.555348 0.367111 -0.00046
v -0.5395 0.360525 -0.00046
v -0.555348 0.367111 0.006047
v -0.561935 0.38296 0.006047
v -0.561935 0.38296 -0.00046
v -0.555348 0.367111 0.006047
v -0.561935 0.38296 -0.00046
v -0.555348 0.367111 -0.00046
v -0.555348 0.398812 0.006047
v -0.5395 0.405398 0.006047
v -0.5395 0.405398 -0.00046
v -0.555348 0.398812 0.006047
v -0.5395 0.405398 -0.00046
v -0.555348 0.398812 -0.00046
v -0.561935 0.38296 0.006047
v -0.555348 0.398812 0.006047
v -0.555348 0.398812 -0.00046
v -0.561935 0.38296 0.006047
v -0.555348 0.398812 -0.00046
v -0.561935 0.38296 -0.00046
v -0.472975 -0.359541 0.708337
v -0.472975 -0.359541 0.753331
v -0.0665 -0.359541 0.753331
v -0.472975 -0.359541 0.708337
v -0.0665 -0.359541 0.753331
v -0.0665 -0.359541 0.708337
v -0.428 -0.40454 0.708337
v -0.472975 -0.359541 0.708337
v -0.0665 -0.359541 0.708337
v -0.428 -0.40454 0.708337
v -0.0665 -0.359541 0.708337
v -0.0665 -0.40454 0.708337
v -0.428 -0.40454 0.753331
v -0.428 -0.40454 0.708337
v -0.0665 -0.40454 0.708337
v -0.428 -0.40454 0.753331
v -0.0665 -0.40454 0.708337
v -0.0665 -0.40454 0.753331
v -0.0665 -0.359541 0.753331
v -0.472975 -0.359541 0.753331
v -0.428 -0.40454 0.753331
v -0.0665 -0.359541 0.753331
v -0.428 -0.40454 0.753331
v -0.0665 -0.40454 0.753331
v -0.568002 0.360459 0.619331
v -0.568002 0.27146 0.708337
v -0.568002 0.27146 0.753331
v -0.568002 0.360459 0.619331
v -0.568002 0.27146 0.753331
v -0.568002 0.360459 0.753331
v -0.562 0.360459 0.702351
v -0.516999 0.360459 0.702351
v -0.562 0.27743 0.702364
v -0.562 0.405461 0.619331
v -0.516999 0.405461 0.619331
v -0.516999 0.405461 0.119537
v -0.562 0.405461 0.619331
v -0.516999 0.405461 0.119537
v -0.562 0.405461 0.119537
v -0.562 0.360459 0.619331
v -0.562 0.405461 0.619331
v -0.562 0.405461 0.119537
v -0.562 0.360459 0.619331
v -0.562 0.405461 0.119537
v -0.562 0.360459 0.119537
v -0.516999 0.360459 0.753331
v -0.562 0.405461 0.753331
v -0.568002 0.405461 0.753331
v -0.516999 0.360459 0.753331
v -0.568002 0.405461 0.753331
v -0.568002 0.360459 0.753331
v -0.562 0.405461 0.753331
v -0.562 0.405461 0.619331
v -0.568002 0.405461 0.619331
v -0.562 0.405461 0.753331
v -0.568002 0.405461 0.619331
v -0.568002 0.405461 0.753331
v -0.562 0.405461 0.619331
v -0.562 0.360459 0.619331
v -0.568002 0.360459 0.619331
v -0.562 0.405461 0.619331
v -0.568002 0.360459 0.619331
v -0.568002 0.405461 0.619331
v -0.568002 0.360459 0.619331
v -0.562 0.360459 0.619331
v -0.562 0.27743 0.702364
v -0.568002 0.360459 0.619331
v -0.562 0.27743 0.702364
v -0.568002 0.27146 0.708337
v -0.562 0.27146 0.708337
v -0.562 0.27146 0.753331
v -0.568002 0.27146 0.753331
v -0.562 0.27146 0.708337
v -0.568002 0.27146 0.753331
v -0.568002 0.27146 0.708337
v -0.562 0.27146 0.753331
v -0.516999 0.360459 0.753331
v -0.568002 0.360459 0.753331
v -0.562 0.27146 0.753331
v -0.568002 0.360459 0.753331
v -0.568002 0.27146 0.753331
v -0.562 0.360459 0.619331
v -0.562 0.360459 0.702351
v -0.562 0.27743 0.702364
v -0.516999 0.090461 0.753331
v -0.516999 0.090461 0.708337
v -0.472948 0.090461 0.708337
v -0.516999 0.090461 0.702351
v -0.516999 0.360459 0.702351
v -0.472948 0.360459 0.702351
v -0.516999 0.090461 0.702351
v -0.472948 0.360459 0.702351
v -0.472948 0.090461 0.702351
v -0.516999 0.360459 0.708337
v -0.516999 0.405461 0.708337
v -0.428 0.405461 0.708337
v -0.516999 0.360459 0.708337
v -0.428 0.405461 0.708337
v -0.472948 0.360459 0.708337
v -0.428 0.41146 0.708337
v -0.516999 0.41146 0.619331
v -0.516999 0.41146 0.753331
v -0.428 0.41146 0.708337
v -0.516999 0.41146 0.753331
v -0.428 0.41146 0.753331
v -0.562 0.405461 0.619331
v -0.562 0.405461 0.753331
v -0.562 0.41146 0.753331
v -0.562 0.405461 0.619331
v -0.562 0.41146 0.753331
v -0.562 0.41146 0.619331
v -0.562 0.405461 0.753331
v -0.516999 0.360459 0.753331
v -0.516999 0.41146 0.753331
v -0.562 0.405461 0.753331
v -0.516999 0.41146 0.753331
v -0.562 0.41146 0.753331
v -0.516999 0.405461 0.619331
v -0.562 0.405461 0.619331
v -0.562 0.41146 0.619331
v -0.516999 0.405461 0.619331
v -0.562 0.41146 0.619331
v -0.516999 0.41146 0.619331
v -0.428 0.405461 0.753331
v -0.428 0.405461 0.708337
v -0.428 0.41146 0.708337
v -0.428 0.405461 0.753331
v -0.428 0.41146 0.708337
v -0.428 0.41146 0.753331
v -0.516999 0.41146 0.619331
v -0.428 0.41146 0.708337
v -0.428 0.405461 0.708337
v -0.516999 0.41146 0.619331
v -0.428 0.405461 0.708337
v -0.516999 0.405461 0.619331
v -0.516999 0.360459 0.702351
v -0.562 0.360459 0.702351
v -0.562 0.360459 0.619331
v -0.516999 0.360459 0.702351
v -0.562 0.360459 0.619331
v -0.516999 0.360459 0.619331
v -0.568002 0.27146 0.708337
v -0.562 0.27743 0.702364
v -0.562 0.27146 0.708337
v -0.516999 0.405461 0.619331
v -0.428 0.405461 0.708337
v -0.516999 0.405461 0.708337
v -0.516999 0.41146 0.753331
v -0.516999 0.360459 0.753331
v -0.428 0.405461 0.753331
v -0.516999 0.41146 0.753331
v -0.428 0.405461 0.753331
v -0.428 0.41146 0.753331
v -0.516999 0.090461 0.708337
v -0.562 0.090461 0.708337
v -0.562 0.090461 0.702351
v -0.516999 0.090461 0.708337
v -0.562 0.090461 0.702351
v -0.516999 0.090461 0.702351
v -0.562 0.090461 0.708337
v -0.562 0.27146 0.708337
v -0.562 0.27743 0.702364
v -0.562 0.090461 0.708337
v -0.562 0.27743 0.702364
v -0.562 0.090461 0.702351
v -0.472948 0.360459 0.708337
v -0.472948 0.090461 0.708337
v -0.472948 0.090461 0.702351
v -0.472948 0.360459 0.708337
v -0.472948 0.090461 0.702351
v -0.472948 0.360459 0.702351
v -0.472948 0.090461 0.708337
v -0.516999 0.090461 0.708337
v -0.516999 0.090461 0.702351
v -0.472948 0.090461 0.708337
v -0.516999 0.090461 0.702351
v -0.472948 0.090461 0.702351
v -0.516999 0.360459 0.708337
v -0.472948 0.360459 0.708337
v -0.472948 0.360459 0.702351
v -0.516999 0.360459 0.708337
v -0.472948 0.360459 0.702351
v -0.516999 0.360459 0.702351
v 0.0225 0.405461 0.708337
v 0.0225 0.405461 0.125511
v -0.0225 0.405461 0.081512
v 0.0225 0.405461 0.708337
v -0.0225 0.405461 0.081512
v -0.0225 0.405461 0.664337
v -0.0225 0.360459 0.664337
v -0.0225 0.405461 0.664337
v -0.0225 0.405461 0.081512
v -0.0225 0.360459 0.664337
v -0.0225 0.405461 0.081512
v -0.0225 0.360459 0.081497
v 0.0225 0.360459 0.708337
v -0.0225 0.360459 0.664337
v -0.0225 0.360459 0.081497
v 0.0225 0.360459 0.708337
v -0.0225 0.360459 0.081497
v 0.0225 0.360459 0.125511
v -0.0225 0.405461 0.753331
v 0.0225 0.405461 0.708337
v -0.0225 0.405461 0.664337
v -0.0225 0.405461 0.753331
v -0.0225 0.405461 0.664337
v -0.0665 0.405461 0.708337
v -0.066467 0.360459 0.702335
v -0.066467 0.405461 0.702335
v -0.0285 0.405461 0.664337
v -0.066467 0.360459 0.702335
v -0.0285 0.405461 0.664337
v -0.0285 0.360459 0.664337
v -0.0665 0.405461 0.708337
v -0.066467 0.405461 0.702335
v -0.066467 0.360459 0.702335
v -0.0665 0.405461 0.708337
v -0.066467 0.360459 0.702335
v -0.0665 0.360459 0.708337
v -0.066467 0.360459 0.702335
v -0.0285 0.360459 0.664337
v -0.0225 0.360459 0.664337
v -0.066467 0.360459 0.702335
v -0.0225 0.360459 0.664337
v -0.0665 0.360459 0.708337
v -0.0225 0.360459 0.664337
v -0.0285 0.360459 0.664337
v -0.0285 0.405461 0.664337
v -0.0225 0.360459 0.664337
v -0.0285 0.405461 0.664337
v -0.0225 0.405461 0.664337
v -0.066467 0.405461 0.702335
v -0.0665 0.405461 0.708337
v -0.0225 0.405461 0.664337
v -0.066467 0.405461 0.702335
v -0.0225 0.405461 0.664337
v -0.0285 0.405461 0.664337
v -0.562 0.360459 0.119537
v -0.562 0.405461 0.119537
v -0.562 0.405461 0.03054
v -0.562 0.360459 0.119537
v -0.562 0.405461 0.03054
v -0.562 0.360459 0.03054
v -0.0225 -0.359541 0.03054
v -0.0225 -0.001204 0.03054
v 0.0225 -0.000268 0.03054
v -0.0225 -0.359541 0.03054
v 0.0225 -0.000268 0.03054
v 0.0225 -0.315541 0.03054
v -0.511003 -0.315556 0.075525
v -0.510997 -0.001204 0.075525
v -0.0285 -0.353539 0.075539
v -0.511003 -0.315556 0.075525
v -0.0285 -0.353539 0.075539
v -0.473011 -0.353539 0.075521
v -0.516999 0.316447 0.03054
v -0.562 0.360459 0.03054
v -0.5395 0.375757 0.03054
v -0.516999 0.360459 0.081512
v -0.516999 0.316459 0.081512
v -0.472999 -0.001204 0.081512
v -0.516999 0.360459 0.081512
v -0.472999 -0.001204 0.081512
v -0.472999 0.360459 0.081497
v -0.516999 0.35446 0.119478
v -0.562 0.35446 0.119478
v -0.562 0.316459 0.081512
v -0.516999 0.35446 0.119478
v -0.562 0.316459 0.081512
v -0.516999 0.316459 0.081512
v -0.562 0.316459 0.081512
v -0.562 0.35446 0.119478
v -0.562 0.360459 0.119537
v -0.562 0.316459 0.081512
v -0.562 0.360459 0.119537
v -0.562 0.360459 0.03054
v -0.511003 0.360459 0.119478
v -0.472999 0.360459 0.081497
v -0.472999 0.405461 0.081512
v -0.511003 0.360459 0.119478
v -0.472999 0.405461 0.081512
v -0.511003 0.405461 0.119478
v -0.511003 0.405461 0.119478
v -0.472999 0.405461 0.081512
v -0.516999 0.405461 0.03054
v -0.511003 0.405461 0.119478
v -0.516999 0.405461 0.03054
v -0.516999 0.405461 0.119537
v -0.516999 0.405461 0.03054
v -0.562 0.405461 0.03054
v -0.562 0.405461 0.119537
v -0.516999 0.405461 0.03054
v -0.562 0.405461 0.119537
v -0.516999 0.405461 0.119537
v -0.0285 0.316468 0.075539
v -0.0225 0.316447 0.075539
v -0.0225 -0.001204 0.075539
v -0.0285 0.316468 0.075539
v -0.0225 -0.001204 0.075539
v -0.0285 -0.001076 0.075539
v -0.511003 0.316495 0.075539
v -0.473002 0.35446 0.075539
v -0.0665 0.35446 0.075539
v -0.511003 0.316495 0.075539
v -0.0665 0.35446 0.075539
v -0.0285 0.316468 0.075539
v -0.0285 0.316468 0.075539
v -0.0665 0.35446 0.075539
v -0.0665 0.35446 0.03054
v -0.0285 0.316468 0.075539
v -0.0665 0.35446 0.03054
v -0.0285 0.316495 0.03054
v -0.0225 0.316447 0.03054
v -0.0225 0.316447 0.075539
v -0.0285 0.316468 0.075539
v -0.0225 0.316447 0.03054
v -0.0285 0.316468 0.075539
v -0.0285 0.316495 0.03054
v -0.0665 0.360459 0.075539
v -0.0665 0.360459 0.03054
v -0.0665 0.35446 0.03054
v -0.0665 0.360459 0.075539
v -0.0665 0.35446 0.03054
v -0.0665 0.35446 0.075539
v -0.0285 0.316495 0.03054
v -0.0665 0.35446 0.03054
v -0.0665 0.360459 0.03054
v -0.0285 0.316495 0.03054
v -0.0665 0.360459 0.03054
v -0.0225 0.316447 0.03054
v 0.511003 -0.315559 0.075525
v 0.0285 -0.315574 0.075539
v 0.0285 -0.000268 0.075539
v 0.511003 -0.315559 0.075525
v 0.0285 -0.000268 0.075539
v 0.510997 -0.000268 0.075539
v 0.0225 -0.359541 0.708337
v 0.0225 -0.359541 0.753331
v 0.472975 -0.359541 0.753331
v 0.0225 -0.359541 0.708337
v 0.472975 -0.359541 0.753331
v 0.472975 -0.359541 0.708337
v -0.0665 -0.359541 0.708337
v -0.0225 -0.315541 0.708337
v -0.02096 -0.40454 0.708337
v -0.0665 -0.359541 0.708337
v -0.02096 -0.40454 0.708337
v -0.0665 -0.40454 0.708337
v 0.492015 -0.33454 0.708337
v 0.511003 -0.315541 0.708337
v 0.516999 -0.315541 0.708337
v 0.492015 -0.33454 0.708337
v 0.516999 -0.315541 0.708337
v 0.494987 -0.337541 0.708337
v 0.516999 -0.315541 0.753331
v 0.494987 -0.337541 0.753331
v 0.472975 -0.359541 0.753331
v 0.516999 -0.315541 0.753331
v 0.472975 -0.359541 0.753331
v 0.516999 -0.359541 0.753331
v 0.473034 -0.353539 0.708337
v 0.492015 -0.33454 0.708337
v 0.494987 -0.337541 0.708337
v 0.473034 -0.353539 0.708337
v 0.494987 -0.337541 0.708337
v 0.472975 -0.359541 0.708337
v 0.473034 -0.353539 0.708337
v 0.473034 -0.353539 0.753331
v 0.492015 -0.33454 0.753331
v 0.473034 -0.353539 0.708337
v 0.492015 -0.33454 0.753331
v 0.492015 -0.33454 0.708337
v 0.473034 -0.353539 0.753331
v 0.472975 -0.359541 0.753331
v 0.494987 -0.337541 0.753331
v 0.473034 -0.353539 0.753331
v 0.494987 -0.337541 0.753331
v 0.492015 -0.33454 0.753331
v 0.0285 0.360459 0.125478
v 0.0665 0.360459 0.087512
v 0.0665 0.405461 0.087512
v 0.0285 0.360459 0.125478
v 0.0665 0.405461 0.087512
v 0.0285 0.405461 0.125478
v 0.0225 0.405461 0.125511
v 0.0225 0.360459 0.125511
v 0.0285 0.360459 0.125478
v 0.0225 0.405461 0.125511
v 0.0285 0.360459 0.125478
v 0.0285 0.405461 0.125478
v -0.0225 0.360459 0.081497
v 0.0665 0.360459 0.081497
v 0.0225 0.360459 0.125511
v 0.0665 0.360459 0.081497
v 0.0665 0.405461 0.081512
v 0.0665 0.405461 0.087512
v 0.0665 0.360459 0.081497
v 0.0665 0.405461 0.087512
v 0.0665 0.360459 0.087512
v 0.0665 0.405461 0.081512
v 0.0225 0.405461 0.125511
v 0.0285 0.405461 0.125478
v 0.0665 0.405461 0.081512
v 0.0285 0.405461 0.125478
v 0.0665 0.405461 0.087512
v 0.0225 0.360459 0.125511
v 0.0665 0.360459 0.081497
v 0.0665 0.360459 0.087512
v 0.0225 0.360459 0.125511
v 0.0665 0.360459 0.087512
v 0.0285 0.360459 0.125478
v -0.0225 0.316447 0.03054
v -0.0665 0.360459 0.03054
v -0.0225 0.405461 0.03054
v -0.0225 0.316447 0.03054
v -0.0225 0.405461 0.03054
v 0.0225 0.360459 0.03054
v -0.0225 -0.359541 0.075539
v -0.472999 -0.359541 0.075521
v -0.473011 -0.353539 0.075521
v -0.0225 -0.359541 0.075539
v -0.473011 -0.353539 0.075521
v -0.0285 -0.353539 0.075539
v 0.473008 -0.353539 0.075525
v 0.0665 -0.353539 0.075539
v 0.0285 -0.315574 0.075539
v 0.473008 -0.353539 0.075525
v 0.0285 -0.315574 0.075539
v 0.511003 -0.315559 0.075525
v -0.0285 -0.353539 0.075539
v -0.510997 -0.001204 0.075525
v -0.0285 -0.001076 0.075539
v 0.568002 -0.40454 0.708337
v 0.568002 -0.40454 0.753331
v 0.562 -0.40454 0.753331
v 0.568002 -0.40454 0.708337
v 0.562 -0.40454 0.753331
v 0.562 -0.40454 0.708337
v 0.568002 -0.40454 0.619331
v 0.568002 -0.40454 0.708337
v 0.562 -0.40454 0.708337
v 0.568002 -0.40454 0.619331
v 0.562 -0.40454 0.708337
v 0.562 -0.40454 0.619331
v 0.562 -0.410539 0.753331
v 0.562 -0.410539 0.708337
v 0.562 -0.40454 0.708337
v 0.562 -0.410539 0.753331
v 0.562 -0.40454 0.708337
v 0.562 -0.40454 0.753331
v 0.562 -0.410539 0.708337
v 0.562 -0.410539 0.619331
v 0.562 -0.40454 0.619331
v 0.562 -0.410539 0.708337
v 0.562 -0.40454 0.619331
v 0.562 -0.40454 0.708337
v -0.568002 -0.40454 0.708337
v -0.568002 -0.40454 0.753331
v -0.568002 -0.27054 0.753331
v -0.568002 -0.40454 0.708337
v -0.568002 -0.27054 0.753331
v -0.568002 -0.270539 0.708337
v -0.562 -0.40454 0.619331
v -0.568002 -0.40454 0.619331
v -0.568002 -0.359538 0.619331
v -0.562 -0.40454 0.619331
v -0.568002 -0.359538 0.619331
v -0.562 -0.359541 0.619331
v -0.568002 -0.359538 0.619331
v -0.568002 -0.270539 0.708337
v -0.562 -0.270539 0.708337
v -0.568002 -0.359538 0.619331
v -0.562 -0.270539 0.708337
v -0.562 -0.359541 0.619331
v -0.562 -0.270539 0.708337
v -0.568002 -0.270539 0.708337
v -0.568002 -0.27054 0.753331
v -0.562 -0.270539 0.708337
v -0.568002 -0.27054 0.753331
v -0.562 -0.27054 0.753331
v -0.562 -0.27054 0.753331
v -0.568002 -0.27054 0.753331
v -0.568002 -0.40454 0.753331
v -0.562 -0.27054 0.753331
v -0.568002 -0.40454 0.753331
v -0.562 -0.40454 0.753331
v -0.562 -0.359541 0.619331
v -0.562 -0.270539 0.708337
v -0.562 -0.359541 0.708337
v -0.568002 -0.359538 0.619331
v -0.568002 -0.40454 0.619331
v -0.568002 -0.40454 0.708337
v -0.568002 -0.359538 0.619331
v -0.568002 -0.40454 0.708337
v -0.568002 -0.270539 0.708337
v -0.472975 -0.359541 0.708337
v -0.428 -0.40454 0.708337
v -0.516999 -0.40454 0.708337
v -0.472975 -0.359541 0.708337
v -0.516999 -0.40454 0.708337
v -0.516999 -0.359541 0.708337
v -0.562 -0.40454 0.753331
v -0.428 -0.40454 0.753331
v -0.472975 -0.359541 0.753331
v -0.562 -0.40454 0.753331
v -0.472975 -0.359541 0.753331
v -0.516999 -0.359541 0.753331
v -0.516999 -0.40454 0.619331
v -0.516999 -0.410539 0.619331
v -0.562 -0.410539 0.619331
v -0.516999 -0.40454 0.619331
v -0.562 -0.410539 0.619331
v -0.562 -0.40454 0.619331
v -0.428 -0.40454 0.753331
v -0.428 -0.410539 0.753331
v -0.428 -0.410539 0.708337
v -0.428 -0.40454 0.753331
v -0.428 -0.410539 0.708337
v -0.428 -0.40454 0.708337
v -0.516999 -0.410539 0.619331
v -0.516999 -0.40454 0.619331
v -0.428 -0.40454 0.708337
v -0.516999 -0.410539 0.619331
v -0.428 -0.40454 0.708337
v -0.428 -0.410539 0.708337
v -0.516999 -0.40454 0.619331
v -0.516999 -0.40454 0.708337
v -0.428 -0.40454 0.708337
v -0.516999 -0.410539 0.619331
v -0.428 -0.410539 0.708337
v -0.562 -0.410539 0.708337
v -0.516999 -0.410539 0.619331
v -0.562 -0.410539 0.708337
v -0.562 -0.410539 0.619331
v -0.516999 -0.40454 0.708337
v -0.516999 -0.40454 0.619331
v -0.516999 -0.359541 0.619331
v -0.516999 -0.40454 0.708337
v -0.516999 -0.359541 0.619331
v -0.516999 -0.359541 0.708337
v -0.516999 -0.359541 0.708337
v -0.516999 -0.359541 0.619331
v -0.562 -0.359541 0.619331
v -0.516999 -0.359541 0.708337
v -0.562 -0.359541 0.619331
v -0.562 -0.359541 0.708337
v -0.428 -0.410539 0.753331
v -0.428 -0.40454 0.753331
v -0.562 -0.40454 0.753331
v -0.428 -0.410539 0.753331
v -0.562 -0.40454 0.753331
v -0.562 -0.410539 0.753331
v -0.562 -0.410539 0.708337
v -0.428 -0.410539 0.708337
v -0.428 -0.410539 0.753331
v -0.562 -0.410539 0.708337
v -0.428 -0.410539 0.753331
v -0.562 -0.410539 0.753331
v -0.492015 -0.33454 0.708337
v -0.511003 -0.315541 0.708337
v -0.511003 -0.315541 0.753331
v -0.492015 -0.33454 0.708337
v -0.511003 -0.315541 0.753331
v -0.492015 -0.33454 0.753331
v -0.472975 -0.359541 0.753331
v -0.472975 -0.359541 0.708337
v -0.473034 -0.353539 0.708337
v -0.472975 -0.359541 0.753331
v -0.473034 -0.353539 0.708337
v -0.473034 -0.353539 0.753331
v -0.472975 -0.359541 0.708337
v -0.516999 -0.359541 0.708337
v -0.516999 -0.315541 0.708337
v -0.472975 -0.359541 0.708337
v -0.516999 -0.315541 0.708337
v -0.494987 -0.337541 0.708337
v -0.516999 -0.315541 0.708337
v -0.516999 -0.315541 0.753331
v -0.511003 -0.315541 0.753331
v -0.516999 -0.315541 0.708337
v -0.511003 -0.315541 0.753331
v -0.511003 -0.315541 0.708337
v -0.492015 -0.33454 0.753331
v -0.511003 -0.315541 0.753331
v -0.516999 -0.315541 0.753331
v -0.492015 -0.33454 0.753331
v -0.516999 -0.315541 0.753331
v -0.494987 -0.337541 0.753331
v -0.562 -0.359541 0.708337
v -0.562 -0.270539 0.708337
v -0.516999 -0.315541 0.708337
v -0.562 -0.359541 0.708337
v -0.516999 -0.315541 0.708337
v -0.516999 -0.359541 0.708337
v -0.516999 -0.315541 0.753331
v -0.562 -0.27054 0.753331
v -0.562 -0.40454 0.753331
v -0.516999 -0.315541 0.753331
v -0.562 -0.40454 0.753331
v -0.516999 -0.359541 0.753331
v -0.492015 -0.33454 0.708337
v -0.494987 -0.337541 0.708337
v -0.516999 -0.315541 0.708337
v -0.492015 -0.33454 0.708337
v -0.516999 -0.315541 0.708337
v -0.511003 -0.315541 0.708337
v -0.516999 -0.315541 0.753331
v -0.516999 -0.359541 0.753331
v -0.472975 -0.359541 0.753331
v -0.516999 -0.315541 0.753331
v -0.472975 -0.359541 0.753331
v -0.494987 -0.337541 0.753331
v -0.473034 -0.353539 0.708337
v -0.472975 -0.359541 0.708337
v -0.494987 -0.337541 0.708337
v -0.473034 -0.353539 0.708337
v -0.494987 -0.337541 0.708337
v -0.492015 -0.33454 0.708337
v -0.473034 -0.353539 0.708337
v -0.492015 -0.33454 0.708337
v -0.492015 -0.33454 0.753331
v -0.473034 -0.353539 0.708337
v -0.492015 -0.33454 0.753331
v -0.473034 -0.353539 0.753331
v -0.473034 -0.353539 0.753331
v -0.492015 -0.33454 0.753331
v -0.494987 -0.337541 0.753331
v -0.473034 -0.353539 0.753331
v -0.494987 -0.337541 0.753331
v -0.472975 -0.359541 0.753331
v -0.568002 -0.40454 0.708337
v -0.562 -0.40454 0.708337
v -0.562 -0.40454 0.753331
v -0.568002 -0.40454 0.708337
v -0.562 -0.40454 0.753331
v -0.568002 -0.40454 0.753331
v -0.568002 -0.40454 0.619331
v -0.562 -0.40454 0.619331
v -0.562 -0.40454 0.708337
v -0.568002 -0.40454 0.619331
v -0.562 -0.40454 0.708337
v -0.568002 -0.40454 0.708337
v -0.562 -0.410539 0.753331
v -0.562 -0.40454 0.753331
v -0.562 -0.40454 0.708337
v -0.562 -0.410539 0.753331
v -0.562 -0.40454 0.708337
v -0.562 -0.410539 0.708337
v -0.562 -0.410539 0.708337
v -0.562 -0.40454 0.708337
v -0.562 -0.40454 0.619331
v -0.562 -0.410539 0.708337
v -0.562 -0.40454 0.619331
v -0.562 -0.410539 0.619331
v 0.0225 -0.359541 0.708337
v -0.02096 -0.40454 0.708337
v -0.0225 -0.315541 0.708337
v 0.0225 -0.359541 0.708337
v -0.0225 -0.315541 0.708337
v 0.0225 -0.315541 0.708337
v -0.0225 -0.315541 0.753331
v -0.0225 -0.40454 0.753331
v 0.0225 -0.359541 0.753331
v -0.0225 -0.315541 0.753331
v 0.0225 -0.359541 0.753331
v 0.0225 -0.315541 0.753331
v -0.0665 -0.359541 0.753331
v -0.0665 -0.40454 0.753331
v -0.0225 -0.40454 0.753331
v -0.0665 -0.359541 0.753331
v -0.0225 -0.40454 0.753331
v -0.0225 -0.315541 0.753331
v -0.516999 0.405461 0.619331
v -0.516999 0.360459 0.702351
v -0.516999 0.360459 0.619331
v -0.0665 0.360459 0.708337
v -0.0225 0.360459 0.664337
v 0.0225 0.360459 0.708337
v -0.472948 0.090461 0.708337
v -0.472948 0.360459 0.708337
v -0.0665 0.360459 0.708337
v -0.472948 0.090461 0.708337
v -0.0665 0.360459 0.708337
v -0.0225 0.090461 0.708337
v -0.0225 0.316447 0.03054
v -0.0225 -0.001204 0.03054
v -0.0225 -0.001204 0.075539
v -0.0225 0.316447 0.03054
v -0.0225 -0.001204 0.075539
v -0.0225 0.316447 0.075539
v 0.562 -0.000268 0.03054
v 0.562 -0.000268 0.081512
v 0.562 -0.315544 0.081497
v 0.562 -0.000268 0.03054
v 0.562 -0.315544 0.081497
v 0.562 -0.359541 0.030525
v 0.0225 -0.000268 0.03054
v 0.0225 -0.000267 0.075539
v 0.0225 -0.315535 0.075539
v 0.0225 -0.000268 0.03054
v 0.0225 -0.315535 0.075539
v 0.0225 -0.315541 0.03054
v 0.516999 -0.000268 0.03054
v 0.562 -0.000268 0.03054
v 0.562 -0.359541 0.030525
v 0.516999 -0.000268 0.03054
v 0.562 -0.359541 0.030525
v 0.516999 -0.315538 0.030525
v 0.510997 -0.000268 0.075539
v 0.0285 0.35446 0.075539
v 0.472999 0.35446 0.075539
v 0.510997 -0.000268 0.075539
v 0.472999 0.35446 0.075539
v 0.511003 0.316495 0.075539
v 0.472999 0.000452 0.081497
v 0.0665 0.000453 0.081497
v 0.0665 -0.359541 0.081512
v 0.472999 0.000452 0.081497
v 0.0665 -0.359541 0.081512
v 0.472999 -0.359541 0.081497
v 0.0665 0.000453 0.081497
v -0.0225 0.000453 0.081497
v -0.0225 -0.359541 0.081512
v 0.0665 0.000453 0.081497
v -0.0225 -0.359541 0.081512
v 0.0665 -0.359541 0.081512
v 0.0225 -0.000267 0.075539
v 0.0285 -0.000268 0.075539
v 0.0285 -0.315574 0.075539
v 0.0225 -0.000267 0.075539
v 0.0285 -0.315574 0.075539
v 0.0225 -0.315535 0.075539
v 0.0225 -0.000268 0.03054
v -0.0225 -0.001204 0.03054
v -0.0225 0.316447 0.03054
v 0.0225 -0.000268 0.03054
v -0.0225 0.316447 0.03054
v 0.0225 0.360459 0.03054
v -0.516999 -0.001204 0.075525
v -0.516999 -0.001204 0.030525
v -0.516999 0.316447 0.03054
v -0.516999 -0.001204 0.075525
v -0.516999 0.316447 0.03054
v -0.516999 0.316447 0.075539
v -0.562 -0.001204 0.081497
v -0.472999 -0.001204 0.081512
v -0.516999 0.316459 0.081512
v -0.562 -0.001204 0.081497
v -0.516999 0.316459 0.081512
v -0.562 0.316459 0.081512
v -0.510997 -0.001204 0.075525
v -0.516999 -0.001204 0.075525
v -0.516999 0.316447 0.075539
v -0.510997 -0.001204 0.075525
v -0.516999 0.316447 0.075539
v -0.511003 0.316495 0.075539
v -0.0285 -0.001076 0.075539
v -0.0225 -0.001204 0.075539
v -0.0225 -0.359541 0.075539
v -0.0285 -0.001076 0.075539
v -0.0225 -0.359541 0.075539
v -0.0285 -0.353539 0.075539
v 0.510997 -0.000268 0.075539
v 0.0285 -0.000268 0.075539
v 0.0285 0.35446 0.075539
v -0.0285 -0.001076 0.075539
v -0.510997 -0.001204 0.075525
v -0.511003 0.316495 0.075539
v -0.0285 -0.001076 0.075539
v -0.511003 0.316495 0.075539
v -0.0285 0.316468 0.075539
v -0.0225 -0.001204 0.075539
v -0.0225 -0.001204 0.03054
v -0.0225 -0.359541 0.03054
v -0.0225 -0.001204 0.075539
v -0.0225 -0.359541 0.03054
v -0.0225 -0.359541 0.075539
v 0.562 0.405461 0.119537
v 0.516999 0.405461 0.119537
v 0.516999 0.405461 0.619331
v 0.562 0.405461 0.119537
v 0.516999 0.405461 0.619331
v 0.562 0.405461 0.619331
v 0.562 0.360459 0.119537
v 0.562 0.405461 0.119537
v 0.562 0.405461 0.619331
v 0.562 0.360459 0.119537
v 0.562 0.405461 0.619331
v 0.562 0.360459 0.619331
v -0.511003 0.316495 0.03054
v -0.516999 0.316447 0.03054
v -0.472999 0.360459 0.03054
v -0.511003 0.316495 0.03054
v -0.472999 0.360459 0.03054
v -0.473002 0.35446 0.03054
v -0.562 0.360459 0.03054
v -0.516999 0.316447 0.03054
v -0.516999 -0.001204 0.030525
v -0.562 0.360459 0.03054
v -0.516999 -0.001204 0.030525
v -0.562 -0.001204 0.030525
v -0.562 0.316459 0.081512
v -0.562 0.360459 0.03054
v -0.562 -0.001204 0.030525
v -0.562 0.316459 0.081512
v -0.562 -0.001204 0.030525
v -0.562 -0.001204 0.081497
v -0.511003 -0.315574 0.030511
v -0.511003 -0.315556 0.075525
v -0.473011 -0.353539 0.075521
v -0.511003 -0.315574 0.030511
v -0.473011 -0.353539 0.075521
v -0.473002 -0.353539 0.03051
v -0.516999 -0.315538 0.075525
v -0.511003 -0.315556 0.075525
v -0.511003 -0.315574 0.030511
v -0.516999 -0.315538 0.075525
v -0.511003 -0.315574 0.030511
v -0.516999 -0.315538 0.030525
v -0.472999 -0.359541 0.03052
v -0.473002 -0.353539 0.03051
v -0.473011 -0.353539 0.075521
v -0.472999 -0.359541 0.03052
v -0.473011 -0.353539 0.075521
v -0.472999 -0.359541 0.075521
v -0.5395 -0.382039 -0.000489
v -0.517064 -0.382039 -0.000489
v -0.523651 -0.397891 -0.000489
v -0.5395 -0.382039 -0.000489
v -0.523651 -0.397891 -0.000489
v -0.5395 -0.404477 -0.000489
v -0.562 -0.40454 0.03051
v -0.54459 -0.387129 0.03051
v -0.5395 -0.389242 0.03051
v -0.532299 -0.382039 0.03051
v -0.516999 -0.40454 0.03052
v -0.534409 -0.387129 0.03051
v -0.5395 -0.374839 0.03051
v -0.516999 -0.315538 0.030525
v -0.534409 -0.376952 0.03051
v -0.562 -0.40454 0.03051
v -0.5467 -0.381964 0.030494
v -0.54459 -0.387129 0.03051
v -0.5395 -0.389242 0.03051
v -0.5395 -0.389242 0.016736
v -0.534409 -0.387129 0.016736
v -0.5395 -0.389242 0.03051
v -0.534409 -0.387129 0.016736
v -0.534409 -0.387129 0.03051
v -0.534409 -0.387129 0.03051
v -0.534409 -0.387129 0.016736
v -0.532299 -0.382039 0.016736
v -0.534409 -0.387129 0.03051
v -0.532299 -0.382039 0.016736
v -0.532299 -0.382039 0.03051
v -0.534409 -0.376952 0.03051
v -0.534409 -0.376952 0.016736
v -0.5395 -0.374839 0.016736
v -0.534409 -0.376952 0.03051
v -0.5395 -0.374839 0.016736
v -0.5395 -0.374839 0.03051
v -0.5467 -0.382039 0.016736
v -0.54459 -0.387129 0.016736
v -0.54459 -0.387129 0.03051
v -0.5467 -0.382039 0.016736
v -0.54459 -0.387129 0.03051
v -0.5467 -0.381964 0.030494
v -0.532299 -0.382039 0.016736
v -0.534409 -0.376952 0.016736
v -0.534409 -0.376952 0.03051
v -0.532299 -0.382039 0.016736
v -0.534409 -0.376952 0.03051
v -0.532299 -0.382039 0.03051
v -0.5395 -0.382039 -0.000489
v -0.5395 -0.359604 -0.000489
v -0.523651 -0.36619 -0.000489
v -0.5395 -0.382039 -0.000489
v -0.523651 -0.36619 -0.000489
v -0.517064 -0.382039 -0.000489
v -0.54459 -0.376952 0.03051
v -0.54459 -0.376952 0.016736
v -0.5467 -0.382039 0.016736
v -0.54459 -0.376952 0.03051
v -0.5467 -0.382039 0.016736
v -0.5467 -0.381964 0.030494
v -0.54459 -0.387129 0.03051
v -0.54459 -0.387129 0.016736
v -0.5395 -0.389242 0.016736
v -0.54459 -0.387129 0.03051
v -0.5395 -0.389242 0.016736
v -0.5395 -0.389242 0.03051
v -0.5395 -0.374839 0.016736
v -0.54459 -0.376952 0.016736
v -0.54459 -0.376952 0.03051
v -0.5395 -0.374839 0.016736
v -0.54459 -0.376952 0.03051
v -0.5395 -0.374839 0.03051
v -0.561935 -0.382039 -0.000489
v -0.555348 -0.36619 -0.000489
v -0.5395 -0.359604 -0.000489
v -0.561935 -0.382039 -0.000489
v -0.5395 -0.359604 -0.000489
v -0.5395 -0.382039 -0.000489
v -0.555348 -0.397891 -0.000489
v -0.561935 -0.382039 -0.000489
v -0.5395 -0.382039 -0.000489
v -0.555348 -0.397891 -0.000489
v -0.5395 -0.382039 -0.000489
v -0.5395 -0.404477 -0.000489
v -0.562 -0.40454 0.03051
v -0.562 -0.359541 0.03051
v -0.5467 -0.381964 0.030494
v -0.516999 -0.40454 0.03052
v -0.5395 -0.389242 0.03051
v -0.534409 -0.387129 0.03051
v -0.516999 -0.40454 0.03052
v -0.562 -0.40454 0.03051
v -0.5395 -0.389242 0.03051
v -0.532299 -0.382039 0.03051
v -0.534409 -0.376952 0.03051
v -0.516999 -0.315538 0.030525
v -0.516999 -0.315538 0.030525
v -0.472999 -0.359541 0.03052
v -0.516999 -0.40454 0.03052
v -0.516999 -0.315538 0.030525
v -0.516999 -0.40454 0.03052
v -0.532299 -0.382039 0.03051
v -0.562 -0.359541 0.03051
v -0.54459 -0.376952 0.03051
v -0.5467 -0.381964 0.030494
v -0.5395 -0.374839 0.03051
v -0.54459 -0.376952 0.03051
v -0.562 -0.359541 0.03051
v -0.5395 -0.389242 0.016736
v -0.5395 -0.396192 0.016736
v -0.529504 -0.392038 0.016736
v -0.5395 -0.389242 0.016736
v -0.529504 -0.392038 0.016736
v -0.534409 -0.387129 0.016736
v -0.534409 -0.387129 0.016736
v -0.529504 -0.392038 0.016736
v -0.525349 -0.382039 0.016736
v -0.534409 -0.387129 0.016736
v -0.525349 -0.382039 0.016736
v -0.532299 -0.382039 0.016736
v -0.532299 -0.382039 0.016736
v -0.525349 -0.382039 0.016736
v -0.529504 -0.372043 0.016736
v -0.532299 -0.382039 0.016736
v -0.529504 -0.372043 0.016736
v -0.534409 -0.376952 0.016736
v -0.534409 -0.376952 0.016736
v -0.529504 -0.372043 0.016736
v -0.5395 -0.367889 0.016736
v -0.534409 -0.376952 0.016736
v -0.5395 -0.367889 0.016736
v -0.5395 -0.374839 0.016736
v -0.5395 -0.374839 0.016736
v -0.5395 -0.367889 0.016736
v -0.549495 -0.372043 0.016736
v -0.5395 -0.374839 0.016736
v -0.549495 -0.372043 0.016736
v -0.54459 -0.376952 0.016736
v -0.54459 -0.376952 0.016736
v -0.549495 -0.372043 0.016736
v -0.55365 -0.382039 0.016736
v -0.54459 -0.376952 0.016736
v -0.55365 -0.382039 0.016736
v -0.5467 -0.382039 0.016736
v -0.54459 -0.387129 0.016736
v -0.549495 -0.392038 0.016736
v -0.5395 -0.396192 0.016736
v -0.54459 -0.387129 0.016736
v -0.5395 -0.396192 0.016736
v -0.5395 -0.389242 0.016736
v -0.5467 -0.382039 0.016736
v -0.55365 -0.382039 0.016736
v -0.549495 -0.392038 0.016736
v -0.5467 -0.382039 0.016736
v -0.549495 -0.392038 0.016736
v -0.54459 -0.387129 0.016736
v -0.5395 -0.396192 0.016736
v -0.5395 -0.404477 0.006017
v -0.523651 -0.397891 0.006017
v -0.5395 -0.396192 0.016736
v -0.523651 -0.397891 0.006017
v -0.529504 -0.392038 0.016736
v -0.529504 -0.392038 0.016736
v -0.523651 -0.397891 0.006017
v -0.517064 -0.382039 0.006017
v -0.529504 -0.392038 0.016736
v -0.517064 -0.382039 0.006017
v -0.525349 -0.382039 0.016736
v -0.525349 -0.382039 0.016736
v -0.517064 -0.382039 0.006017
v -0.523651 -0.36619 0.006017
v -0.525349 -0.382039 0.016736
v -0.523651 -0.36619 0.006017
v -0.529504 -0.372043 0.016736
v -0.529504 -0.372043 0.016736
v -0.523651 -0.36619 0.006017
v -0.5395 -0.359604 0.006017
v -0.529504 -0.372043 0.016736
v -0.5395 -0.359604 0.006017
v -0.5395 -0.367889 0.016736
v -0.5395 -0.367889 0.016736
v -0.5395 -0.359604 0.006017
v -0.555348 -0.36619 0.006017
v -0.5395 -0.367889 0.016736
v -0.555348 -0.36619 0.006017
v -0.549495 -0.372043 0.016736
v -0.549495 -0.372043 0.016736
v -0.555348 -0.36619 0.006017
v -0.561935 -0.382039 0.006017
v -0.549495 -0.372043 0.016736
v -0.561935 -0.382039 0.006017
v -0.55365 -0.382039 0.016736
v -0.549495 -0.392038 0.016736
v -0.555348 -0.397891 0.006017
v -0.5395 -0.404477 0.006017
v -0.549495 -0.392038 0.016736
v -0.5395 -0.404477 0.006017
v -0.5395 -0.396192 0.016736
v -0.55365 -0.382039 0.016736
v -0.561935 -0.382039 0.006017
v -0.555348 -0.397891 0.006017
v -0.55365 -0.382039 0.016736
v -0.555348 -0.397891 0.006017
v -0.549495 -0.392038 0.016736
v -0.5395 -0.404477 0.006017
v -0.5395 -0.404477 -0.000489
v -0.523651 -0.397891 -0.000489
v -0.5395 -0.404477 0.006017
v -0.523651 -0.397891 -0.000489
v -0.523651 -0.397891 0.006017
v -0.523651 -0.397891 0.006017
v -0.523651 -0.397891 -0.000489
v -0.517064 -0.382039 -0.000489
v -0.523651 -0.397891 0.006017
v -0.517064 -0.382039 -0.000489
v -0.517064 -0.382039 0.006017
v -0.517064 -0.382039 0.006017
v -0.517064 -0.382039 -0.000489
v -0.523651 -0.36619 -0.000489
v -0.517064 -0.382039 0.006017
v -0.523651 -0.36619 -0.000489
v -0.523651 -0.36619 0.006017
v -0.523651 -0.36619 0.006017
v -0.523651 -0.36619 -0.000489
v -0.5395 -0.359604 -0.000489
v -0.523651 -0.36619 0.006017
v -0.5395 -0.359604 -0.000489
v -0.5395 -0.359604 0.006017
v -0.5395 -0.359604 0.006017
v -0.5395 -0.359604 -0.000489
v -0.555348 -0.36619 -0.000489
v -0.5395 -0.359604 0.006017
v -0.555348 -0.36619 -0.000489
v -0.555348 -0.36619 0.006017
v -0.555348 -0.36619 0.006017
v -0.555348 -0.36619 -0.000489
v -0.561935 -0.382039 -0.000489
v -0.555348 -0.36619 0.006017
v -0.561935 -0.382039 -0.000489
v -0.561935 -0.382039 0.006017
v -0.555348 -0.397891 0.006017
v -0.555348 -0.397891 -0.000489
v -0.5395 -0.404477 -0.000489
v -0.555348 -0.397891 0.006017
v -0.5395 -0.404477 -0.000489
v -0.5395 -0.404477 0.006017
v -0.561935 -0.382039 0.006017
v -0.561935 -0.382039 -0.000489
v -0.555348 -0.397891 -0.000489
v -0.561935 -0.382039 0.006017
v -0.555348 -0.397891 -0.000489
v -0.555348 -0.397891 0.006017
v -0.562 -0.359541 0.119509
v -0.562 -0.359541 0.03051
v -0.562 -0.40454 0.03051
v -0.562 -0.359541 0.119509
v -0.562 -0.40454 0.03051
v -0.562 -0.40454 0.119508
v -0.516999 -0.315538 0.030525
v -0.5395 -0.374839 0.03051
v -0.562 -0.359541 0.03051
v -0.516999 -0.359541 0.081482
v -0.472999 -0.359541 0.081492
v -0.472999 -0.001204 0.081512
v -0.516999 -0.359541 0.081482
v -0.472999 -0.001204 0.081512
v -0.516999 -0.315541 0.081482
v -0.516999 -0.353539 0.119448
v -0.516999 -0.315541 0.081482
v -0.562 -0.315541 0.081482
v -0.516999 -0.353539 0.119448
v -0.562 -0.315541 0.081482
v -0.562 -0.353539 0.119448
v -0.562 -0.315541 0.081482
v -0.562 -0.359541 0.03051
v -0.562 -0.359541 0.119509
v -0.562 -0.315541 0.081482
v -0.562 -0.359541 0.119509
v -0.562 -0.353539 0.119448
v -0.511003 -0.359541 0.119448
v -0.511003 -0.40454 0.119448
v -0.472999 -0.40454 0.081482
v -0.511003 -0.359541 0.119448
v -0.472999 -0.40454 0.081482
v -0.472999 -0.359541 0.081492
v -0.511003 -0.40454 0.119448
v -0.516999 -0.40454 0.119509
v -0.516999 -0.40454 0.03052
v -0.511003 -0.40454 0.119448
v -0.516999 -0.40454 0.03052
v -0.472999 -0.40454 0.081482
v -0.516999 -0.40454 0.03052
v -0.516999 -0.40454 0.119509
v -0.562 -0.40454 0.119508
v -0.516999 -0.40454 0.03052
v -0.562 -0.40454 0.119508
v -0.562 -0.40454 0.03051
v -0.516999 -0.001204 0.075525
v -0.516999 -0.315538 0.075525
v -0.516999 -0.315538 0.030525
v -0.516999 -0.001204 0.075525
v -0.516999 -0.315538 0.030525
v -0.516999 -0.001204 0.030525
v -0.562 -0.001204 0.081497
v -0.562 -0.315541 0.081482
v -0.516999 -0.315541 0.081482
v -0.562 -0.001204 0.081497
v -0.516999 -0.315541 0.081482
v -0.472999 -0.001204 0.081512
v -0.510997 -0.001204 0.075525
v -0.511003 -0.315556 0.075525
v -0.516999 -0.315538 0.075525
v -0.510997 -0.001204 0.075525
v -0.516999 -0.315538 0.075525
v -0.516999 -0.001204 0.075525
v -0.511003 -0.315574 0.030511
v -0.473002 -0.353539 0.03051
v -0.472999 -0.359541 0.03052
v -0.511003 -0.315574 0.030511
v -0.472999 -0.359541 0.03052
v -0.516999 -0.315538 0.030525
v -0.562 -0.359541 0.03051
v -0.562 -0.001204 0.030525
v -0.516999 -0.001204 0.030525
v -0.562 -0.359541 0.03051
v -0.516999 -0.001204 0.030525
v -0.516999 -0.315538 0.030525
v -0.562 -0.315541 0.081482
v -0.562 -0.001204 0.081497
v -0.562 -0.001204 0.030525
v -0.562 -0.315541 0.081482
v -0.562 -0.001204 0.030525
v -0.562 -0.359541 0.03051
v -0.0225 -0.40454 0.081512
v -0.0225 -0.359541 0.081512
v -0.472999 -0.359541 0.081492
v -0.0225 -0.40454 0.081512
v -0.472999 -0.359541 0.081492
v -0.472999 -0.40454 0.081482
v 0.511003 -0.315574 0.03051
v 0.472999 -0.353539 0.03051
v 0.473008 -0.353539 0.075525
v 0.511003 -0.315574 0.03051
v 0.473008 -0.353539 0.075525
v 0.511003 -0.315559 0.075525
v 0.516999 -0.315538 0.075525
v 0.516999 -0.315538 0.030525
v 0.511003 -0.315574 0.03051
v 0.516999 -0.315538 0.075525
v 0.511003 -0.315574 0.03051
v 0.511003 -0.315559 0.075525
v 0.472996 -0.359541 0.030525
v 0.472996 -0.359541 0.075525
v 0.473008 -0.353539 0.075525
v 0.472996 -0.359541 0.030525
v 0.473008 -0.353539 0.075525
v 0.472999 -0.353539 0.03051
v 0.5395 -0.382039 -0.000489
v 0.5395 -0.404477 -0.000489
v 0.523651 -0.397891 -0.000489
v 0.5395 -0.382039 -0.000489
v 0.523651 -0.397891 -0.000489
v 0.517064 -0.382039 -0.000489
v 0.562 -0.40454 0.03051
v 0.5395 -0.389242 0.03051
v 0.54459 -0.387129 0.03051
v 0.532299 -0.382039 0.03051
v 0.534409 -0.387129 0.03051
v 0.516999 -0.40454 0.030525
v 0.5395 -0.374839 0.03051
v 0.534409 -0.376952 0.03051
v 0.516999 -0.315538 0.030525
v 0.562 -0.40454 0.03051
v 0.54459 -0.387129 0.03051
v 0.5467 -0.381964 0.030494
v 0.5395 -0.389242 0.03051
v 0.534409 -0.387129 0.03051
v 0.534409 -0.387129 0.016736
v 0.5395 -0.389242 0.03051
v 0.534409 -0.387129 0.016736
v 0.5395 -0.389242 0.016736
v 0.534409 -0.387129 0.03051
v 0.532299 -0.382039 0.03051
v 0.532299 -0.382039 0.016736
v 0.534409 -0.387129 0.03051
v 0.532299 -0.382039 0.016736
v 0.534409 -0.387129 0.016736
v 0.534409 -0.376952 0.03051
v 0.5395 -0.374839 0.03051
v 0.5395 -0.374839 0.016736
v 0.534409 -0.376952 0.03051
v 0.5395 -0.374839 0.016736
v 0.534409 -0.376952 0.016736
v 0.5467 -0.382039 0.016736
v 0.5467 -0.381964 0.030494
v 0.54459 -0.387129 0.03051
v 0.5467 -0.382039 0.016736
v 0.54459 -0.387129 0.03051
v 0.54459 -0.387129 0.016736
v 0.532299 -0.382039 0.016736
v 0.532299 -0.382039 0.03051
v 0.534409 -0.376952 0.03051
v 0.532299 -0.382039 0.016736
v 0.534409 -0.376952 0.03051
v 0.534409 -0.376952 0.016736
v 0.5395 -0.382039 -0.000489
v 0.517064 -0.382039 -0.000489
v 0.523651 -0.36619 -0.000489
v 0.5395 -0.382039 -0.000489
v 0.523651 -0.36619 -0.000489
v 0.5395 -0.359604 -0.000489
v 0.54459 -0.376952 0.03051
v 0.5467 -0.381964 0.030494
v 0.5467 -0.382039 0.016736
v 0.54459 -0.376952 0.03051
v 0.5467 -0.382039 0.016736
v 0.54459 -0.376952 0.016736
v 0.54459 -0.387129 0.03051
v 0.5395 -0.389242 0.03051
v 0.5395 -0.389242 0.016736
v 0.54459 -0.387129 0.03051
v 0.5395 -0.389242 0.016736
v 0.54459 -0.387129 0.016736
v 0.5395 -0.374839 0.016736
v 0.5395 -0.374839 0.03051
v 0.54459 -0.376952 0.03051
v 0.5395 -0.374839 0.016736
v 0.54459 -0.376952 0.03051
v 0.54459 -0.376952 0.016736
v 0.561935 -0.382039 -0.000489
v 0.5395 -0.382039 -0.000489
v 0.5395 -0.359604 -0.000489
v 0.561935 -0.382039 -0.000489
v 0.5395 -0.359604 -0.000489
v 0.555348 -0.36619 -0.000489
v 0.555348 -0.397891 -0.000489
v 0.5395 -0.404477 -0.000489
v 0.5395 -0.382039 -0.000489
v 0.555348 -0.397891 -0.000489
v 0.5395 -0.382039 -0.000489
v 0.561935 -0.382039 -0.000489
v 0.562 -0.40454 0.03051
v 0.5467 -0.381964 0.030494
v 0.562 -0.359541 0.030525
v 0.516999 -0.40454 0.030525
v 0.534409 -0.387129 0.03051
v 0.5395 -0.389242 0.03051
v 0.516999 -0.40454 0.030525
v 0.5395 -0.389242 0.03051
v 0.562 -0.40454 0.03051
v 0.532299 -0.382039 0.03051
v 0.516999 -0.315538 0.030525
v 0.534409 -0.376952 0.03051
v 0.516999 -0.315538 0.030525
v 0.532299 -0.382039 0.03051
v 0.516999 -0.40454 0.030525
v 0.516999 -0.315538 0.030525
v 0.516999 -0.40454 0.030525
v 0.472996 -0.359541 0.030525
v 0.562 -0.359541 0.030525
v 0.5467 -0.381964 0.030494
v 0.54459 -0.376952 0.03051
v 0.5395 -0.374839 0.03051
v 0.562 -0.359541 0.030525
v 0.54459 -0.376952 0.03051
v 0.5395 -0.389242 0.016736
v 0.534409 -0.387129 0.016736
v 0.529504 -0.392038 0.016736
v 0.5395 -0.389242 0.016736
v 0.529504 -0.392038 0.016736
v 0.5395 -0.396192 0.016736
v 0.534409 -0.387129 0.016736
v 0.532299 -0.382039 0.016736
v 0.525349 -0.382039 0.016736
v 0.534409 -0.387129 0.016736
v 0.525349 -0.382039 0.016736
v 0.529504 -0.392038 0.016736
v 0.532299 -0.382039 0.016736
v 0.534409 -0.376952 0.016736
v 0.529504 -0.372043 0.016736
v 0.532299 -0.382039 0.016736
v 0.529504 -0.372043 0.016736
v 0.525349 -0.382039 0.016736
v 0.534409 -0.376952 0.016736
v 0.5395 -0.374839 0.016736
v 0.5395 -0.367889 0.016736
v 0.534409 -0.376952 0.016736
v 0.5395 -0.367889 0.016736
v 0.529504 -0.372043 0.016736
v 0.5395 -0.374839 0.016736
v 0.54459 -0.376952 0.016736
v 0.549495 -0.372043 0.016736
v 0.5395 -0.374839 0.016736
v 0.549495 -0.372043 0.016736
v 0.5395 -0.367889 0.016736
v 0.54459 -0.376952 0.016736
v 0.5467 -0.382039 0.016736
v 0.55365 -0.382039 0.016736
v 0.54459 -0.376952 0.016736
v 0.55365 -0.382039 0.016736
v 0.549495 -0.372043 0.016736
v 0.54459 -0.387129 0.016736
v 0.5395 -0.389242 0.016736
v 0.5395 -0.396192 0.016736
v 0.54459 -0.387129 0.016736
v 0.5395 -0.396192 0.016736
v 0.549495 -0.392038 0.016736
v 0.5467 -0.382039 0.016736
v 0.54459 -0.387129 0.016736
v 0.549495 -0.392038 0.016736
v 0.5467 -0.382039 0.016736
v 0.549495 -0.392038 0.016736
v 0.55365 -0.382039 0.016736
v 0.5395 -0.396192 0.016736
v 0.529504 -0.392038 0.016736
v 0.523651 -0.397891 0.006017
v 0.5395 -0.396192 0.016736
v 0.523651 -0.397891 0.006017
v 0.5395 -0.404477 0.006017
v 0.529504 -0.392038 0.016736
v 0.525349 -0.382039 0.016736
v 0.517064 -0.382039 0.006017
v 0.529504 -0.392038 0.016736
v 0.517064 -0.382039 0.006017
v 0.523651 -0.397891 0.006017
v 0.525349 -0.382039 0.016736
v 0.529504 -0.372043 0.016736
v 0.523651 -0.36619 0.006017
v 0.525349 -0.382039 0.016736
v 0.523651 -0.36619 0.006017
v 0.517064 -0.382039 0.006017
v 0.529504 -0.372043 0.016736
v 0.5395 -0.367889 0.016736
v 0.5395 -0.359604 0.006017
v 0.529504 -0.372043 0.016736
v 0.5395 -0.359604 0.006017
v 0.523651 -0.36619 0.006017
v 0.5395 -0.367889 0.016736
v 0.549495 -0.372043 0.016736
v 0.555348 -0.36619 0.006017
v 0.5395 -0.367889 0.016736
v 0.555348 -0.36619 0.006017
v 0.5395 -0.359604 0.006017
v 0.549495 -0.372043 0.016736
v 0.55365 -0.382039 0.016736
v 0.561935 -0.382039 0.006017
v 0.549495 -0.372043 0.016736
v 0.561935 -0.382039 0.006017
v 0.555348 -0.36619 0.006017
v 0.549495 -0.392038 0.016736
v 0.5395 -0.396192 0.016736
v 0.5395 -0.404477 0.006017
v 0.549495 -0.392038 0.016736
v 0.5395 -0.404477 0.006017
v 0.555348 -0.397891 0.006017
v 0.55365 -0.382039 0.016736
v 0.549495 -0.392038 0.016736
v 0.555348 -0.397891 0.006017
v 0.55365 -0.382039 0.016736
v 0.555348 -0.397891 0.006017
v 0.561935 -0.382039 0.006017
v 0.5395 -0.404477 0.006017
v 0.523651 -0.397891 0.006017
v 0.523651 -0.397891 -0.000489
v 0.5395 -0.404477 0.006017
v 0.523651 -0.397891 -0.000489
v 0.5395 -0.404477 -0.000489
v 0.523651 -0.397891 0.006017
v 0.517064 -0.382039 0.006017
v 0.517064 -0.382039 -0.000489
v 0.523651 -0.397891 0.006017
v 0.517064 -0.382039 -0.000489
v 0.523651 -0.397891 -0.000489
v 0.517064 -0.382039 0.006017
v 0.523651 -0.36619 0.006017
v 0.523651 -0.36619 -0.000489
v 0.517064 -0.382039 0.006017
v 0.523651 -0.36619 -0.000489
v 0.517064 -0.382039 -0.000489
v 0.523651 -0.36619 0.006017
v 0.5395 -0.359604 0.006017
v 0.5395 -0.359604 -0.000489
v 0.523651 -0.36619 0.006017
v 0.5395 -0.359604 -0.000489
v 0.523651 -0.36619 -0.000489
v 0.5395 -0.359604 0.006017
v 0.555348 -0.36619 0.006017
v 0.555348 -0.36619 -0.000489
v 0.5395 -0.359604 0.006017
v 0.555348 -0.36619 -0.000489
v 0.5395 -0.359604 -0.000489
v 0.555348 -0.36619 0.006017
v 0.561935 -0.382039 0.006017
v 0.561935 -0.382039 -0.000489
v 0.555348 -0.36619 0.006017
v 0.561935 -0.382039 -0.000489
v 0.555348 -0.36619 -0.000489
v 0.555348 -0.397891 0.006017
v 0.5395 -0.404477 0.006017
v 0.5395 -0.404477 -0.000489
v 0.555348 -0.397891 0.006017
v 0.5395 -0.404477 -0.000489
v 0.555348 -0.397891 -0.000489
v 0.561935 -0.382039 0.006017
v 0.555348 -0.397891 0.006017
v 0.555348 -0.397891 -0.000489
v 0.561935 -0.382039 0.006017
v 0.555348 -0.397891 -0.000489
v 0.561935 -0.382039 -0.000489
v 0.562 -0.359541 0.119509
v 0.562 -0.40454 0.119508
v 0.562 -0.40454 0.03051
v 0.562 -0.359541 0.119509
v 0.562 -0.40454 0.03051
v 0.562 -0.359541 0.030525
v 0.516999 -0.315538 0.030525
v 0.562 -0.359541 0.030525
v 0.5395 -0.374839 0.03051
v 0.516999 -0.353539 0.119448
v 0.562 -0.353539 0.119448
v 0.562 -0.315544 0.081497
v 0.516999 -0.353539 0.119448
v 0.562 -0.315544 0.081497
v 0.516999 -0.315544 0.081497
v 0.562 -0.315544 0.081497
v 0.562 -0.353539 0.119448
v 0.562 -0.359541 0.119509
v 0.562 -0.315544 0.081497
v 0.562 -0.359541 0.119509
v 0.562 -0.359541 0.030525
v 0.511003 -0.359541 0.119448
v 0.472999 -0.359541 0.081497
v 0.472999 -0.40454 0.081497
v 0.511003 -0.359541 0.119448
v 0.472999 -0.40454 0.081497
v 0.511003 -0.40454 0.119448
v 0.511003 -0.40454 0.119448
v 0.472999 -0.40454 0.081497
v 0.516999 -0.40454 0.030525
v 0.511003 -0.40454 0.119448
v 0.516999 -0.40454 0.030525
v 0.516999 -0.40454 0.119509
v 0.516999 -0.40454 0.030525
v 0.562 -0.40454 0.03051
v 0.562 -0.40454 0.119508
v 0.516999 -0.40454 0.030525
v 0.562 -0.40454 0.119508
v 0.516999 -0.40454 0.119509
v 0.511003 -0.315574 0.03051
v 0.516999 -0.315538 0.030525
v 0.472996 -0.359541 0.030525
v 0.511003 -0.315574 0.03051
v 0.472996 -0.359541 0.030525
v 0.472999 -0.353539 0.03051
v -0.0225 -0.40454 0.03054
v -0.0225 -0.359541 0.03054
v 0.0665 -0.359541 0.03054
v -0.0225 -0.40454 0.03054
v 0.0665 -0.359541 0.03054
v 0.0665 -0.40454 0.03054
v -0.0225 -0.359541 0.03054
v 0.0225 -0.315541 0.03054
v 0.0665 -0.359541 0.03054
v 0.0665 -0.40454 0.081512
v -0.0225 -0.40454 0.081512
v -0.0225 -0.40454 0.03054
v 0.0665 -0.40454 0.081512
v -0.0225 -0.40454 0.03054
v 0.0665 -0.40454 0.03054
v -0.0225 -0.40454 0.081512
v -0.472999 -0.40454 0.081482
v -0.516999 -0.40454 0.03052
v -0.0225 -0.40454 0.081512
v -0.516999 -0.40454 0.03052
v -0.0225 -0.40454 0.03054
v -0.0225 0.000453 0.081497
v -0.472999 -0.001204 0.081512
v -0.472999 -0.359541 0.081492
v -0.0225 0.000453 0.081497
v -0.472999 -0.359541 0.081492
v -0.0225 -0.359541 0.081512
v 0.0225 -0.359541 0.708337
v 0.0225 -0.315541 0.708337
v 0.0225 -0.315541 0.753331
v 0.0225 -0.359541 0.708337
v 0.0225 -0.315541 0.753331
v 0.0225 -0.359541 0.753331
v 0.516999 0.316459 0.081512
v 0.516999 0.35446 0.119478
v 0.516999 0.360459 0.119478
v 0.516999 0.316459 0.081512
v 0.516999 0.360459 0.119478
v 0.516999 0.360459 0.081512
v 0.511003 0.360459 0.119478
v 0.472999 0.360459 0.081497
v 0.516999 0.360459 0.081512
v 0.511003 0.360459 0.119478
v 0.516999 0.360459 0.081512
v 0.516999 0.360459 0.119478
v 0.562 0.35446 0.119478
v 0.562 0.360459 0.119537
v 0.516999 0.360459 0.119478
v 0.562 0.35446 0.119478
v 0.516999 0.360459 0.119478
v 0.516999 0.35446 0.119478
v 0.516999 0.405461 0.119537
v 0.511003 0.405461 0.119478
v 0.511003 0.360459 0.119478
v 0.516999 0.405461 0.119537
v 0.511003 0.360459 0.119478
v 0.516999 0.360459 0.119478
v 0.562 0.360459 0.619331
v 0.516999 0.360459 0.619331
v 0.516999 0.360459 0.119478
v 0.562 0.360459 0.619331
v 0.516999 0.360459 0.119478
v 0.562 0.360459 0.119537
v 0.516999 0.360459 0.619331
v 0.516999 0.405461 0.619331
v 0.516999 0.405461 0.119537
v 0.516999 0.360459 0.619331
v 0.516999 0.405461 0.119537
v 0.516999 0.360459 0.119478
v 0.472999 -0.359541 0.081497
v 0.511003 -0.359541 0.119448
v 0.516999 -0.359541 0.119448
v 0.472999 -0.359541 0.081497
v 0.516999 -0.359541 0.119448
v 0.516999 -0.359541 0.081497
v 0.516999 -0.353539 0.119448
v 0.516999 -0.315544 0.081497
v 0.516999 -0.359541 0.081497
v 0.516999 -0.353539 0.119448
v 0.516999 -0.359541 0.081497
v 0.516999 -0.359541 0.119448
v 0.511003 -0.40454 0.119448
v 0.516999 -0.40454 0.119509
v 0.516999 -0.359541 0.119448
v 0.511003 -0.40454 0.119448
v 0.516999 -0.359541 0.119448
v 0.511003 -0.359541 0.119448
v 0.562 -0.359541 0.119509
v 0.562 -0.353539 0.119448
v 0.516999 -0.353539 0.119448
v 0.562 -0.359541 0.119509
v 0.516999 -0.353539 0.119448
v 0.516999 -0.359541 0.119448
v 0.516999 -0.40454 0.619331
v 0.516999 -0.359541 0.619331
v 0.516999 -0.359541 0.119448
v 0.516999 -0.40454 0.619331
v 0.516999 -0.359541 0.119448
v 0.516999 -0.40454 0.119509
v 0.516999 -0.359541 0.619331
v 0.562 -0.359541 0.619331
v 0.562 -0.359541 0.119509
v 0.516999 -0.359541 0.619331
v 0.562 -0.359541 0.119509
v 0.516999 -0.359541 0.119448
v -0.472999 0.360459 0.081497
v -0.511003 0.360459 0.119478
v -0.516999 0.360459 0.119478
v -0.472999 0.360459 0.081497
v -0.516999 0.360459 0.119478
v -0.516999 0.360459 0.081512
v -0.516999 0.35446 0.119478
v -0.516999 0.316459 0.081512
v -0.516999 0.360459 0.081512
v -0.516999 0.35446 0.119478
v -0.516999 0.360459 0.081512
v -0.516999 0.360459 0.119478
v -0.511003 0.405461 0.119478
v -0.516999 0.405461 0.119537
v -0.516999 0.360459 0.119478
v -0.511003 0.405461 0.119478
v -0.516999 0.360459 0.119478
v -0.511003 0.360459 0.119478
v -0.562 0.360459 0.119537
v -0.562 0.35446 0.119478
v -0.516999 0.35446 0.119478
v -0.562 0.360459 0.119537
v -0.516999 0.35446 0.119478
v -0.516999 0.360459 0.119478
v -0.516999 0.405461 0.619331
v -0.516999 0.360459 0.619331
v -0.516999 0.360459 0.119478
v -0.516999 0.405461 0.619331
v -0.516999 0.360459 0.119478
v -0.516999 0.405461 0.119537
v -0.516999 0.360459 0.619331
v -0.562 0.360459 0.619331
v -0.562 0.360459 0.119537
v -0.516999 0.360459 0.619331
v -0.562 0.360459 0.119537
v -0.516999 0.360459 0.119478
v -0.516999 -0.315541 0.081482
v -0.516999 -0.353539 0.119448
v -0.516999 -0.359541 0.119448
v -0.516999 -0.315541 0.081482
v -0.516999 -0.359541 0.119448
v -0.516999 -0.359541 0.081482
v -0.511003 -0.359541 0.119448
v -0.472999 -0.359541 0.081492
v -0.516999 -0.359541 0.081482
v -0.511003 -0.359541 0.119448
v -0.516999 -0.359541 0.081482
v -0.516999 -0.359541 0.119448
v -0.516999 -0.40454 0.119509
v -0.511003 -0.40454 0.119448
v -0.511003 -0.359541 0.119448
v -0.516999 -0.40454 0.119509
v -0.511003 -0.359541 0.119448
v -0.516999 -0.359541 0.119448
v -0.562 -0.353539 0.119448
v -0.562 -0.359541 0.119509
v -0.516999 -0.359541 0.119448
v -0.562 -0.353539 0.119448
v -0.516999 -0.359541 0.119448
v -0.516999 -0.353539 0.119448
v -0.562 -0.359541 0.619331
v -0.516999 -0.359541 0.619331
v -0.516999 -0.359541 0.119448
v -0.562 -0.359541 0.619331
v -0.516999 -0.359541 0.119448
v -0.562 -0.359541 0.119509
v -0.516999 -0.359541 0.619331
v -0.516999 -0.40454 0.619331
v -0.516999 -0.40454 0.119509
v -0.516999 -0.359541 0.619331
v -0.516999 -0.40454 0.119509
v -0.516999 -0.359541 0.119448
v 0.0225 0.04646 0.753332
v -0.0225 0.090461 0.753331
v -0.0225 -0.315541 0.753331
v 0.0225 0.04646 0.753332
v -0.0225 -0.315541 0.753331
v 0.0225 -0.315541 0.753331
v 0.0225 0.04646 0.708337
v 0.0225 0.04646 0.753332
v 0.0225 -0.315541 0.753331
v 0.0225 0.04646 0.708337
v 0.0225 -0.315541 0.753331
v 0.0225 -0.315541 0.708337
v -0.0225 0.090461 0.708337
v 0.0225 0.04646 0.708337
v 0.0225 -0.315541 0.708337
v -0.0225 0.090461 0.708337
v 0.0225 -0.315541 0.708337
v -0.0225 -0.315541 0.708337
v -0.0225 0.090461 0.753331
v -0.0225 0.090461 0.708337
v -0.0225 -0.315541 0.708337
v -0.0225 0.090461 0.753331
v -0.0225 -0.315541 0.708337
v -0.0225 -0.315541 0.753331
v 0.066466 0.084461 0.708337
v 0.066466 0.084461 0.753331
v 0.0285 0.04646 0.753331
v 0.066466 0.084461 0.708337
v 0.0285 0.04646 0.753331
v 0.0285 0.04646 0.708337
v 0.066483 0.090461 0.753331
v 0.066466 0.084461 0.753331
v 0.066466 0.084461 0.708337
v 0.066483 0.090461 0.753331
v 0.066466 0.084461 0.708337
v 0.066483 0.090461 0.708331
v 0.066466 0.084461 0.708337
v 0.0285 0.04646 0.708337
v 0.0225 0.04646 0.708337
v 0.066466 0.084461 0.708337
v 0.0225 0.04646 0.708337
v 0.066483 0.090461 0.708331
v 0.0225 0.04646 0.708337
v 0.0285 0.04646 0.708337
v 0.0285 0.04646 0.753331
v 0.0225 0.04646 0.708337
v 0.0285 0.04646 0.753331
v 0.0225 0.04646 0.753332
v 0.066466 0.084461 0.753331
v 0.066483 0.090461 0.753331
v 0.0225 0.04646 0.753332
v 0.066466 0.084461 0.753331
v 0.0225 0.04646 0.753332
v 0.0285 0.04646 0.753331
v -0.0225 0.090461 0.753331
v 0.0225 0.04646 0.753332
v 0.066483 0.090461 0.753331
v -0.0225 0.090461 0.753331
v 0.066483 0.090461 0.753331
v -0.0225 0.360459 0.753331
vt 0.482174 0.40735
vt 0.482174 0.424527
vt 0.467682 0.424527
vt 0.482174 0.40735
vt 0.467682 0.424527
vt 0.467682 0.40735
vt 0.655146 0.465015
vt 0.653181 0.465015
vt 0.653181 0.450276
vt 0.655146 0.465015
vt 0.653181 0.450276
vt 0.655146 0.450276
vt 0.465391 0.40735
vt 0.467682 0.40735
vt 0.467682 0.424527
vt 0.465391 0.40735
vt 0.467682 0.424527
vt 0.465391 0.424527
vt 0.547231 0.029241
vt 0.547231 0.162799
vt 0.532446 0.162799
vt 0.547231 0.029241
vt 0.532446 0.162799
vt 0.532446 0.029241
vt 0.795437 0.337019
vt 0.795437 0.51372
vt 0.778742 0.48457
vt 0.795437 0.337019
vt 0.778742 0.48457
vt 0.778742 0.35143
vt 0.29584 0.410104
vt 0.29584 0.557655
vt 0.281101 0.572393
vt 0.29584 0.410104
vt 0.281101 0.572393
vt 0.281101 0.395693
vt 0.532446 0.029241
vt 0.532446 0.162799
vt 0.414164 0.162799
vt 0.532446 0.029241
vt 0.414164 0.162799
vt 0.414163 0.029241
vt 0.790391 0.702077
vt 0.790391 0.849628
vt 0.775652 0.849628
vt 0.790391 0.702077
vt 0.775652 0.849628
vt 0.775652 0.702077
vt 0.646533 0.405213
vt 0.639184 0.405213
vt 0.641341 0.400022
vt 0.646533 0.405213
vt 0.641341 0.400022
vt 0.646533 0.397865
vt 0.281101 0.380954
vt 0.286804 0.386657
vt 0.286111 0.388323
vt 0.28847 0.390682
vt 0.281101 0.395693
vt 0.286804 0.38999
vt 0.290829 0.388323
vt 0.310255 0.395693
vt 0.290137 0.38999
vt 0.281101 0.380954
vt 0.288495 0.385964
vt 0.286804 0.386657
vt 0.193023 0.488145
vt 0.193023 0.49284
vt 0.191289 0.49284
vt 0.193023 0.488145
vt 0.191289 0.49284
vt 0.191289 0.488145
vt 0.143466 0.49284
vt 0.143466 0.488145
vt 0.145201 0.488145
vt 0.143466 0.49284
vt 0.145201 0.488145
vt 0.145201 0.49284
vt 0.559869 0.35128
vt 0.559869 0.346585
vt 0.561603 0.346585
vt 0.559869 0.35128
vt 0.561603 0.346585
vt 0.561603 0.35128
vt 0.476457 0.49173
vt 0.478191 0.49173
vt 0.478191 0.496425
vt 0.476457 0.49173
vt 0.478191 0.496425
vt 0.476431 0.496419
vt 0.145201 0.488145
vt 0.146935 0.488145
vt 0.146935 0.49284
vt 0.145201 0.488145
vt 0.146935 0.49284
vt 0.145201 0.49284
vt 0.646533 0.405213
vt 0.646533 0.412561
vt 0.641341 0.410404
vt 0.646533 0.405213
vt 0.641341 0.410404
vt 0.639184 0.405213
vt 0.474723 0.496425
vt 0.474723 0.49173
vt 0.476457 0.49173
vt 0.474723 0.496425
vt 0.476457 0.49173
vt 0.476431 0.496419
vt 0.194757 0.488145
vt 0.194757 0.49284
vt 0.193023 0.49284
vt 0.194757 0.488145
vt 0.193023 0.49284
vt 0.193023 0.488145
vt 0.561603 0.346585
vt 0.563338 0.346585
vt 0.563338 0.35128
vt 0.561603 0.346585
vt 0.563338 0.35128
vt 0.561603 0.35128
vt 0.653881 0.405213
vt 0.651724 0.410404
vt 0.646533 0.412561
vt 0.653881 0.405213
vt 0.646533 0.412561
vt 0.646533 0.405213
vt 0.651724 0.400022
vt 0.653881 0.405213
vt 0.646533 0.405213
vt 0.651724 0.400022
vt 0.646533 0.405213
vt 0.646533 0.397865
vt 0.281101 0.380954
vt 0.29584 0.380954
vt 0.288495 0.385964
vt 0.281101 0.395693
vt 0.286111 0.388323
vt 0.286804 0.38999
vt 0.281101 0.395693
vt 0.281101 0.380954
vt 0.286111 0.388323
vt 0.28847 0.390682
vt 0.290137 0.38999
vt 0.310255 0.395693
vt 0.310255 0.395693
vt 0.29584 0.410104
vt 0.281101 0.395693
vt 0.310255 0.395693
vt 0.281101 0.395693
vt 0.28847 0.390682
vt 0.29584 0.380954
vt 0.290137 0.386657
vt 0.288495 0.385964
vt 0.290829 0.388323
vt 0.290137 0.386657
vt 0.29584 0.380954
vt 0.199565 0.421234
vt 0.199565 0.42384
vt 0.195816 0.422282
vt 0.199565 0.421234
vt 0.195816 0.422282
vt 0.197657 0.420441
vt 0.197657 0.420441
vt 0.195816 0.422282
vt 0.194258 0.418533
vt 0.197657 0.420441
vt 0.194258 0.418533
vt 0.196864 0.418533
vt 0.196864 0.418533
vt 0.194258 0.418533
vt 0.195816 0.414785
vt 0.196864 0.418533
vt 0.195816 0.414785
vt 0.197657 0.416625
vt 0.197657 0.416625
vt 0.195816 0.414785
vt 0.199565 0.413227
vt 0.197657 0.416625
vt 0.199565 0.413227
vt 0.199565 0.415833
vt 0.199565 0.415833
vt 0.199565 0.413227
vt 0.203313 0.414785
vt 0.199565 0.415833
vt 0.203313 0.414785
vt 0.201473 0.416625
vt 0.201473 0.416625
vt 0.203313 0.414785
vt 0.204871 0.418533
vt 0.201473 0.416625
vt 0.204871 0.418533
vt 0.202266 0.418533
vt 0.201473 0.420441
vt 0.203313 0.422282
vt 0.199565 0.42384
vt 0.201473 0.420441
vt 0.199565 0.42384
vt 0.199565 0.421234
vt 0.202266 0.418533
vt 0.204871 0.418533
vt 0.203313 0.422282
vt 0.202266 0.418533
vt 0.203313 0.422282
vt 0.201473 0.420441
vt 0.199565 0.42384
vt 0.199565 0.426946
vt 0.193621 0.424477
vt 0.199565 0.42384
vt 0.193621 0.424477
vt 0.195816 0.422282
vt 0.202198 0.44797
vt 0.198313 0.450091
vt 0.198313 0.444346
vt 0.202198 0.44797
vt 0.198313 0.444346
vt 0.202198 0.444346
vt 0.202198 0.444346
vt 0.198313 0.444346
vt 0.198313 0.438601
vt 0.202198 0.444346
vt 0.198313 0.438601
vt 0.202198 0.440722
vt 0.195816 0.414785
vt 0.193621 0.41259
vt 0.199565 0.41012
vt 0.195816 0.414785
vt 0.199565 0.41012
vt 0.199565 0.413227
vt 0.199565 0.413227
vt 0.199565 0.41012
vt 0.205508 0.41259
vt 0.199565 0.413227
vt 0.205508 0.41259
vt 0.203313 0.414785
vt 0.150877 0.44797
vt 0.146991 0.450092
vt 0.146991 0.444346
vt 0.150877 0.44797
vt 0.146991 0.444346
vt 0.150877 0.444346
vt 0.203313 0.422282
vt 0.205508 0.424477
vt 0.199565 0.426946
vt 0.203313 0.422282
vt 0.199565 0.426946
vt 0.199565 0.42384
vt 0.150877 0.444346
vt 0.146991 0.444346
vt 0.146991 0.438601
vt 0.150877 0.444346
vt 0.146991 0.438601
vt 0.150877 0.440722
vt 0.307928 0.48838
vt 0.310146 0.48838
vt 0.310146 0.493783
vt 0.307928 0.48838
vt 0.310146 0.493783
vt 0.307928 0.493783
vt 0.198313 0.450091
vt 0.195954 0.450091
vt 0.195954 0.444346
vt 0.198313 0.450091
vt 0.195954 0.444346
vt 0.198313 0.444346
vt 0.198313 0.444346
vt 0.195954 0.444346
vt 0.195954 0.438601
vt 0.198313 0.444346
vt 0.195954 0.438601
vt 0.198313 0.438601
vt 0.495602 0.497218
vt 0.493385 0.497218
vt 0.493385 0.491815
vt 0.495602 0.497218
vt 0.493385 0.491815
vt 0.495602 0.491815
vt 0.495602 0.491815
vt 0.493385 0.491815
vt 0.493385 0.486413
vt 0.495602 0.491815
vt 0.493385 0.486413
vt 0.495602 0.486413
vt 0.146991 0.450092
vt 0.144633 0.450092
vt 0.144633 0.444346
vt 0.146991 0.450092
vt 0.144633 0.444346
vt 0.146991 0.444346
vt 0.307928 0.482978
vt 0.310146 0.482978
vt 0.310146 0.48838
vt 0.307928 0.482978
vt 0.310146 0.48838
vt 0.307928 0.48838
vt 0.146991 0.444346
vt 0.144633 0.444346
vt 0.144633 0.438601
vt 0.146991 0.444346
vt 0.144633 0.438601
vt 0.146991 0.438601
vt 0.589028 0.014739
vt 0.559879 0.014739
vt 0.559879 0
vt 0.589028 0.014739
vt 0.559879 0
vt 0.589028 0
vt 0.310255 0.395693
vt 0.290829 0.388323
vt 0.29584 0.380954
vt 0.532446 0.014785
vt 0.532446 0.029241
vt 0.414163 0.029241
vt 0.532446 0.014785
vt 0.414163 0.029241
vt 0.51799 0.014785
vt 0.530475 0.014785
vt 0.51799 0.014785
vt 0.51799 0
vt 0.530475 0.014785
vt 0.51799 0
vt 0.530475 0
vt 0.576574 0.02915
vt 0.559879 0.014739
vt 0.589028 0.014739
vt 0.576574 0.02915
vt 0.589028 0.014739
vt 0.589008 0.016704
vt 0.532446 0.016756
vt 0.547231 0.016756
vt 0.547231 0.029241
vt 0.532446 0.016756
vt 0.547231 0.029241
vt 0.532446 0.029241
vt 0.766307 0.338984
vt 0.766288 0.337019
vt 0.795437 0.337019
vt 0.766307 0.338984
vt 0.795437 0.337019
vt 0.778742 0.35143
vt 0.795437 0.337019
vt 0.766288 0.337019
vt 0.766288 0.322281
vt 0.795437 0.337019
vt 0.766288 0.322281
vt 0.795437 0.322281
vt 0.642264 0.129655
vt 0.642264 0.233388
vt 0.627525 0.233388
vt 0.642264 0.129655
vt 0.627525 0.233388
vt 0.627525 0.129655
vt 0.413927 0
vt 0.51799 0
vt 0.51799 0.014785
vt 0.413927 0
vt 0.51799 0.014785
vt 0.414163 0.029241
vt 0.96714 0.774898
vt 0.967141 0.671151
vt 0.969107 0.671166
vt 0.96714 0.774898
vt 0.969107 0.671166
vt 0.969107 0.774898
vt 0.31024 0.397658
vt 0.297805 0.410104
vt 0.29584 0.410104
vt 0.31024 0.397658
vt 0.29584 0.410104
vt 0.310255 0.395693
vt 0.29584 0.380954
vt 0.413988 0.380954
vt 0.413988 0.395693
vt 0.29584 0.380954
vt 0.413988 0.395693
vt 0.310255 0.395693
vt 0.576574 0.02915
vt 0.576574 0.132887
vt 0.559879 0.132887
vt 0.576574 0.02915
vt 0.559879 0.132887
vt 0.559879 0.014739
vt 0.164091 0.016704
vt 0.164091 0.001965
vt 0.223373 0.001965
vt 0.164091 0.016704
vt 0.223373 0.001965
vt 0.252523 0.016704
vt 0.865455 0.273872
vt 0.880193 0.273872
vt 0.880193 0.317761
vt 0.865455 0.273872
vt 0.880193 0.317761
vt 0.865455 0.317761
vt 0.072323 0.055555
vt 0.072323 0.116793
vt 0.057584 0.116793
vt 0.072323 0.055555
vt 0.057584 0.116793
vt 0.057584 0.028361
vt 0.685464 0.028344
vt 0.700203 0.028344
vt 0.700203 0.087626
vt 0.685464 0.028344
vt 0.700203 0.087626
vt 0.685464 0.087626
vt 0.948279 0.317761
vt 0.948279 0.273872
vt 0.963017 0.273872
vt 0.948279 0.317761
vt 0.963017 0.273872
vt 0.963017 0.317761
vt 0.164091 0.016704
vt 0.252523 0.016704
vt 0.252523 0.193404
vt 0.164091 0.016704
vt 0.252523 0.193404
vt 0.164091 0.16426
vt 0.267261 0.045854
vt 0.267261 0.193404
vt 0.252523 0.193404
vt 0.267261 0.045854
vt 0.252523 0.193404
vt 0.252523 0.016704
vt 0.573442 0.366169
vt 0.573442 0.498981
vt 0.558703 0.51372
vt 0.573442 0.366169
vt 0.558703 0.51372
vt 0.558703 0.366169
vt 0.014739 0.412894
vt 0.014739 0.560428
vt 0 0.560428
vt 0.014739 0.412894
vt 0 0.560428
vt 0 0.427616
vt 0.736361 0.716816
vt 0.736361 0.864371
vt 0.72162 0.864371
vt 0.736361 0.716816
vt 0.72162 0.864371
vt 0.721623 0.731243
vt 0.982104 0.599059
vt 0.982104 0.569909
vt 0.996843 0.597101
vt 0.982104 0.599059
vt 0.996843 0.597101
vt 0.996843 0.599059
vt 0.963017 0.317761
vt 0.963017 0.273872
vt 0.992167 0.273872
vt 0.963017 0.317761
vt 0.992167 0.273872
vt 0.992167 0.288611
vt 0.072323 0.028361
vt 0.072323 0.055555
vt 0.057584 0.028361
vt 0.252523 0.016704
vt 0.252523 0
vt 0.267261 0
vt 0.252523 0.016704
vt 0.267261 0
vt 0.267261 0.001965
vt 0.465391 0.436184
vt 0.467357 0.436184
vt 0.467357 0.480073
vt 0.465391 0.436184
vt 0.467357 0.480073
vt 0.465391 0.480073
vt 0.741827 0.126483
vt 0.744046 0.126483
vt 0.744046 0.143126
vt 0.741827 0.126483
vt 0.744046 0.143126
vt 0.741827 0.143126
vt 0.744046 0.143126
vt 0.744046 0.176042
vt 0.741827 0.173834
vt 0.744046 0.143126
vt 0.741827 0.173834
vt 0.741827 0.143126
vt 0.704502 0.458621
vt 0.706467 0.458621
vt 0.706467 0.47336
vt 0.704502 0.458621
vt 0.706467 0.47336
vt 0.704502 0.47336
vt 0.223373 0.001965
vt 0.223373 0
vt 0.252523 0
vt 0.223373 0.001965
vt 0.252523 0
vt 0.252523 0.016704
vt 0.668711 0.276954
vt 0.641517 0.304148
vt 0.641518 0.276954
vt 0.736361 0.716816
vt 0.721623 0.731243
vt 0.721623 0.716816
vt 0.057584 0.116793
vt 0.043157 0.116793
vt 0.043157 0.028361
vt 0.057584 0.116793
vt 0.043157 0.028361
vt 0.057584 0.028361
vt 0.014739 0.398466
vt 0.014739 0.412894
vt 0 0.427616
vt 0.014739 0.398466
vt 0 0.427616
vt 0 0.398466
vt 0.836305 0.288611
vt 0.836305 0.273872
vt 0.865455 0.273872
vt 0.836305 0.288611
vt 0.865455 0.273872
vt 0.865455 0.317761
vt 0.445563 0.436184
vt 0.447528 0.436184
vt 0.447528 0.480073
vt 0.445563 0.436184
vt 0.447528 0.480073
vt 0.445563 0.480073
vt 0.267261 0.001965
vt 0.269226 0.001965
vt 0.269226 0.016704
vt 0.267261 0.001965
vt 0.269226 0.016704
vt 0.252523 0.016704
vt 0.49535 0.474756
vt 0.493385 0.474756
vt 0.493385 0.460017
vt 0.49535 0.474756
vt 0.493385 0.460017
vt 0.49535 0.460017
vt 0.031379 0.269028
vt 0.02916 0.269028
vt 0.02916 0.252385
vt 0.031379 0.269028
vt 0.02916 0.252385
vt 0.031379 0.252385
vt 0.02916 0.219468
vt 0.031379 0.219468
vt 0.031379 0.252385
vt 0.02916 0.219468
vt 0.031379 0.252385
vt 0.02916 0.252385
vt 0.612357 0.892986
vt 0.612357 0.865793
vt 0.627096 0.865793
vt 0.612357 0.892986
vt 0.627096 0.865793
vt 0.627096 0.892986
vt 0.744046 0.176042
vt 0.741827 0.176042
vt 0.741827 0.173834
vt 0.05831 0.155258
vt 0.02916 0.155258
vt 0.02916 0.126108
vt 0.269226 0.016704
vt 0.269226 0.045854
vt 0.267261 0.045854
vt 0.269226 0.016704
vt 0.267261 0.045854
vt 0.252523 0.016704
vt 0.721623 0.716816
vt 0.719665 0.716816
vt 0.719665 0.702077
vt 0.721623 0.716816
vt 0.719665 0.702077
vt 0.721623 0.702077
vt 0.685464 0.087626
vt 0.683507 0.087626
vt 0.683509 0.026388
vt 0.685464 0.087626
vt 0.683509 0.026388
vt 0.685464 0.028344
vt 0.795105 0.114501
vt 0.793148 0.114501
vt 0.793148 0.026067
vt 0.795105 0.114501
vt 0.793148 0.026067
vt 0.795105 0.026067
vt 0.721623 0.731243
vt 0.719665 0.731243
vt 0.719665 0.716816
vt 0.721623 0.731243
vt 0.719665 0.716816
vt 0.721623 0.716816
vt 0.363915 0.462896
vt 0.365872 0.462896
vt 0.365872 0.477324
vt 0.363915 0.462896
vt 0.365872 0.477324
vt 0.363915 0.477324
vt 0.982104 0.569909
vt 0.996843 0.569909
vt 0.996843 0.597101
vt 0.103171 0.412894
vt 0.103171 0.546022
vt 0.014739 0.560428
vt 0.103171 0.412894
vt 0.014739 0.560428
vt 0.014739 0.412894
vt 0.132255 0.4273
vt 0.117763 0.4273
vt 0.117763 0.410123
vt 0.132255 0.4273
vt 0.117763 0.410123
vt 0.132255 0.410123
vt 0.130636 0.476216
vt 0.130636 0.461477
vt 0.132601 0.461477
vt 0.130636 0.476216
vt 0.132601 0.461477
vt 0.132601 0.476216
vt 0.115473 0.4273
vt 0.115473 0.410123
vt 0.117763 0.410123
vt 0.115473 0.4273
vt 0.117763 0.410123
vt 0.117763 0.4273
vt 0.517259 0.555689
vt 0.529694 0.543243
vt 0.531659 0.543243
vt 0.517259 0.555689
vt 0.531659 0.543243
vt 0.517248 0.557655
vt 0.365813 0.422089
vt 0.321925 0.422089
vt 0.321925 0.40735
vt 0.365813 0.422089
vt 0.321925 0.40735
vt 0.365813 0.40735
vt 0.791982 0.236933
vt 0.791982 0.22029
vt 0.794201 0.22029
vt 0.791982 0.236933
vt 0.794201 0.22029
vt 0.794201 0.236933
vt 0.794201 0.22029
vt 0.791982 0.22029
vt 0.791982 0.187374
vt 0.794201 0.22029
vt 0.791982 0.187374
vt 0.794201 0.187374
vt 0.667178 0.47336
vt 0.667178 0.458621
vt 0.669143 0.458621
vt 0.667178 0.47336
vt 0.669143 0.458621
vt 0.669143 0.47336
vt 0.045854 0.001965
vt 0.001965 0.001965
vt 0.001965 0
vt 0.045854 0.001965
vt 0.001965 0
vt 0.045854 0
vt 0.559869 0.306104
vt 0.559869 0.276954
vt 0.589019 0.276954
vt 0.351074 0.451239
vt 0.321925 0.422089
vt 0.365813 0.422089
vt 0.351074 0.451239
vt 0.365813 0.422089
vt 0.365813 0.451239
vt 0.250557 0.412885
vt 0.250557 0.398466
vt 0.265296 0.398466
vt 0.250557 0.412885
vt 0.265296 0.398466
vt 0.265296 0.427616
vt 0.001965 0.001965
vt 0.016704 0.016704
vt 0.016704 0.031123
vt 0.001965 0.001965
vt 0.016704 0.031123
vt 0.001965 0.045854
vt 0.115473 0.476844
vt 0.115473 0.462105
vt 0.117438 0.462105
vt 0.115473 0.476844
vt 0.117438 0.462105
vt 0.117438 0.476844
vt 0.377912 0.485737
vt 0.377912 0.469094
vt 0.380131 0.469094
vt 0.377912 0.485737
vt 0.380131 0.469094
vt 0.380131 0.485737
vt 0.380131 0.436178
vt 0.380131 0.469094
vt 0.377912 0.469094
vt 0.380131 0.436178
vt 0.377912 0.469094
vt 0.377912 0.436178
vt 0.069984 0.128441
vt 0.099133 0.157591
vt 0.069984 0.157591
vt 0.90703 0.317761
vt 0.892292 0.317761
vt 0.892292 0.288611
vt 0.90703 0.317761
vt 0.892292 0.288611
vt 0.93618 0.288611
vt 0.862707 0.599068
vt 0.847969 0.599068
vt 0.847969 0.569918
vt 0.862707 0.599068
vt 0.847969 0.569918
vt 0.862707 0.569918
vt 0.92845 0.406193
vt 0.943189 0.406193
vt 0.943189 0.435343
vt 0.92845 0.406193
vt 0.943189 0.435343
vt 0.92845 0.435343
vt 0 0.045854
vt 0 0.001965
vt 0.001965 0.001965
vt 0 0.045854
vt 0.001965 0.001965
vt 0.001965 0.045854
vt 0.892292 0.288611
vt 0.892292 0.273872
vt 0.93618 0.273872
vt 0.892292 0.288611
vt 0.93618 0.273872
vt 0.93618 0.288611
vt 0.016704 0.178666
vt 0.001965 0.193404
vt 0.001965 0.045854
vt 0.016704 0.178666
vt 0.001965 0.045854
vt 0.016704 0.031123
vt 0.995676 0.804301
vt 0.980938 0.803797
vt 0.980938 0.65675
vt 0.995676 0.804301
vt 0.980938 0.65675
vt 0.995676 0.65675
vt 0.265296 0.574662
vt 0.250557 0.560428
vt 0.250557 0.412885
vt 0.265296 0.574662
vt 0.250557 0.412885
vt 0.265296 0.427616
vt 0.103171 0.383727
vt 0.221407 0.383727
vt 0.236147 0.398466
vt 0.103171 0.383727
vt 0.236147 0.398466
vt 0.103171 0.398466
vt 0.58553 0.481653
vt 0.58553 0.348677
vt 0.600269 0.348677
vt 0.58553 0.481653
vt 0.600269 0.348677
vt 0.600269 0.481653
vt 0.045854 0.001965
vt 0.164091 0.001965
vt 0.164091 0.016704
vt 0.045854 0.001965
vt 0.164091 0.016704
vt 0.031115 0.016704
vt 0.700203 0.087626
vt 0.700203 0.205863
vt 0.685464 0.205863
vt 0.700203 0.087626
vt 0.685464 0.205863
vt 0.685464 0.087626
vt 0.836294 0.014739
vt 0.836294 0
vt 1 0
vt 0.836294 0.014739
vt 1 0
vt 1 0.014739
vt 0.752725 0.250558
vt 0.752725 0.265297
vt 0.589018 0.265297
vt 0.752725 0.250558
vt 0.589018 0.265297
vt 0.589018 0.250558
vt 0.295886 0.162799
vt 0.281101 0.162799
vt 0.281101 0.029241
vt 0.295886 0.162799
vt 0.281101 0.029241
vt 0.295886 0.029241
vt 0.823844 0.02915
vt 0.823849 0.162289
vt 0.807155 0.162289
vt 0.823844 0.02915
vt 0.807155 0.162289
vt 0.80715 0.014739
vt 0.531659 0.410105
vt 0.546397 0.395693
vt 0.546397 0.543243
vt 0.531659 0.410105
vt 0.546397 0.543243
vt 0.531659 0.543243
vt 0.80911 0.658715
vt 0.807145 0.65675
vt 0.954695 0.65675
vt 0.80911 0.658715
vt 0.954695 0.65675
vt 0.954695 0.658715
vt 0.124804 0.1615
vt 0.124809 0.028361
vt 0.139548 0.028361
vt 0.124804 0.1615
vt 0.139548 0.028361
vt 0.139543 0.1615
vt 0.034077 0.383727
vt 0.034077 0.400898
vt 0.026827 0.400898
vt 0.034077 0.383727
vt 0.026827 0.400898
vt 0.026827 0.383727
vt 0.043616 0.400898
vt 0.041326 0.400898
vt 0.041326 0.383727
vt 0.043616 0.400898
vt 0.041326 0.383727
vt 0.043616 0.383727
vt 0.250557 0.412885
vt 0.243352 0.405676
vt 0.236147 0.398466
vt 0.250557 0.412885
vt 0.236147 0.398466
vt 0.250557 0.398466
vt 0.337887 0.476488
vt 0.335922 0.476488
vt 0.335922 0.461749
vt 0.337887 0.476488
vt 0.335922 0.461749
vt 0.337887 0.461749
vt 0.024892 0.024887
vt 0.023909 0.023914
vt 0.031115 0.016704
vt 0.024892 0.024887
vt 0.031115 0.016704
vt 0.031115 0.018669
vt 0.250557 0.383727
vt 0.250557 0.398466
vt 0.236147 0.398466
vt 0.250557 0.383727
vt 0.236147 0.398466
vt 0.221407 0.383727
vt 0.031115 0.016704
vt 0.016704 0.016704
vt 0.001965 0.001965
vt 0.031115 0.016704
vt 0.001965 0.001965
vt 0.045854 0.001965
vt 0.707577 0.892967
vt 0.692838 0.892967
vt 0.692838 0.702077
vt 0.707577 0.892967
vt 0.692838 0.702077
vt 0.707577 0.702077
vt 0.310341 0.014785
vt 0.310341 0
vt 0.413927 0
vt 0.310341 0.014785
vt 0.413927 0
vt 0.414163 0.029241
vt 0.573442 0.658189
vt 0.573442 0.776336
vt 0.558703 0.776336
vt 0.573442 0.658189
vt 0.558703 0.776336
vt 0.558703 0.658189
vt 0.62752 0.026396
vt 0.642259 0.026396
vt 0.642264 0.129655
vt 0.62752 0.026396
vt 0.642264 0.129655
vt 0.627525 0.129655
vt 0.954694 0.892569
vt 0.821556 0.892569
vt 0.821556 0.890604
vt 0.954694 0.892569
vt 0.821556 0.890604
vt 0.954698 0.890604
vt 0.969107 0.878157
vt 0.967141 0.878165
vt 0.96714 0.774898
vt 0.969107 0.878157
vt 0.96714 0.774898
vt 0.969107 0.774898
vt 0.295886 0.014785
vt 0.310341 0.014785
vt 0.414163 0.029241
vt 0.295886 0.014785
vt 0.414163 0.029241
vt 0.295886 0.029241
vt 0.295886 0.192041
vt 0.281101 0.192041
vt 0.281101 0.162799
vt 0.295886 0.192041
vt 0.281101 0.162799
vt 0.295886 0.162799
vt 0.532446 0.192041
vt 0.414164 0.192041
vt 0.414164 0.162799
vt 0.532446 0.192041
vt 0.414164 0.162799
vt 0.532446 0.162799
vt 0.778742 0.48457
vt 0.795437 0.51372
vt 0.778742 0.51372
vt 0.778742 0.48457
vt 0.778742 0.51372
vt 0.764331 0.498981
vt 0.80911 0.658715
vt 0.80911 0.774898
vt 0.807145 0.774898
vt 0.80911 0.658715
vt 0.807145 0.774898
vt 0.807145 0.65675
vt 0.436231 0.40735
vt 0.450724 0.40735
vt 0.450724 0.424527
vt 0.436231 0.40735
vt 0.450724 0.424527
vt 0.436231 0.424527
vt 0.690505 0.47336
vt 0.690505 0.458621
vt 0.692471 0.458621
vt 0.690505 0.47336
vt 0.692471 0.458621
vt 0.692471 0.47336
vt 0.453014 0.40735
vt 0.453014 0.424527
vt 0.450724 0.424527
vt 0.453014 0.40735
vt 0.450724 0.424527
vt 0.450724 0.40735
vt 0.980938 0.803797
vt 0.995676 0.804301
vt 0.995676 0.818712
vt 0.980938 0.803797
vt 0.995676 0.818712
vt 0.980938 0.818712
vt 0.421571 0.40735
vt 0.421571 0.42452
vt 0.407072 0.42452
vt 0.421571 0.40735
vt 0.407072 0.42452
vt 0.407072 0.40735
vt 0.42386 0.42452
vt 0.421571 0.42452
vt 0.421571 0.40735
vt 0.42386 0.42452
vt 0.421571 0.40735
vt 0.42386 0.40735
vt 0.248592 0.589566
vt 0.236147 0.577131
vt 0.236147 0.575166
vt 0.248592 0.589566
vt 0.236147 0.575166
vt 0.250557 0.589577
vt 0.179257 0.476487
vt 0.177292 0.476487
vt 0.177292 0.461749
vt 0.179257 0.476487
vt 0.177292 0.461749
vt 0.179257 0.461749
vt 0.018669 0.207804
vt 0.016704 0.207815
vt 0.031115 0.193404
vt 0.018669 0.207804
vt 0.031115 0.193404
vt 0.031115 0.195369
vt 0.164091 0.355366
vt 0.252523 0.355366
vt 0.223373 0.370105
vt 0.164091 0.355366
vt 0.223373 0.370105
vt 0.164091 0.370105
vt 0.696327 0.446964
vt 0.696327 0.403075
vt 0.711066 0.403075
vt 0.696327 0.446964
vt 0.711066 0.403075
vt 0.711066 0.446964
vt 0.08398 0.055555
vt 0.098719 0.028361
vt 0.098719 0.116793
vt 0.08398 0.055555
vt 0.098719 0.116793
vt 0.08398 0.116793
vt 0.656304 0.203916
vt 0.656304 0.144633
vt 0.671043 0.144633
vt 0.656304 0.203916
vt 0.671043 0.144633
vt 0.671043 0.203916
vt 0.751158 0.305699
vt 0.751158 0.29096
vt 0.795046 0.29096
vt 0.751158 0.305699
vt 0.795046 0.29096
vt 0.795046 0.305699
vt 0.164091 0.355366
vt 0.164091 0.193404
vt 0.252523 0.193404
vt 0.164091 0.355366
vt 0.252523 0.193404
vt 0.252523 0.355366
vt 0.267261 0.326216
vt 0.252523 0.355366
vt 0.252523 0.193404
vt 0.267261 0.326216
vt 0.252523 0.193404
vt 0.267261 0.193404
vt 0.573442 0.646531
vt 0.558703 0.646531
vt 0.558703 0.51372
vt 0.573442 0.646531
vt 0.558703 0.51372
vt 0.573442 0.528131
vt 0.014739 0.7227
vt 0 0.707978
vt 0 0.589577
vt 0.014739 0.7227
vt 0 0.589577
vt 0.014739 0.589577
vt 0.103171 0.546022
vt 0.103171 0.575166
vt 0.014739 0.589577
vt 0.103171 0.546022
vt 0.014739 0.589577
vt 0.014739 0.560428
vt 0.729363 0.188358
vt 0.714624 0.17393
vt 0.714624 0.026396
vt 0.729363 0.188358
vt 0.714624 0.026396
vt 0.729363 0.026396
vt 0.103171 0.751867
vt 0.103171 0.737128
vt 0.236147 0.737128
vt 0.103171 0.751867
vt 0.236147 0.737128
vt 0.221407 0.751867
vt 0.123638 0.205062
vt 0.138376 0.205062
vt 0.138376 0.338037
vt 0.123638 0.205062
vt 0.138376 0.338037
vt 0.123638 0.338037
vt 0.045854 0.370105
vt 0.031115 0.355366
vt 0.164091 0.355366
vt 0.045854 0.370105
vt 0.164091 0.355366
vt 0.164091 0.370105
vt 0.671043 0.144633
vt 0.656304 0.144633
vt 0.656304 0.026396
vt 0.671043 0.144633
vt 0.656304 0.026396
vt 0.671043 0.026396
vt 0.103171 0.575166
vt 0.103171 0.546022
vt 0.117582 0.560428
vt 0.970016 0.599059
vt 0.955277 0.599059
vt 0.955277 0.597102
vt 0.970016 0.599059
vt 0.955277 0.597102
vt 0.970016 0.569909
vt 0.836294 0.353401
vt 1 0.353401
vt 1 0.368139
vt 0.836294 0.353401
vt 1 0.368139
vt 0.836294 0.36814
vt 1 0.394536
vt 0.836294 0.394536
vt 0.836294 0.379797
vt 1 0.394536
vt 0.836294 0.379797
vt 1 0.379797
vt 0.547231 0.340055
vt 0.532446 0.340055
vt 0.532446 0.192041
vt 0.547231 0.340055
vt 0.532446 0.192041
vt 0.547231 0.192041
vt 0.795437 0.675681
vt 0.778742 0.66127
vt 0.778742 0.51372
vt 0.795437 0.675681
vt 0.778742 0.51372
vt 0.795437 0.51372
vt 0.29584 0.719944
vt 0.281101 0.734355
vt 0.281101 0.572393
vt 0.29584 0.719944
vt 0.281101 0.572393
vt 0.29584 0.586805
vt 0.546397 0.734355
vt 0.531659 0.719943
vt 0.531659 0.572393
vt 0.546397 0.734355
vt 0.531659 0.572393
vt 0.546397 0.572393
vt 0.532446 0.340055
vt 0.413619 0.340055
vt 0.414164 0.192041
vt 0.532446 0.340055
vt 0.414164 0.192041
vt 0.532446 0.192041
vt 0.850716 0.028361
vt 0.850716 0.026396
vt 0.983855 0.026396
vt 0.850716 0.028361
vt 0.983855 0.026396
vt 0.983855 0.028361
vt 0.057895 0.338201
vt 0.043157 0.338201
vt 0.043157 0.205062
vt 0.057895 0.338201
vt 0.043157 0.205062
vt 0.057895 0.205062
vt 0.76357 0.849627
vt 0.748832 0.849627
vt 0.748825 0.702077
vt 0.76357 0.849627
vt 0.748825 0.702077
vt 0.763564 0.702077
vt 0.758507 0.365642
vt 0.758507 0.372991
vt 0.753315 0.370834
vt 0.758507 0.365642
vt 0.753315 0.370834
vt 0.751158 0.365642
vt 0.281101 0.749094
vt 0.286111 0.741724
vt 0.286804 0.743391
vt 0.28847 0.739365
vt 0.286804 0.740058
vt 0.281101 0.734355
vt 0.290829 0.741724
vt 0.290137 0.740058
vt 0.310255 0.734355
vt 0.281101 0.749094
vt 0.286804 0.743391
vt 0.288495 0.744083
vt 0.640918 0.476673
vt 0.642652 0.476673
vt 0.642652 0.481367
vt 0.640918 0.476673
vt 0.642652 0.481367
vt 0.640918 0.481367
vt 0.354553 0.493987
vt 0.352819 0.493987
vt 0.352819 0.489292
vt 0.354553 0.493987
vt 0.352819 0.489292
vt 0.354553 0.489292
vt 0.463028 0.496425
vt 0.461294 0.496425
vt 0.461294 0.49173
vt 0.463028 0.496425
vt 0.461294 0.49173
vt 0.463028 0.49173
vt 0.707403 0.302966
vt 0.707428 0.307655
vt 0.705669 0.307661
vt 0.707403 0.302966
vt 0.705669 0.307661
vt 0.705669 0.302966
vt 0.352819 0.489292
vt 0.352819 0.493987
vt 0.351085 0.493987
vt 0.352819 0.489292
vt 0.351085 0.493987
vt 0.351085 0.489292
vt 0.758507 0.365642
vt 0.751158 0.365642
vt 0.753315 0.360451
vt 0.758507 0.365642
vt 0.753315 0.360451
vt 0.758507 0.358294
vt 0.709137 0.307661
vt 0.707428 0.307655
vt 0.707403 0.302966
vt 0.709137 0.307661
vt 0.707403 0.302966
vt 0.709137 0.302966
vt 0.639184 0.476673
vt 0.640918 0.476673
vt 0.640918 0.481367
vt 0.639184 0.476673
vt 0.640918 0.481367
vt 0.639184 0.481367
vt 0.461294 0.49173
vt 0.461294 0.496425
vt 0.459559 0.496425
vt 0.461294 0.49173
vt 0.459559 0.496425
vt 0.459559 0.49173
vt 0.765855 0.365642
vt 0.758507 0.365642
vt 0.758507 0.358294
vt 0.765855 0.365642
vt 0.758507 0.358294
vt 0.763698 0.360451
vt 0.763698 0.370834
vt 0.758507 0.372991
vt 0.758507 0.365642
vt 0.763698 0.370834
vt 0.758507 0.365642
vt 0.765855 0.365642
vt 0.281101 0.749094
vt 0.288495 0.744083
vt 0.29584 0.749094
vt 0.281101 0.734355
vt 0.286804 0.740058
vt 0.286111 0.741724
vt 0.281101 0.734355
vt 0.286111 0.741724
vt 0.281101 0.749094
vt 0.28847 0.739365
vt 0.310255 0.734355
vt 0.290137 0.740058
vt 0.310255 0.734355
vt 0.28847 0.739365
vt 0.281101 0.734355
vt 0.310255 0.734355
vt 0.281101 0.734355
vt 0.29584 0.719944
vt 0.29584 0.749094
vt 0.288495 0.744083
vt 0.290137 0.743391
vt 0.290829 0.741724
vt 0.29584 0.749094
vt 0.290137 0.743391
vt 0.150576 0.421234
vt 0.152484 0.420441
vt 0.154325 0.422282
vt 0.150576 0.421234
vt 0.154325 0.422282
vt 0.150576 0.42384
vt 0.152484 0.420441
vt 0.153277 0.418533
vt 0.155883 0.418533
vt 0.152484 0.420441
vt 0.155883 0.418533
vt 0.154325 0.422282
vt 0.153277 0.418533
vt 0.152484 0.416625
vt 0.154325 0.414785
vt 0.153277 0.418533
vt 0.154325 0.414785
vt 0.155883 0.418533
vt 0.152484 0.416625
vt 0.150576 0.415833
vt 0.150576 0.413227
vt 0.152484 0.416625
vt 0.150576 0.413227
vt 0.154325 0.414785
vt 0.150576 0.415833
vt 0.148668 0.416625
vt 0.146828 0.414785
vt 0.150576 0.415833
vt 0.146828 0.414785
vt 0.150576 0.413227
vt 0.148668 0.416625
vt 0.147876 0.418533
vt 0.14527 0.418533
vt 0.148668 0.416625
vt 0.14527 0.418533
vt 0.146828 0.414785
vt 0.148668 0.420441
vt 0.150576 0.421234
vt 0.150576 0.42384
vt 0.148668 0.420441
vt 0.150576 0.42384
vt 0.146828 0.422282
vt 0.147876 0.418533
vt 0.148668 0.420441
vt 0.146828 0.422282
vt 0.147876 0.418533
vt 0.146828 0.422282
vt 0.14527 0.418533
vt 0.150576 0.42384
vt 0.154325 0.422282
vt 0.15652 0.424477
vt 0.150576 0.42384
vt 0.15652 0.424477
vt 0.150576 0.426946
vt 0.969686 0.33154
vt 0.969686 0.335164
vt 0.9658 0.335164
vt 0.969686 0.33154
vt 0.9658 0.335164
vt 0.9658 0.329418
vt 0.969686 0.335164
vt 0.969686 0.338787
vt 0.9658 0.340909
vt 0.969686 0.335164
vt 0.9658 0.340909
vt 0.9658 0.335164
vt 0.154325 0.414785
vt 0.150576 0.413227
vt 0.150576 0.41012
vt 0.154325 0.414785
vt 0.150576 0.41012
vt 0.15652 0.41259
vt 0.150576 0.413227
vt 0.146828 0.414785
vt 0.144633 0.41259
vt 0.150576 0.413227
vt 0.144633 0.41259
vt 0.150576 0.41012
vt 0.753903 0.441305
vt 0.753903 0.444929
vt 0.750017 0.444929
vt 0.753903 0.441305
vt 0.750017 0.444929
vt 0.750017 0.439183
vt 0.146828 0.422282
vt 0.150576 0.42384
vt 0.150576 0.426946
vt 0.146828 0.422282
vt 0.150576 0.426946
vt 0.144633 0.424477
vt 0.753903 0.444929
vt 0.753903 0.448552
vt 0.750017 0.450674
vt 0.753903 0.444929
vt 0.750017 0.450674
vt 0.750017 0.444929
vt 0.948279 0.334821
vt 0.948279 0.329418
vt 0.950496 0.329418
vt 0.948279 0.334821
vt 0.950496 0.329418
vt 0.950496 0.334821
vt 0.9658 0.329418
vt 0.9658 0.335164
vt 0.963442 0.335164
vt 0.9658 0.329418
vt 0.963442 0.335164
vt 0.963442 0.329418
vt 0.9658 0.335164
vt 0.9658 0.340909
vt 0.963442 0.340909
vt 0.9658 0.335164
vt 0.963442 0.340909
vt 0.963442 0.335164
vt 0.113025 0.154509
vt 0.113025 0.159912
vt 0.110807 0.159912
vt 0.113025 0.154509
vt 0.110807 0.159912
vt 0.110807 0.154509
vt 0.113025 0.159912
vt 0.113025 0.165314
vt 0.110807 0.165314
vt 0.113025 0.159912
vt 0.110807 0.165314
vt 0.110807 0.159912
vt 0.750017 0.439183
vt 0.750017 0.444929
vt 0.747659 0.444929
vt 0.750017 0.439183
vt 0.747659 0.444929
vt 0.747659 0.439183
vt 0.948279 0.340223
vt 0.948279 0.334821
vt 0.950496 0.334821
vt 0.948279 0.340223
vt 0.950496 0.334821
vt 0.950496 0.340223
vt 0.750017 0.444929
vt 0.750017 0.450674
vt 0.747659 0.450674
vt 0.750017 0.444929
vt 0.747659 0.450674
vt 0.747659 0.444929
vt 0.084722 0.338193
vt 0.069984 0.338193
vt 0.069984 0.205062
vt 0.084722 0.338193
vt 0.069984 0.205062
vt 0.084722 0.205062
vt 0.265296 0.707978
vt 0.250557 0.722709
vt 0.250557 0.589577
vt 0.265296 0.707978
vt 0.250557 0.589577
vt 0.265296 0.589577
vt 0.995676 0.937113
vt 0.980938 0.937113
vt 0.980938 0.818712
vt 0.995676 0.937113
vt 0.980938 0.818712
vt 0.995676 0.818712
vt 0.016704 0.207815
vt 0.016704 0.340947
vt 0.001965 0.326216
vt 0.016704 0.207815
vt 0.001965 0.326216
vt 0.001965 0.207815
vt 0.751158 0.29096
vt 0.780308 0.26181
vt 0.795046 0.26181
vt 0.751158 0.29096
vt 0.795046 0.26181
vt 0.795046 0.29096
vt 0.08398 0.028361
vt 0.098719 0.028361
vt 0.08398 0.055555
vt 0.602591 0.69042
vt 0.602591 0.675681
vt 0.766288 0.675681
vt 0.602591 0.69042
vt 0.766288 0.675681
vt 0.766288 0.69042
vt 1 0.630354
vt 1 0.645093
vt 0.836303 0.645093
vt 1 0.630354
vt 0.836303 0.645093
vt 0.836303 0.630354
vt 0.252523 0.355366
vt 0.267261 0.370105
vt 0.267261 0.37207
vt 0.252523 0.355366
vt 0.267261 0.37207
vt 0.252523 0.37207
vt 0.481353 0.436184
vt 0.481353 0.480073
vt 0.479388 0.480073
vt 0.481353 0.436184
vt 0.479388 0.480073
vt 0.479388 0.436184
vt 0.794201 0.126158
vt 0.794201 0.142801
vt 0.791982 0.142801
vt 0.794201 0.126158
vt 0.791982 0.142801
vt 0.791982 0.126158
vt 0.791982 0.142801
vt 0.794201 0.142801
vt 0.794201 0.173508
vt 0.791982 0.142801
vt 0.794201 0.173508
vt 0.791982 0.175717
vt 0.734461 0.45911
vt 0.734461 0.473849
vt 0.732496 0.473849
vt 0.734461 0.45911
vt 0.732496 0.473849
vt 0.732496 0.45911
vt 0.223373 0.370105
vt 0.252523 0.355366
vt 0.252523 0.37207
vt 0.223373 0.370105
vt 0.252523 0.37207
vt 0.223373 0.37207
vt 0.681174 0.304148
vt 0.681174 0.276956
vt 0.708368 0.276954
vt 0.729363 0.188358
vt 0.714624 0.188358
vt 0.714624 0.17393
vt 0.098719 0.116793
vt 0.098719 0.028361
vt 0.113147 0.028361
vt 0.098719 0.116793
vt 0.113147 0.028361
vt 0.113147 0.116793
vt 0.014739 0.737128
vt 0 0.737128
vt 0 0.707978
vt 0.014739 0.737128
vt 0 0.707978
vt 0.014739 0.7227
vt 0.667178 0.432225
vt 0.696327 0.403075
vt 0.696327 0.446964
vt 0.667178 0.432225
vt 0.696327 0.446964
vt 0.667178 0.446964
vt 0.16526 0.438601
vt 0.16526 0.48249
vt 0.163295 0.48249
vt 0.16526 0.438601
vt 0.163295 0.48249
vt 0.163295 0.438601
vt 0.267261 0.370105
vt 0.252523 0.355366
vt 0.269226 0.355366
vt 0.267261 0.370105
vt 0.269226 0.355366
vt 0.269226 0.370105
vt 0.40787 0.462236
vt 0.40787 0.476975
vt 0.405905 0.476975
vt 0.40787 0.462236
vt 0.405905 0.476975
vt 0.405905 0.462236
vt 0.307928 0.471321
vt 0.307928 0.454678
vt 0.310147 0.454678
vt 0.307928 0.471321
vt 0.310147 0.454678
vt 0.310147 0.471321
vt 0.310147 0.421761
vt 0.310147 0.454678
vt 0.307928 0.454678
vt 0.310147 0.421761
vt 0.307928 0.454678
vt 0.307928 0.421761
vt 0.653923 0.892985
vt 0.639184 0.892985
vt 0.639184 0.865793
vt 0.653923 0.892985
vt 0.639184 0.865793
vt 0.653923 0.865793
vt 0.791982 0.175717
vt 0.794201 0.173508
vt 0.794201 0.175717
vt 0.773309 0.246112
vt 0.74416 0.216962
vt 0.773309 0.216962
vt 0.269226 0.355366
vt 0.252523 0.355366
vt 0.267261 0.326216
vt 0.269226 0.355366
vt 0.267261 0.326216
vt 0.269226 0.326216
vt 0.714624 0.188358
vt 0.714624 0.203097
vt 0.712667 0.203097
vt 0.714624 0.188358
vt 0.712667 0.203097
vt 0.712667 0.188358
vt 0.656304 0.144633
vt 0.656304 0.203916
vt 0.654349 0.205872
vt 0.656304 0.144633
vt 0.654349 0.205872
vt 0.654347 0.144633
vt 0.743784 0.026396
vt 0.743784 0.114825
vt 0.741827 0.114825
vt 0.743784 0.026396
vt 0.741827 0.114825
vt 0.741827 0.026396
vt 0.714624 0.17393
vt 0.714624 0.188358
vt 0.712667 0.188358
vt 0.714624 0.17393
vt 0.712667 0.188358
vt 0.712667 0.17393
vt 0.321925 0.488581
vt 0.321925 0.474153
vt 0.323882 0.474153
vt 0.321925 0.488581
vt 0.323882 0.474153
vt 0.323882 0.488581
vt 0.573442 0.498981
vt 0.764331 0.498981
vt 0.778742 0.51372
vt 0.573442 0.498981
vt 0.778742 0.51372
vt 0.587853 0.51372
vt 0.68075 0.892971
vt 0.666011 0.892971
vt 0.666011 0.702082
vt 0.68075 0.892971
vt 0.666011 0.702082
vt 0.68075 0.702077
vt 0.780308 0.205305
vt 0.765569 0.190894
vt 0.765569 0
vt 0.780308 0.205305
vt 0.765569 0
vt 0.780308 0.014416
vt 0.558703 0.51372
vt 0.573442 0.498981
vt 0.587853 0.51372
vt 0.558703 0.51372
vt 0.587853 0.51372
vt 0.573442 0.528131
vt 0.392411 0.40735
vt 0.392411 0.42452
vt 0.377912 0.42452
vt 0.392411 0.40735
vt 0.377912 0.42452
vt 0.377912 0.40735
vt 0.394701 0.42452
vt 0.392411 0.42452
vt 0.392411 0.40735
vt 0.394701 0.42452
vt 0.392411 0.40735
vt 0.394701 0.40735
vt 0.751169 0.203339
vt 0.763604 0.190894
vt 0.765569 0.190894
vt 0.751169 0.203339
vt 0.765569 0.190894
vt 0.751158 0.205305
vt 0.146598 0.476488
vt 0.144633 0.476488
vt 0.144633 0.461749
vt 0.146598 0.476488
vt 0.144633 0.461749
vt 0.146598 0.461749
vt 0.575407 0.52812
vt 0.573442 0.528131
vt 0.587853 0.51372
vt 0.575407 0.52812
vt 0.587853 0.51372
vt 0.587853 0.515685
vt 0.836303 0.630354
vt 0.836303 0.645093
vt 0.807154 0.645093
vt 0.836303 0.630354
vt 0.807154 0.645093
vt 0.807154 0.630354
vt 0.531659 0.572393
vt 0.414294 0.572393
vt 0.413988 0.557655
vt 0.531659 0.572393
vt 0.413988 0.557655
vt 0.517248 0.557655
vt 0.83827 0.247809
vt 0.838271 0.14485
vt 0.996301 0.26025
vt 0.83827 0.247809
vt 0.996301 0.26025
vt 0.850712 0.26025
vt 0.310255 0.734355
vt 0.29584 0.749094
vt 0.290829 0.741724
vt 0.532446 0.354512
vt 0.51799 0.354512
vt 0.413619 0.340055
vt 0.532446 0.354512
vt 0.413619 0.340055
vt 0.532446 0.340055
vt 0.530475 0.354512
vt 0.530475 0.369297
vt 0.51799 0.369297
vt 0.530475 0.354512
vt 0.51799 0.369297
vt 0.51799 0.354512
vt 0.823849 0.615943
vt 0.836284 0.628389
vt 0.836303 0.630354
vt 0.823849 0.615943
vt 0.836303 0.630354
vt 0.807154 0.630354
vt 0.532446 0.352541
vt 0.532446 0.340055
vt 0.547231 0.340055
vt 0.532446 0.352541
vt 0.547231 0.340055
vt 0.547231 0.352541
vt 0.766307 0.673716
vt 0.778742 0.66127
vt 0.795437 0.675681
vt 0.766307 0.673716
vt 0.795437 0.675681
vt 0.766288 0.675681
vt 0.795437 0.675681
vt 0.795437 0.69042
vt 0.766288 0.69042
vt 0.795437 0.675681
vt 0.766288 0.69042
vt 0.766288 0.675681
vt 0.996301 0.040804
vt 0.998266 0.040811
vt 0.998266 0.144851
vt 0.996301 0.040804
vt 0.998266 0.144851
vt 0.996301 0.144809
vt 0.83827 0.040796
vt 0.850716 0.028361
vt 0.983855 0.028361
vt 0.83827 0.040796
vt 0.983855 0.028361
vt 0.996301 0.040804
vt 0.57666 0.334928
vt 0.562159 0.334928
vt 0.562159 0.317752
vt 0.57666 0.334928
vt 0.562159 0.317752
vt 0.57665 0.317752
vt 0.509347 0.460017
vt 0.509347 0.474755
vt 0.507382 0.474755
vt 0.509347 0.460017
vt 0.507382 0.474755
vt 0.507382 0.460017
vt 0.559869 0.334928
vt 0.559869 0.317752
vt 0.562159 0.317752
vt 0.559869 0.334928
vt 0.562159 0.317752
vt 0.562159 0.334928
vt 0.31024 0.574358
vt 0.297805 0.586805
vt 0.29584 0.586805
vt 0.31024 0.574358
vt 0.29584 0.586805
vt 0.310255 0.572393
vt 0.967141 0.878165
vt 0.80911 0.878169
vt 0.80911 0.774898
vt 0.967141 0.878165
vt 0.80911 0.774898
vt 0.96714 0.774898
vt 0.041566 0.881899
vt 0.026827 0.881899
vt 0.026827 0.734357
vt 0.041566 0.881899
vt 0.026827 0.734357
vt 0.041566 0.734357
vt 0.250557 0.589577
vt 0.236147 0.575166
vt 0.265296 0.574662
vt 0.250557 0.589577
vt 0.265296 0.574662
vt 0.265296 0.589577
vt 0.242369 0.406648
vt 0.236147 0.400431
vt 0.236147 0.398466
vt 0.242369 0.406648
vt 0.236147 0.398466
vt 0.243352 0.405676
vt 0.031115 0.016704
vt 0.023909 0.023914
vt 0.016704 0.031123
vt 0.031115 0.016704
vt 0.016704 0.031123
vt 0.016704 0.016704
vt 0.248592 0.412866
vt 0.242369 0.406648
vt 0.243352 0.405676
vt 0.248592 0.412866
vt 0.243352 0.405676
vt 0.250557 0.412885
vt 0.041326 0.383727
vt 0.041326 0.400898
vt 0.034077 0.400898
vt 0.041326 0.383727
vt 0.034077 0.400898
vt 0.034077 0.383727
vt 0.018669 0.031104
vt 0.016704 0.031123
vt 0.023909 0.023914
vt 0.018669 0.031104
vt 0.023909 0.023914
vt 0.024892 0.024887
vt 0.998892 0.339163
vt 0.9844 0.339163
vt 0.9844 0.321986
vt 0.998892 0.339163
vt 0.9844 0.321986
vt 0.998892 0.321986
vt 0.639184 0.465015
vt 0.639184 0.450276
vt 0.641149 0.450276
vt 0.639184 0.465015
vt 0.641149 0.450276
vt 0.641149 0.465015
vt 0.765569 0
vt 0.794719 0
vt 0.780308 0.014416
vt 0.982104 0.339163
vt 0.98211 0.321986
vt 0.9844 0.321986
vt 0.982104 0.339163
vt 0.9844 0.321986
vt 0.9844 0.339163
vt 0.778742 0.48457
vt 0.764331 0.498981
vt 0.764342 0.497016
vt 0.778742 0.48457
vt 0.764342 0.497016
vt 0.776777 0.48457
vt 0.780308 0.014416
vt 0.794719 0
vt 0.794719 0.00197
vt 0.780308 0.014416
vt 0.794719 0.00197
vt 0.782273 0.014405
vt 0.310255 0.572393
vt 0.29584 0.586805
vt 0.281101 0.572393
vt 0.310255 0.572393
vt 0.281101 0.572393
vt 0.29584 0.557655
vt 0.998266 0.262215
vt 0.850717 0.262215
vt 0.850712 0.26025
vt 0.998266 0.262215
vt 0.850712 0.26025
vt 0.996301 0.26025
vt 0.954698 0.890604
vt 0.821556 0.890604
vt 0.80911 0.878169
vt 0.954698 0.890604
vt 0.80911 0.878169
vt 0.967141 0.878165
vt 0.996301 0.26025
vt 0.838271 0.14485
vt 0.996301 0.144809
vt 0.234078 0.465333
vt 0.234078 0.480071
vt 0.232112 0.480071
vt 0.234078 0.465333
vt 0.232112 0.480071
vt 0.232112 0.465333
vt 0.234078 0.436183
vt 0.234078 0.465333
vt 0.232112 0.465333
vt 0.234078 0.436183
vt 0.232112 0.465333
vt 0.232112 0.436183
vt 0.02916 0.324574
vt 0.02916 0.309835
vt 0.031125 0.309835
vt 0.02916 0.324574
vt 0.031125 0.309835
vt 0.031125 0.324574
vt 0.02916 0.309835
vt 0.02916 0.280686
vt 0.031125 0.280686
vt 0.02916 0.309835
vt 0.031125 0.280686
vt 0.031125 0.309835
vt 0.724321 0.348677
vt 0.73906 0.348677
vt 0.73906 0.392565
vt 0.724321 0.348677
vt 0.73906 0.392565
vt 0.724321 0.392565
vt 0.031379 0.092332
vt 0.02916 0.092332
vt 0.02916 0.075689
vt 0.031379 0.092332
vt 0.02916 0.075689
vt 0.031379 0.075689
vt 0.02916 0.075689
vt 0.02916 0.042773
vt 0.031379 0.042773
vt 0.02916 0.075689
vt 0.031379 0.042773
vt 0.031379 0.075689
vt 0.720464 0.473849
vt 0.718499 0.473849
vt 0.718499 0.45911
vt 0.720464 0.473849
vt 0.718499 0.45911
vt 0.720464 0.45911
vt 0.045854 0.370105
vt 0.045854 0.37207
vt 0.001965 0.37207
vt 0.045854 0.370105
vt 0.001965 0.37207
vt 0.001965 0.370105
vt 0.703336 0.238091
vt 0.732486 0.208941
vt 0.732486 0.238091
vt 0.695171 0.363415
vt 0.695171 0.348677
vt 0.724321 0.348677
vt 0.695171 0.363415
vt 0.724321 0.348677
vt 0.724321 0.392565
vt 0.250557 0.722709
vt 0.265296 0.707978
vt 0.265296 0.737128
vt 0.250557 0.722709
vt 0.265296 0.737128
vt 0.250557 0.737128
vt 0.001965 0.370105
vt 0.001965 0.326216
vt 0.016704 0.340947
vt 0.001965 0.370105
vt 0.016704 0.340947
vt 0.016704 0.355366
vt 0.746492 0.462331
vt 0.748457 0.462331
vt 0.748457 0.47707
vt 0.746492 0.462331
vt 0.748457 0.47707
vt 0.746492 0.47707
vt 0.394128 0.485737
vt 0.391908 0.485737
vt 0.391908 0.469094
vt 0.394128 0.485737
vt 0.391908 0.469094
vt 0.394128 0.469094
vt 0.391908 0.436178
vt 0.394128 0.436178
vt 0.394128 0.469094
vt 0.391908 0.436178
vt 0.394128 0.469094
vt 0.391908 0.469094
vt 0.629843 0.306095
vt 0.600693 0.306095
vt 0.600693 0.276945
vt 0.668334 0.392565
vt 0.639184 0.363415
vt 0.683073 0.363415
vt 0.668334 0.392565
vt 0.683073 0.363415
vt 0.683073 0.392565
vt 0.901623 0.599068
vt 0.901623 0.569918
vt 0.916362 0.569918
vt 0.901623 0.599068
vt 0.916362 0.569918
vt 0.916362 0.599068
vt 0.889535 0.406193
vt 0.889535 0.435342
vt 0.874796 0.435342
vt 0.889535 0.406193
vt 0.874796 0.435342
vt 0.874796 0.406193
vt 0 0.326216
vt 0.001965 0.326216
vt 0.001965 0.370105
vt 0 0.326216
vt 0.001965 0.370105
vt 0 0.370105
vt 0.683073 0.363415
vt 0.639184 0.363415
vt 0.639184 0.348677
vt 0.683073 0.363415
vt 0.639184 0.348677
vt 0.683073 0.348677
vt 0.732704 0.404223
vt 0.739953 0.404223
vt 0.739953 0.421393
vt 0.732704 0.404223
vt 0.739953 0.421393
vt 0.732704 0.421393
vt 0.723164 0.421393
vt 0.723164 0.404223
vt 0.725454 0.404223
vt 0.723164 0.421393
vt 0.725454 0.404223
vt 0.725454 0.421393
vt 0.250557 0.722709
vt 0.250557 0.737128
vt 0.236147 0.737128
vt 0.250557 0.722709
vt 0.236147 0.737128
vt 0.243352 0.729918
vt 0.191289 0.476488
vt 0.191289 0.461749
vt 0.193254 0.461749
vt 0.191289 0.476488
vt 0.193254 0.461749
vt 0.193254 0.476488
vt 0.024892 0.347183
vt 0.031115 0.353401
vt 0.031115 0.355366
vt 0.024892 0.347183
vt 0.031115 0.355366
vt 0.023909 0.348156
vt 0.250557 0.751867
vt 0.221407 0.751867
vt 0.236147 0.737128
vt 0.250557 0.751867
vt 0.236147 0.737128
vt 0.250557 0.737128
vt 0.031115 0.355366
vt 0.045854 0.370105
vt 0.001965 0.370105
vt 0.031115 0.355366
vt 0.001965 0.370105
vt 0.016704 0.355366
vt 0.242369 0.728945
vt 0.243352 0.729918
vt 0.236147 0.737128
vt 0.242369 0.728945
vt 0.236147 0.737128
vt 0.236147 0.735163
vt 0.031115 0.355366
vt 0.016704 0.355366
vt 0.016704 0.340947
vt 0.031115 0.355366
vt 0.016704 0.340947
vt 0.023909 0.348156
vt 0.248592 0.722728
vt 0.250557 0.722709
vt 0.243352 0.729918
vt 0.248592 0.722728
vt 0.243352 0.729918
vt 0.242369 0.728945
vt 0.725454 0.404223
vt 0.732704 0.404223
vt 0.732704 0.421393
vt 0.725454 0.404223
vt 0.732704 0.421393
vt 0.725454 0.421393
vt 0.018669 0.340966
vt 0.024892 0.347183
vt 0.023909 0.348156
vt 0.018669 0.340966
vt 0.023909 0.348156
vt 0.016704 0.340947
vt 0.218116 0.465332
vt 0.220081 0.465332
vt 0.220081 0.48007
vt 0.218116 0.465332
vt 0.220081 0.48007
vt 0.218116 0.48007
vt 0.218116 0.436183
vt 0.220081 0.436183
vt 0.220081 0.465332
vt 0.218116 0.436183
vt 0.220081 0.465332
vt 0.218116 0.465332
vt 0.433531 0.480073
vt 0.431566 0.480073
vt 0.431566 0.465334
vt 0.433531 0.480073
vt 0.431566 0.465334
vt 0.433531 0.465334
vt 0.433531 0.465334
vt 0.431566 0.465334
vt 0.431566 0.436184
vt 0.433531 0.465334
vt 0.431566 0.436184
vt 0.433531 0.436184
vt 0.250557 0.560428
vt 0.265296 0.574662
vt 0.236147 0.575166
vt 0.250557 0.560428
vt 0.236147 0.575166
vt 0.236147 0.560428
vt 0.031115 0.193404
vt 0.001965 0.193404
vt 0.016704 0.178666
vt 0.031115 0.193404
vt 0.016704 0.178666
vt 0.031115 0.178666
vt 0.016704 0.207815
vt 0.001965 0.207815
vt 0.001965 0.193404
vt 0.016704 0.207815
vt 0.001965 0.193404
vt 0.031115 0.193404
vt 0.970016 0.569909
vt 0.955277 0.597102
vt 0.955277 0.569909
vt 0.751158 0.205305
vt 0.765569 0.190894
vt 0.780308 0.205305
vt 0.103171 0.7227
vt 0.014739 0.7227
vt 0.014739 0.589577
vt 0.103171 0.7227
vt 0.014739 0.589577
vt 0.103171 0.575166
vt 0.58553 0.92348
vt 0.58553 0.819441
vt 0.600269 0.819441
vt 0.58553 0.92348
vt 0.600269 0.819441
vt 0.600269 0.92348
vt 0.559879 0.132887
vt 0.576574 0.132887
vt 0.576569 0.236148
vt 0.559879 0.132887
vt 0.576569 0.236148
vt 0.559874 0.250558
vt 0.558703 0.776336
vt 0.573442 0.776336
vt 0.573442 0.879594
vt 0.558703 0.776336
vt 0.573442 0.879594
vt 0.558703 0.879596
vt 0.413988 0.395693
vt 0.413988 0.380954
vt 0.531659 0.380954
vt 0.413988 0.395693
vt 0.531659 0.380954
vt 0.517246 0.395693
vt 0.96714 0.774898
vt 0.80911 0.658715
vt 0.954695 0.658715
vt 0.96714 0.774898
vt 0.954695 0.658715
vt 0.967141 0.671151
vt 0.414163 0.029241
vt 0.414164 0.162799
vt 0.295886 0.162799
vt 0.414163 0.029241
vt 0.295886 0.162799
vt 0.295886 0.029241
vt 0.414164 0.162799
vt 0.414164 0.192041
vt 0.295886 0.192041
vt 0.414164 0.162799
vt 0.295886 0.192041
vt 0.295886 0.162799
vt 0.807145 0.774898
vt 0.80911 0.774898
vt 0.80911 0.878169
vt 0.807145 0.774898
vt 0.80911 0.878169
vt 0.807145 0.878156
vt 0.413988 0.557655
vt 0.414294 0.572393
vt 0.310255 0.572393
vt 0.413988 0.557655
vt 0.310255 0.572393
vt 0.29584 0.557655
vt 0.615432 0.130435
vt 0.600693 0.130435
vt 0.600698 0.026396
vt 0.615432 0.130435
vt 0.600698 0.026396
vt 0.615437 0.026396
vt 0.413619 0.369297
vt 0.413619 0.340055
vt 0.51799 0.354512
vt 0.413619 0.369297
vt 0.51799 0.354512
vt 0.51799 0.369297
vt 0.838271 0.14485
vt 0.836305 0.144851
vt 0.836305 0.040811
vt 0.838271 0.14485
vt 0.836305 0.040811
vt 0.83827 0.040796
vt 0.996301 0.144809
vt 0.998266 0.144851
vt 0.998266 0.262215
vt 0.996301 0.144809
vt 0.998266 0.262215
vt 0.996301 0.26025
vt 0.96714 0.774898
vt 0.80911 0.774898
vt 0.80911 0.658715
vt 0.996301 0.144809
vt 0.838271 0.14485
vt 0.83827 0.040796
vt 0.996301 0.144809
vt 0.83827 0.040796
vt 0.996301 0.040804
vt 0.600269 0.819441
vt 0.58553 0.819441
vt 0.58553 0.702077
vt 0.600269 0.819441
vt 0.58553 0.702077
vt 0.600269 0.702077
vt 0.766288 0.322281
vt 0.766288 0.337019
vt 0.602591 0.337019
vt 0.766288 0.322281
vt 0.602591 0.337019
vt 0.602591 0.322281
vt 0.589028 0.014739
vt 0.589028 0
vt 0.752725 0
vt 0.589028 0.014739
vt 0.752725 0
vt 0.752725 0.014739
vt 0.31024 0.73239
vt 0.310255 0.734355
vt 0.29584 0.719944
vt 0.31024 0.73239
vt 0.29584 0.719944
vt 0.297805 0.719944
vt 0.29584 0.749094
vt 0.310255 0.734355
vt 0.414294 0.734355
vt 0.29584 0.749094
vt 0.414294 0.734355
vt 0.414294 0.749094
vt 0.823849 0.615943
vt 0.807154 0.630354
vt 0.80715 0.5119
vt 0.823849 0.615943
vt 0.80715 0.5119
vt 0.823844 0.5119
vt 0.682792 0.21752
vt 0.682799 0.234701
vt 0.668301 0.234699
vt 0.682792 0.21752
vt 0.668301 0.234699
vt 0.668301 0.21752
vt 0.08748 0.381762
vt 0.089445 0.381762
vt 0.089445 0.396506
vt 0.08748 0.381762
vt 0.089445 0.396506
vt 0.08748 0.396501
vt 0.666011 0.217524
vt 0.668301 0.21752
vt 0.668301 0.234699
vt 0.666011 0.217524
vt 0.668301 0.234699
vt 0.666011 0.234699
vt 0.9288 0.330753
vt 0.9288 0.323405
vt 0.933992 0.325562
vt 0.9288 0.330753
vt 0.933992 0.325562
vt 0.936149 0.330753
vt 0.546397 0.749094
vt 0.540694 0.743391
vt 0.541387 0.741724
vt 0.539028 0.739365
vt 0.546397 0.734355
vt 0.540694 0.740058
vt 0.536669 0.741724
vt 0.517246 0.734355
vt 0.537362 0.740058
vt 0.546397 0.749094
vt 0.539004 0.744083
vt 0.540694 0.743391
vt 0.223349 0.496423
vt 0.223349 0.491729
vt 0.225083 0.491729
vt 0.223349 0.496423
vt 0.225083 0.491729
vt 0.225083 0.496423
vt 0.735995 0.310488
vt 0.735995 0.305793
vt 0.737729 0.305793
vt 0.735995 0.310488
vt 0.737729 0.305793
vt 0.737729 0.310488
vt 0.548174 0.174457
vt 0.548175 0.179151
vt 0.54644 0.179151
vt 0.548174 0.174457
vt 0.54644 0.179151
vt 0.54644 0.174457
vt 0.667745 0.302966
vt 0.669479 0.302966
vt 0.669479 0.307661
vt 0.667745 0.302966
vt 0.669479 0.307661
vt 0.66772 0.307655
vt 0.737729 0.305793
vt 0.739463 0.305793
vt 0.739463 0.310488
vt 0.737729 0.305793
vt 0.739463 0.310488
vt 0.737729 0.310488
vt 0.9288 0.330753
vt 0.921452 0.330753
vt 0.923609 0.325562
vt 0.9288 0.330753
vt 0.923609 0.325562
vt 0.9288 0.323405
vt 0.666011 0.307661
vt 0.666011 0.302966
vt 0.667745 0.302966
vt 0.666011 0.307661
vt 0.667745 0.302966
vt 0.66772 0.307655
vt 0.221615 0.496423
vt 0.221615 0.491729
vt 0.223349 0.491729
vt 0.221615 0.496423
vt 0.223349 0.491729
vt 0.223349 0.496423
vt 0.54644 0.179151
vt 0.544706 0.179151
vt 0.544706 0.174457
vt 0.54644 0.179151
vt 0.544706 0.174457
vt 0.54644 0.174457
vt 0.9288 0.338102
vt 0.923609 0.335945
vt 0.921452 0.330753
vt 0.9288 0.338102
vt 0.921452 0.330753
vt 0.9288 0.330753
vt 0.933992 0.335945
vt 0.9288 0.338102
vt 0.9288 0.330753
vt 0.933992 0.335945
vt 0.9288 0.330753
vt 0.936149 0.330753
vt 0.546397 0.749094
vt 0.531659 0.749094
vt 0.539004 0.744083
vt 0.546397 0.734355
vt 0.541387 0.741724
vt 0.540694 0.740058
vt 0.546397 0.734355
vt 0.546397 0.749094
vt 0.541387 0.741724
vt 0.539028 0.739365
vt 0.537362 0.740058
vt 0.517246 0.734355
vt 0.517246 0.734355
vt 0.531659 0.719943
vt 0.546397 0.734355
vt 0.517246 0.734355
vt 0.546397 0.734355
vt 0.539028 0.739365
vt 0.531659 0.749094
vt 0.537362 0.743391
vt 0.539004 0.744083
vt 0.536669 0.741724
vt 0.537362 0.743391
vt 0.531659 0.749094
vt 0.758268 0.390356
vt 0.758268 0.38775
vt 0.762017 0.389308
vt 0.758268 0.390356
vt 0.762017 0.389308
vt 0.760176 0.391148
vt 0.760176 0.391148
vt 0.762017 0.389308
vt 0.763574 0.393056
vt 0.760176 0.391148
vt 0.763574 0.393056
vt 0.760969 0.393056
vt 0.760969 0.393056
vt 0.763574 0.393056
vt 0.762017 0.396805
vt 0.760969 0.393056
vt 0.762017 0.396805
vt 0.760176 0.394964
vt 0.760176 0.394964
vt 0.762017 0.396805
vt 0.758268 0.398363
vt 0.760176 0.394964
vt 0.758268 0.398363
vt 0.758268 0.395757
vt 0.758268 0.395757
vt 0.758268 0.398363
vt 0.754519 0.396805
vt 0.758268 0.395757
vt 0.754519 0.396805
vt 0.75636 0.394964
vt 0.75636 0.394964
vt 0.754519 0.396805
vt 0.752961 0.393056
vt 0.75636 0.394964
vt 0.752961 0.393056
vt 0.755567 0.393056
vt 0.75636 0.391148
vt 0.754519 0.389308
vt 0.758268 0.38775
vt 0.75636 0.391148
vt 0.758268 0.38775
vt 0.758268 0.390356
vt 0.755567 0.393056
vt 0.752961 0.393056
vt 0.754519 0.389308
vt 0.755567 0.393056
vt 0.754519 0.389308
vt 0.75636 0.391148
vt 0.758268 0.38775
vt 0.758268 0.384643
vt 0.764211 0.387113
vt 0.758268 0.38775
vt 0.764211 0.387113
vt 0.762017 0.389308
vt 0.867043 0.338787
vt 0.863158 0.340909
vt 0.863158 0.335163
vt 0.867043 0.338787
vt 0.863158 0.335163
vt 0.867043 0.335163
vt 0.867043 0.335163
vt 0.863158 0.335163
vt 0.863158 0.329418
vt 0.867043 0.335163
vt 0.863158 0.329418
vt 0.867043 0.33154
vt 0.762017 0.396805
vt 0.764211 0.399
vt 0.758268 0.401469
vt 0.762017 0.396805
vt 0.758268 0.401469
vt 0.758268 0.398363
vt 0.758268 0.398363
vt 0.758268 0.401469
vt 0.752324 0.399
vt 0.758268 0.398363
vt 0.752324 0.399
vt 0.754519 0.396805
vt 0.121717 0.448326
vt 0.117832 0.450448
vt 0.117832 0.444703
vt 0.121717 0.448326
vt 0.117832 0.444703
vt 0.121717 0.444703
vt 0.754519 0.389308
vt 0.752324 0.387113
vt 0.758268 0.384643
vt 0.754519 0.389308
vt 0.758268 0.384643
vt 0.758268 0.38775
vt 0.121717 0.444703
vt 0.117832 0.444703
vt 0.117832 0.438957
vt 0.121717 0.444703
vt 0.117832 0.438957
vt 0.121717 0.441079
vt 0.131687 0.493276
vt 0.12947 0.493276
vt 0.12947 0.487873
vt 0.131687 0.493276
vt 0.12947 0.487873
vt 0.131687 0.487873
vt 0.863158 0.340909
vt 0.860799 0.340909
vt 0.860799 0.335163
vt 0.863158 0.340909
vt 0.860799 0.335163
vt 0.863158 0.335163
vt 0.863158 0.335163
vt 0.860799 0.335163
vt 0.860799 0.329418
vt 0.863158 0.335163
vt 0.860799 0.329418
vt 0.863158 0.329418
vt 0.177292 0.488145
vt 0.17951 0.488145
vt 0.17951 0.493547
vt 0.177292 0.488145
vt 0.17951 0.493547
vt 0.177292 0.493547
vt 0.177292 0.493547
vt 0.17951 0.493547
vt 0.17951 0.49895
vt 0.177292 0.493547
vt 0.17951 0.49895
vt 0.177292 0.49895
vt 0.117832 0.450448
vt 0.115473 0.450448
vt 0.115473 0.444703
vt 0.117832 0.450448
vt 0.115473 0.444703
vt 0.117832 0.444703
vt 0.131687 0.498678
vt 0.12947 0.498678
vt 0.12947 0.493276
vt 0.131687 0.498678
vt 0.12947 0.493276
vt 0.131687 0.493276
vt 0.117832 0.444703
vt 0.115473 0.444703
vt 0.115473 0.438957
vt 0.117832 0.444703
vt 0.115473 0.438957
vt 0.117832 0.438957
vt 0.836294 0.394536
vt 0.807145 0.394536
vt 0.807145 0.379797
vt 0.836294 0.394536
vt 0.807145 0.379797
vt 0.836294 0.379797
vt 0.517246 0.734355
vt 0.536669 0.741724
vt 0.531659 0.749094
vt 0.295886 0.354512
vt 0.295886 0.340055
vt 0.413619 0.340055
vt 0.295886 0.354512
vt 0.413619 0.340055
vt 0.310342 0.354512
vt 0.297857 0.354512
vt 0.310342 0.354512
vt 0.310342 0.369297
vt 0.297857 0.354512
vt 0.310342 0.369297
vt 0.297857 0.369297
vt 0.823839 0.408947
vt 0.807145 0.394536
vt 0.836294 0.394536
vt 0.823839 0.408947
vt 0.836294 0.394536
vt 0.836274 0.396501
vt 0.295886 0.352541
vt 0.281101 0.352541
vt 0.281101 0.340055
vt 0.295886 0.352541
vt 0.281101 0.340055
vt 0.295886 0.340055
vt 0.836275 0.351436
vt 0.836294 0.353401
vt 0.807148 0.353401
vt 0.836275 0.351436
vt 0.807148 0.353401
vt 0.823839 0.33899
vt 0.807148 0.353401
vt 0.836294 0.353401
vt 0.836294 0.36814
vt 0.807148 0.353401
vt 0.836294 0.36814
vt 0.807145 0.36814
vt 0.615432 0.130435
vt 0.615432 0.233388
vt 0.600693 0.233388
vt 0.615432 0.130435
vt 0.600693 0.233388
vt 0.600693 0.130435
vt 0.413619 0.369297
vt 0.310342 0.369297
vt 0.310342 0.354512
vt 0.413619 0.369297
vt 0.310342 0.354512
vt 0.413619 0.340055
vt 0.838271 0.14485
vt 0.83827 0.247809
vt 0.836305 0.247803
vt 0.838271 0.14485
vt 0.836305 0.247803
vt 0.836305 0.144851
vt 0.517259 0.73239
vt 0.529694 0.719944
vt 0.531659 0.719943
vt 0.517259 0.73239
vt 0.531659 0.719943
vt 0.517246 0.734355
vt 0.531659 0.749094
vt 0.414294 0.749094
vt 0.414294 0.734355
vt 0.531659 0.749094
vt 0.414294 0.734355
vt 0.517246 0.734355
vt 0.823839 0.408947
vt 0.823844 0.5119
vt 0.80715 0.5119
vt 0.823839 0.408947
vt 0.80715 0.5119
vt 0.807145 0.394536
vt 0.281101 0.192041
vt 0.295886 0.192041
vt 0.295886 0.340055
vt 0.281101 0.192041
vt 0.295886 0.340055
vt 0.281101 0.340055
vt 0.720837 0.276954
vt 0.735328 0.276954
vt 0.735328 0.294136
vt 0.720837 0.276954
vt 0.735328 0.294136
vt 0.720832 0.294136
vt 0.32389 0.447752
vt 0.32389 0.462491
vt 0.321925 0.462495
vt 0.32389 0.447752
vt 0.321925 0.462495
vt 0.321925 0.447752
vt 0.737618 0.27696
vt 0.737618 0.294136
vt 0.735328 0.294136
vt 0.737618 0.27696
vt 0.735328 0.294136
vt 0.735328 0.276954
vt 0.5019 0.416751
vt 0.5019 0.424099
vt 0.496708 0.421942
vt 0.5019 0.416751
vt 0.496708 0.421942
vt 0.494551 0.416751
vt 0.546397 0.380954
vt 0.541387 0.388323
vt 0.540694 0.386657
vt 0.539028 0.390682
vt 0.540694 0.38999
vt 0.546397 0.395693
vt 0.536669 0.388323
vt 0.537362 0.38999
vt 0.517246 0.395693
vt 0.546397 0.380954
vt 0.540694 0.386657
vt 0.539004 0.385964
vt 0.407639 0.493327
vt 0.405905 0.493327
vt 0.405905 0.488632
vt 0.407639 0.493327
vt 0.405905 0.488632
vt 0.407639 0.488632
vt 0.20992 0.496422
vt 0.208186 0.496422
vt 0.208186 0.491727
vt 0.20992 0.496422
vt 0.208186 0.491727
vt 0.20992 0.491727
vt 0.335922 0.489291
vt 0.337656 0.489291
vt 0.337656 0.493986
vt 0.335922 0.489291
vt 0.337656 0.493986
vt 0.335922 0.493986
vt 0.722566 0.305793
vt 0.722591 0.310482
vt 0.720832 0.310488
vt 0.722566 0.305793
vt 0.720832 0.310488
vt 0.720832 0.305793
vt 0.208186 0.491727
vt 0.208186 0.496422
vt 0.206452 0.496422
vt 0.208186 0.491727
vt 0.206452 0.496422
vt 0.206452 0.491727
vt 0.5019 0.416751
vt 0.494551 0.416751
vt 0.496708 0.411559
vt 0.5019 0.416751
vt 0.496708 0.411559
vt 0.5019 0.409402
vt 0.7243 0.310488
vt 0.722591 0.310482
vt 0.722566 0.305793
vt 0.7243 0.310488
vt 0.722566 0.305793
vt 0.7243 0.305793
vt 0.409374 0.493327
vt 0.407639 0.493327
vt 0.407639 0.488632
vt 0.409374 0.493327
vt 0.407639 0.488632
vt 0.409374 0.488632
vt 0.337656 0.493986
vt 0.337656 0.489291
vt 0.33939 0.489291
vt 0.337656 0.493986
vt 0.33939 0.489291
vt 0.33939 0.493986
vt 0.509248 0.416751
vt 0.5019 0.416751
vt 0.5019 0.409402
vt 0.509248 0.416751
vt 0.5019 0.409402
vt 0.507091 0.411559
vt 0.507091 0.421942
vt 0.5019 0.424099
vt 0.5019 0.416751
vt 0.507091 0.421942
vt 0.5019 0.416751
vt 0.509248 0.416751
vt 0.546397 0.380954
vt 0.539004 0.385964
vt 0.531659 0.380954
vt 0.546397 0.395693
vt 0.540694 0.38999
vt 0.541387 0.388323
vt 0.546397 0.395693
vt 0.541387 0.388323
vt 0.546397 0.380954
vt 0.539028 0.390682
vt 0.517246 0.395693
vt 0.537362 0.38999
vt 0.517246 0.395693
vt 0.539028 0.390682
vt 0.546397 0.395693
vt 0.517246 0.395693
vt 0.546397 0.395693
vt 0.531659 0.410105
vt 0.531659 0.380954
vt 0.539004 0.385964
vt 0.537362 0.386657
vt 0.536669 0.388323
vt 0.531659 0.380954
vt 0.537362 0.386657
vt 0.175071 0.415832
vt 0.173163 0.416625
vt 0.171322 0.414784
vt 0.175071 0.415832
vt 0.171322 0.414784
vt 0.175071 0.413227
vt 0.173163 0.416625
vt 0.17237 0.418533
vt 0.169764 0.418533
vt 0.173163 0.416625
vt 0.169764 0.418533
vt 0.171322 0.414784
vt 0.17237 0.418533
vt 0.173163 0.420441
vt 0.171322 0.422282
vt 0.17237 0.418533
vt 0.171322 0.422282
vt 0.169764 0.418533
vt 0.173163 0.420441
vt 0.175071 0.421234
vt 0.175071 0.42384
vt 0.173163 0.420441
vt 0.175071 0.42384
vt 0.171322 0.422282
vt 0.175071 0.421234
vt 0.176979 0.420441
vt 0.178819 0.422282
vt 0.175071 0.421234
vt 0.178819 0.422282
vt 0.175071 0.42384
vt 0.176979 0.420441
vt 0.177771 0.418533
vt 0.180377 0.418533
vt 0.176979 0.420441
vt 0.180377 0.418533
vt 0.178819 0.422282
vt 0.176979 0.416625
vt 0.175071 0.415832
vt 0.175071 0.413227
vt 0.176979 0.416625
vt 0.175071 0.413227
vt 0.178819 0.414784
vt 0.177771 0.418533
vt 0.176979 0.416625
vt 0.178819 0.414784
vt 0.177771 0.418533
vt 0.178819 0.414784
vt 0.180377 0.418533
vt 0.175071 0.413227
vt 0.171322 0.414784
vt 0.169127 0.41259
vt 0.175071 0.413227
vt 0.169127 0.41259
vt 0.175071 0.41012
vt 0.898536 0.33154
vt 0.898536 0.335163
vt 0.89465 0.335163
vt 0.898536 0.33154
vt 0.89465 0.335163
vt 0.89465 0.329418
vt 0.898536 0.335163
vt 0.898536 0.338787
vt 0.89465 0.340909
vt 0.898536 0.335163
vt 0.89465 0.340909
vt 0.89465 0.335163
vt 0.171322 0.422282
vt 0.175071 0.42384
vt 0.175071 0.426946
vt 0.171322 0.422282
vt 0.175071 0.426946
vt 0.169127 0.424477
vt 0.175071 0.42384
vt 0.178819 0.422282
vt 0.181014 0.424477
vt 0.175071 0.42384
vt 0.181014 0.424477
vt 0.175071 0.426946
vt 0.183536 0.440722
vt 0.183536 0.444346
vt 0.17965 0.444346
vt 0.183536 0.440722
vt 0.17965 0.444346
vt 0.17965 0.438601
vt 0.178819 0.414784
vt 0.175071 0.413227
vt 0.175071 0.41012
vt 0.178819 0.414784
vt 0.175071 0.41012
vt 0.181014 0.41259
vt 0.183536 0.444346
vt 0.183536 0.44797
vt 0.17965 0.450091
vt 0.183536 0.444346
vt 0.17965 0.450091
vt 0.17965 0.444346
vt 0.509599 0.491815
vt 0.509599 0.497217
vt 0.507382 0.497217
vt 0.509599 0.491815
vt 0.507382 0.497217
vt 0.507382 0.491815
vt 0.89465 0.329418
vt 0.89465 0.335163
vt 0.892292 0.335163
vt 0.89465 0.329418
vt 0.892292 0.335163
vt 0.892292 0.329418
vt 0.89465 0.335163
vt 0.89465 0.340909
vt 0.892292 0.340909
vt 0.89465 0.335163
vt 0.892292 0.340909
vt 0.892292 0.335163
vt 0.763988 0.471871
vt 0.763988 0.466469
vt 0.766206 0.466469
vt 0.763988 0.471871
vt 0.766206 0.466469
vt 0.766206 0.471871
vt 0.763988 0.466469
vt 0.763988 0.461066
vt 0.766206 0.461066
vt 0.763988 0.466469
vt 0.766206 0.461066
vt 0.766206 0.466469
vt 0.17965 0.438601
vt 0.17965 0.444346
vt 0.177292 0.444346
vt 0.17965 0.438601
vt 0.177292 0.444346
vt 0.177292 0.438601
vt 0.509599 0.486413
vt 0.509599 0.491815
vt 0.507382 0.491815
vt 0.509599 0.486413
vt 0.507382 0.491815
vt 0.507382 0.486413
vt 0.17965 0.444346
vt 0.17965 0.450091
vt 0.177292 0.450091
vt 0.17965 0.444346
vt 0.177292 0.450091
vt 0.177292 0.444346
vt 0.589018 0.250558
vt 0.589018 0.265297
vt 0.559869 0.265297
vt 0.589018 0.250558
vt 0.559869 0.265297
vt 0.559874 0.250558
vt 0.517246 0.395693
vt 0.531659 0.380954
vt 0.536669 0.388323
vt 0.297857 0.014785
vt 0.297857 0
vt 0.310341 0
vt 0.297857 0.014785
vt 0.310341 0
vt 0.310341 0.014785
vt 0.576569 0.236148
vt 0.588999 0.248593
vt 0.589018 0.250558
vt 0.576569 0.236148
vt 0.589018 0.250558
vt 0.559874 0.250558
vt 0.295886 0.016756
vt 0.295886 0.029241
vt 0.281101 0.029241
vt 0.295886 0.016756
vt 0.281101 0.029241
vt 0.281101 0.016756
vt 0.836275 0.016704
vt 0.823844 0.02915
vt 0.80715 0.014739
vt 0.836275 0.016704
vt 0.80715 0.014739
vt 0.836294 0.014739
vt 0.80715 0.014739
vt 0.807145 0
vt 0.836294 0
vt 0.80715 0.014739
vt 0.836294 0
vt 0.836294 0.014739
vt 0.517259 0.397658
vt 0.517246 0.395693
vt 0.531659 0.410105
vt 0.517259 0.397658
vt 0.531659 0.410105
vt 0.529694 0.410104
vt 0.546397 0.572393
vt 0.531659 0.572393
vt 0.531659 0.543243
vt 0.546397 0.572393
vt 0.531659 0.543243
vt 0.546397 0.543243
vt 0.531659 0.572393
vt 0.517248 0.557655
vt 0.531659 0.543243
vt 0.823849 0.162289
vt 0.823849 0.191439
vt 0.807155 0.191439
vt 0.823849 0.162289
vt 0.807155 0.191439
vt 0.807155 0.162289
vt 0.823849 0.191439
vt 0.823839 0.33899
vt 0.807148 0.353401
vt 0.823849 0.191439
vt 0.807148 0.353401
vt 0.807155 0.191439
vt 0.414164 0.192041
vt 0.413619 0.340055
vt 0.295886 0.340055
vt 0.414164 0.192041
vt 0.295886 0.340055
vt 0.295886 0.192041
vt 0.612357 0.481652
vt 0.612357 0.467241
vt 0.627096 0.467241
vt 0.612357 0.481652
vt 0.627096 0.467241
vt 0.627096 0.481652
vt 0.218116 0.410114
vt 0.230551 0.42256
vt 0.230551 0.424525
vt 0.218116 0.410114
vt 0.230551 0.424525
vt 0.218116 0.424525
vt 0.764764 0.415089
vt 0.752324 0.427535
vt 0.752329 0.413124
vt 0.764764 0.415089
vt 0.752329 0.413124
vt 0.764764 0.413124
vt 0.530475 0
vt 0.532446 0
vt 0.532446 0.014785
vt 0.530475 0
vt 0.532446 0.014785
vt 0.530475 0.014785
vt 0.547231 0.014785
vt 0.547231 0.016756
vt 0.532446 0.016756
vt 0.547231 0.014785
vt 0.532446 0.016756
vt 0.532446 0.014785
vt 0.627096 0.865793
vt 0.612357 0.865793
vt 0.612357 0.702077
vt 0.627096 0.865793
vt 0.612357 0.702077
vt 0.627096 0.702096
vt 0.996843 0.569909
vt 0.982104 0.569909
vt 0.982104 0.406212
vt 0.996843 0.569909
vt 0.982104 0.406212
vt 0.996843 0.406193
vt 0.109241 0.142862
vt 0.096811 0.130416
vt 0.096811 0.128451
vt 0.109241 0.142862
vt 0.096811 0.128451
vt 0.109241 0.128451
vt 0.419502 0.438143
vt 0.407072 0.450588
vt 0.407072 0.436178
vt 0.419502 0.438143
vt 0.407072 0.436178
vt 0.419502 0.436178
vt 0.281101 0.016756
vt 0.281101 0.014785
vt 0.295886 0.014785
vt 0.281101 0.016756
vt 0.295886 0.014785
vt 0.295886 0.016756
vt 0.295886 0
vt 0.297857 0
vt 0.297857 0.014785
vt 0.295886 0
vt 0.297857 0.014785
vt 0.295886 0.014785
vt 0.862707 0.569918
vt 0.847969 0.569918
vt 0.847969 0.406193
vt 0.862707 0.569918
vt 0.847969 0.406193
vt 0.862707 0.406212
vt 0.92845 0.435343
vt 0.943189 0.435343
vt 0.943189 0.599049
vt 0.92845 0.435343
vt 0.943189 0.599049
vt 0.92845 0.599069
vt 0.836305 0.313098
vt 0.848745 0.325544
vt 0.848745 0.32751
vt 0.836305 0.313098
vt 0.848745 0.32751
vt 0.83631 0.32751
vt 0.7356 0.435015
vt 0.723164 0.447461
vt 0.723164 0.43305
vt 0.7356 0.435015
vt 0.723164 0.43305
vt 0.7356 0.43305
vt 0.547231 0.352541
vt 0.547231 0.354512
vt 0.532446 0.354512
vt 0.547231 0.352541
vt 0.532446 0.354512
vt 0.532446 0.352541
vt 0.532446 0.369297
vt 0.530475 0.369297
vt 0.530475 0.354512
vt 0.532446 0.369297
vt 0.530475 0.354512
vt 0.532446 0.354512
vt 0.970016 0.569909
vt 0.955277 0.569909
vt 0.955277 0.406193
vt 0.970016 0.569909
vt 0.955277 0.406193
vt 0.970016 0.406212
vt 0.653923 0.865793
vt 0.639184 0.865793
vt 0.639184 0.702097
vt 0.653923 0.865793
vt 0.639184 0.702097
vt 0.653923 0.702077
vt 0.639184 0.424207
vt 0.651619 0.436653
vt 0.651619 0.438619
vt 0.639184 0.424207
vt 0.651619 0.438619
vt 0.639184 0.438619
vt 0.506215 0.446394
vt 0.518647 0.433948
vt 0.51865 0.448359
vt 0.506215 0.446394
vt 0.51865 0.448359
vt 0.506215 0.448359
vt 0.281101 0.354512
vt 0.281101 0.352541
vt 0.295886 0.352541
vt 0.281101 0.354512
vt 0.295886 0.352541
vt 0.295886 0.354512
vt 0.297857 0.369297
vt 0.295886 0.369297
vt 0.295886 0.354512
vt 0.297857 0.369297
vt 0.295886 0.354512
vt 0.297857 0.354512
vt 0.874796 0.435342
vt 0.889535 0.435342
vt 0.889534 0.599067
vt 0.874796 0.435342
vt 0.889534 0.599067
vt 0.874796 0.599048
vt 0.916362 0.569918
vt 0.901623 0.569918
vt 0.901623 0.406212
vt 0.916362 0.569918
vt 0.901623 0.406212
vt 0.916361 0.406193
vt 0.149679 0.178666
vt 0.164091 0.193404
vt 0.031115 0.193404
vt 0.149679 0.178666
vt 0.031115 0.193404
vt 0.031115 0.178666
vt 0.612357 0.348677
vt 0.627094 0.348677
vt 0.627096 0.467241
vt 0.612357 0.348677
vt 0.627096 0.467241
vt 0.612357 0.467241
vt 0.103171 0.575166
vt 0.117582 0.560428
vt 0.236147 0.560428
vt 0.103171 0.575166
vt 0.236147 0.560428
vt 0.236147 0.575166
vt 0.111549 0.338037
vt 0.096811 0.338037
vt 0.096811 0.205062
vt 0.111549 0.338037
vt 0.096811 0.205062
vt 0.111549 0.205062
vt 0.072819 0.381765
vt 0.072819 0.398935
vt 0.05832 0.398935
vt 0.072819 0.381765
vt 0.05832 0.398935
vt 0.05832 0.381765
vt 0.075108 0.398935
vt 0.072819 0.398935
vt 0.072819 0.381765
vt 0.075108 0.398935
vt 0.072819 0.381765
vt 0.075108 0.381762
vt 0.105136 0.546028
vt 0.117582 0.558463
vt 0.117582 0.560428
vt 0.105136 0.546028
vt 0.117582 0.560428
vt 0.103171 0.546022
vt 0.349918 0.462896
vt 0.351883 0.462896
vt 0.351883 0.477635
vt 0.349918 0.462896
vt 0.351883 0.477635
vt 0.349918 0.477633
vt 0.162125 0.164266
vt 0.164091 0.16426
vt 0.149679 0.178666
vt 0.162125 0.164266
vt 0.149679 0.178666
vt 0.149679 0.176701
vt 0.164091 0.193404
vt 0.149679 0.178666
vt 0.164091 0.16426
vt 0.164091 0.193404
vt 0.164091 0.16426
vt 0.252523 0.193404
f 1/1 2/2 3/3
f 4/4 5/5 6/6
f 7/7 8/8 9/9
f 10/10 11/11 12/12
f 13/13 14/14 15/15
f 16/16 17/17 18/18
f 19/19 20/20 21/21
f 22/22 23/23 24/24
f 25/25 26/26 27/27
f 28/28 29/29 30/30
f 31/31 32/32 33/33
f 34/34 35/35 36/36
f 37/37 38/38 39/39
f 40/40 41/41 42/42
f 43/43 44/44 45/45
f 46/46 47/47 48/48
f 49/49 50/50 51/51
f 52/52 53/53 54/54
f 55/55 56/56 57/57
f 58/58 59/59 60/60
f 61/61 62/62 63/63
f 64/64 65/65 66/66
f 67/67 68/68 69/69
f 70/70 71/71 72/72
f 73/73 74/74 75/75
f 76/76 77/77 78/78
f 79/79 80/80 81/81
f 82/82 83/83 84/84
f 85/85 86/86 87/87
f 88/88 89/89 90/90
f 91/91 92/92 93/93
f 94/94 95/95 96/96
f 97/97 98/98 99/99
f 100/100 101/101 102/102
f 103/103 104/104 105/105
f 106/106 107/107 108/108
f 109/109 110/110 111/111
f 112/112 113/113 114/114
f 115/115 116/116 117/117
f 118/118 119/119 120/120
f 121/121 122/122 123/123
f 124/124 125/125 126/126
f 127/127 128/128 129/129
f 130/130 131/131 132/132
f 133/133 134/134 135/135
f 136/136 137/137 138/138
f 139/139 140/140 141/141
f 142/142 143/143 144/144
f 145/145 146/146 147/147
f 148/148 149/149 150/150
f 151/151 152/152 153/153
f 154/154 155/155 156/156
f 157/157 158/158 159/159
f 160/160 161/161 162/162
f 163/163 164/164 165/165
f 166/166 167/167 168/168
f 169/169 170/170 171/171
f 172/172 173/173 174/174
f 175/175 176/176 177/177
f 178/178 179/179 180/180
f 181/181 182/182 183/183
f 184/184 185/185 186/186
f 187/187 188/188 189/189
f 190/190 191/191 192/192
f 193/193 194/194 195/195
f 196/196 197/197 198/198
f 199/199 200/200 201/201
f 202/202 203/203 204/204
f 205/205 206/206 207/207
f 208/208 209/209 210/210
f 211/211 212/212 213/213
f 214/214 215/215 216/216
f 217/217 218/218 219/219
f 220/220 221/221 222/222
f 223/223 224/224 225/225
f 226/226 227/227 228/228
f 229/229 230/230 231/231
f 232/232 233/233 234/234
f 235/235 236/236 237/237
f 238/238 239/239 240/240
f 241/241 242/242 243/243
f 244/244 245/245 246/246
f 247/247 248/248 249/249
f 250/250 251/251 252/252
f 253/253 254/254 255/255
f 256/256 257/257 258/258
f 259/259 260/260 261/261
f 262/262 263/263 264/264
f 265/265 266/266 267/267
f 268/268 269/269 270/270
f 271/271 272/272 273/273
f 274/274 275/275 276/276
f 277/277 278/278 279/279
f 280/280 281/281 282/282
f 283/283 284/284 285/285
f 286/286 287/287 288/288
f 289/289 290/290 291/291
f 292/292 293/293 294/294
f 295/295 296/296 297/297
f 298/298 299/299 300/300
f 301/301 302/302 303/303
f 304/304 305/305 306/306
f 307/307 308/308 309/309
f 310/310 311/311 312/312
f 313/313 314/314 315/315
f 316/316 317/317 318/318
f 319/319 320/320 321/321
f 322/322 323/323 324/324
f 325/325 326/326 327/327
f 328/328 329/329 330/330
f 331/331 332/332 333/333
f 334/334 335/335 336/336
f 337/337 338/338 339/339
f 340/340 341/341 342/342
f 343/343 344/344 345/345
f 346/346 347/347 348/348
f 349/349 350/350 351/351
f 352/352 353/353 354/354
f 355/355 356/356 357/357
f 358/358 359/359 360/360
f 361/361 362/362 363/363
f 364/364 365/365 366/366
f 367/367 368/368 369/369
f 370/370 371/371 372/372
f 373/373 374/374 375/375
f 376/376 377/377 378/378
f 379/379 380/380 381/381
f 382/382 383/383 384/384
f 385/385 386/386 387/387
f 388/388 389/389 390/390
f 391/391 392/392 393/393
f 394/394 395/395 396/396
f 397/397 398/398 399/399
f 400/400 401/401 402/402
f 403/403 404/404 405/405
f 406/406 407/407 408/408
f 409/409 410/410 411/411
f 412/412 413/413 414/414
f 415/415 416/416 417/417
f 418/418 419/419 420/420
f 421/421 422/422 423/423
f 424/424 425/425 426/426
f 427/427 428/428 429/429
f 430/430 431/431 432/432
f 433/433 434/434 435/435
f 436/436 437/437 438/438
f 439/439 440/440 441/441
f 442/442 443/443 444/444
f 445/445 446/446 447/447
f 448/448 449/449 450/450
f 451/451 452/452 453/453
f 454/454 455/455 456/456
f 457/457 458/458 459/459
f 460/460 461/461 462/462
f 463/463 464/464 465/465
f 466/466 467/467 468/468
f 469/469 470/470 471/471
f 472/472 473/473 474/474
f 475/475 476/476 477/477
f 478/478 479/479 480/480
f 481/481 482/482 483/483
f 484/484 485/485 486/486
f 487/487 488/488 489/489
f 490/490 491/491 492/492
f 493/493 494/494 495/495
f 496/496 497/497 498/498
f 499/499 500/500 501/501
f 502/502 503/503 504/504
f 505/505 506/506 507/507
f 508/508 509/509 510/510
f 511/511 512/512 513/513
f 514/514 515/515 516/516
f 517/517 518/518 519/519
f 520/520 521/521 522/522
f 523/523 524/524 525/525
f 526/526 527/527 528/528
f 529/529 530/530 531/531
f 532/532 533/533 534/534
f 535/535 536/536 537/537
f 538/538 539/539 540/540
f 541/541 542/542 543/543
f 544/544 545/545 546/546
f 547/547 548/548 549/549
f 550/550 551/551 552/552
f 553/553 554/554 555/555
f 556/556 557/557 558/558
f 559/559 560/560 561/561
f 562/562 563/563 564/564
f 565/565 566/566 567/567
f 568/568 569/569 570/570
f 571/571 572/572 573/573
f 574/574 575/575 576/576
f 577/577 578/578 579/579
f 580/580 581/581 582/582
f 583/583 584/584 585/585
f 586/586 587/587 588/588
f 589/589 590/590 591/591
f 592/592 593/593 594/594
f 595/595 596/596 597/597
f 598/598 599/599 600/600
f 601/601 602/602 603/603
f 604/604 605/605 606/606
f 607/607 608/608 609/609
f 610/610 611/611 612/612
f 613/613 614/614 615/615
f 616/616 617/617 618/618
f 619/619 620/620 621/621
f 622/622 623/623 624/624
f 625/625 626/626 627/627
f 628/628 629/629 630/630
f 631/631 632/632 633/633
f 634/634 635/635 636/636
f 637/637 638/638 639/639
f 640/640 641/641 642/642
f 643/643 644/644 645/645
f 646/646 647/647 648/648
f 649/649 650/650 651/651
f 652/652 653/653 654/654
f 655/655 656/656 657/657
f 658/658 659/659 660/660
f 661/661 662/662 663/663
f 664/664 665/665 666/666
f 667/667 668/668 669/669
f 670/670 671/671 672/672
f 673/673 674/674 675/675
f 676/676 677/677 678/678
f 679/679 680/680 681/681
f 682/682 683/683 684/684
f 685/685 686/686 687/687
f 688/688 689/689 690/690
f 691/691 692/692 693/693
f 694/694 695/695 696/696
f 697/697 698/698 699/699
f 700/700 701/701 702/702
f 703/703 704/704 705/705
f 706/706 707/707 708/708
f 709/709 710/710 711/711
f 712/712 713/713 714/714
f 715/715 716/716 717/717
f 718/718 719/719 720/720
f 721/721 722/722 723/723
f 724/724 725/725 726/726
f 727/727 728/728 729/729
f 730/730 731/731 732/732
f 733/733 734/734 735/735
f 736/736 737/737 738/738
f 739/739 740/740 741/741
f 742/742 743/743 744/744
f 745/745 746/746 747/747
f 748/748 749/749 750/750
f 751/751 752/752 753/753
f 754/754 755/755 756/756
f 757/757 758/758 759/759
f 760/760 761/761 762/762
f 763/763 764/764 765/765
f 766/766 767/767 768/768
f 769/769 770/770 771/771
f 772/772 773/773 774/774
f 775/775 776/776 777/777
f 778/778 779/779 780/780
f 781/781 782/782 783/783
f 784/784 785/785 786/786
f 787/787 788/788 789/789
f 790/790 791/791 792/792
f 793/793 794/794 795/795
f 796/796 797/797 798/798
f 799/799 800/800 801/801
f 802/802 803/803 804/804
f 805/805 806/806 807/807
f 808/808 809/809 810/810
f 811/811 812/812 813/813
f 814/814 815/815 816/816
f 817/817 818/818 819/819
f 820/820 821/821 822/822
f 823/823 824/824 825/825
f 826/826 827/827 828/828
f 829/829 830/830 831/831
f 832/832 833/833 834/834
f 835/835 836/836 837/837
f 838/838 839/839 840/840
f 841/841 842/842 843/843
f 844/844 845/845 846/846
f 847/847 848/848 849/849
f 850/850 851/851 852/852
f 853/853 854/854 855/855
f 856/856 857/857 858/858
f 859/859 860/860 861/861
f 862/862 863/863 864/864
f 865/865 866/866 867/867
f 868/868 869/869 870/870
f 871/871 872/872 873/873
f 874/874 875/875 876/876
f 877/877 878/878 879/879
f 880/880 881/881 882/882
f 883/883 884/884 885/885
f 886/886 887/887 888/888
f 889/889 890/890 891/891
f 892/892 893/893 894/894
f 895/895 896/896 897/897
f 898/898 899/899 900/900
f 901/901 902/902 903/903
f 904/904 905/905 906/906
f 907/907 908/908 909/909
f 910/910 911/911 912/912
f 913/913 914/914 915/915
f 916/916 917/917 918/918
f 919/919 920/920 921/921
f 922/922 923/923 924/924
f 925/925 926/926 927/927
f 928/928 929/929 930/930
f 931/931 932/932 933/933
f 934/934 935/935 936/936
f 937/937 938/938 939/939
f 940/940 941/941 942/942
f 943/943 944/944 945/945
f 946/946 947/947 948/948
f 949/949 950/950 951/951
f 952/952 953/953 954/954
f 955/955 956/956 957/957
f 958/958 959/959 960/960
f 961/961 962/962 963/963
f 964/964 965/965 966/966
f 967/967 968/968 969/969
f 970/970 971/971 972/972
f 973/973 974/974 975/975
f 976/976 977/977 978/978
f 979/979 980/980 981/981
f 982/982 983/983 984/984
f 985/985 986/986 987/987
f 988/988 989/989 990/990
f 991/991 992/992 993/993
f 994/994 995/995 996/996
f 997/997 998/998 999/999
f 1000/1000 1001/1001 1002/1002
f 1003/1003 1004/1004 1005/1005
f 1006/1006 1007/1007 1008/1008
f 1009/1009 1010/1010 1011/1011
f 1012/1012 1013/1013 1014/1014
f 1015/1015 1016/1016 1017/1017
f 1018/1018 1019/1019 1020/1020
f 1021/1021 1022/1022 1023/1023
f 1024/1024 1025/1025 1026/1026
f 1027/1027 1028/1028 1029/1029
f 1030/1030 1031/1031 1032/1032
f 1033/1033 1034/1034 1035/1035
f 1036/1036 1037/1037 1038/1038
f 1039/1039 1040/1040 1041/1041
f 1042/1042 1043/1043 1044/1044
f 1045/1045 1046/1046 1047/1047
f 1048/1048 1049/1049 1050/1050
f 1051/1051 1052/1052 1053/1053
f 1054/1054 1055/1055 1056/1056
f 1057/1057 1058/1058 1059/1059
f 1060/1060 1061/1061 1062/1062
f 1063/1063 1064/1064 1065/1065
f 1066/1066 1067/1067 1068/1068
f 1069/1069 1070/1070 1071/1071
f 1072/1072 1073/1073 1074/1074
f 1075/1075 1076/1076 1077/1077
f 1078/1078 1079/1079 1080/1080
f 1081/1081 1082/1082 1083/1083
f 1084/1084 1085/1085 1086/1086
f 1087/1087 1088/1088 1089/1089
f 1090/1090 1091/1091 1092/1092
f 1093/1093 1094/1094 1095/1095
f 1096/1096 1097/1097 1098/1098
f 1099/1099 1100/1100 1101/1101
f 1102/1102 1103/1103 1104/1104
f 1105/1105 1106/1106 1107/1107
f 1108/1108 1109/1109 1110/1110
f 1111/1111 1112/1112 1113/1113
f 1114/1114 1115/1115 1116/1116
f 1117/1117 1118/1118 1119/1119
f 1120/1120 1121/1121 1122/1122
f 1123/1123 1124/1124 1125/1125
f 1126/1126 1127/1127 1128/1128
f 1129/1129 1130/1130 1131/1131
f 1132/1132 1133/1133 1134/1134
f 1135/1135 1136/1136 1137/1137
f 1138/1138 1139/1139 1140/1140
f 1141/1141 1142/1142 1143/1143
f 1144/1144 1145/1145 1146/1146
f 1147/1147 1148/1148 1149/1149
f 1150/1150 1151/1151 1152/1152
f 1153/1153 1154/1154 1155/1155
f 1156/1156 1157/1157 1158/1158
f 1159/1159 1160/1160 1161/1161
f 1162/1162 1163/1163 1164/1164
f 1165/1165 1166/1166 1167/1167
f 1168/1168 1169/1169 1170/1170
f 1171/1171 1172/1172 1173/1173
f 1174/1174 1175/1175 1176/1176
f 1177/1177 1178/1178 1179/1179
f 1180/1180 1181/1181 1182/1182
f 1183/1183 1184/1184 1185/1185
f 1186/1186 1187/1187 1188/1188
f 1189/1189 1190/1190 1191/1191
f 1192/1192 1193/1193 1194/1194
f 1195/1195 1196/1196 1197/1197
f 1198/1198 1199/1199 1200/1200
f 1201/1201 1202/1202 1203/1203
f 1204/1204 1205/1205 1206/1206
f 1207/1207 1208/1208 1209/1209
f 1210/1210 1211/1211 1212/1212
f 1213/1213 1214/1214 1215/1215
f 1216/1216 1217/1217 1218/1218
f 1219/1219 1220/1220 1221/1221
f 1222/1222 1223/1223 1224/1224
f 1225/1225 1226/1226 1227/1227
f 1228/1228 1229/1229 1230/1230
f 1231/1231 1232/1232 1233/1233
f 1234/1234 1235/1235 1236/1236
f 1237/1237 1238/1238 1239/1239
f 1240/1240 1241/1241 1242/1242
f 1243/1243 1244/1244 1245/1245
f 1246/1246 1247/1247 1248/1248
f 1249/1249 1250/1250 1251/1251
f 1252/1252 1253/1253 1254/1254
f 1255/1255 1256/1256 1257/1257
f 1258/1258 1259/1259 1260/1260
f 1261/1261 1262/1262 1263/1263
f 1264/1264 1265/1265 1266/1266
f 1267/1267 1268/1268 1269/1269
f 1270/1270 1271/1271 1272/1272
f 1273/1273 1274/1274 1275/1275
f 1276/1276 1277/1277 1278/1278
f 1279/1279 1280/1280 1281/1281
f 1282/1282 1283/1283 1284/1284
f 1285/1285 1286/1286 1287/1287
f 1288/1288 1289/1289 1290/1290
f 1291/1291 1292/1292 1293/1293
f 1294/1294 1295/1295 1296/1296
f 1297/1297 1298/1298 1299/1299
f 1300/1300 1301/1301 1302/1302
f 1303/1303 1304/1304 1305/1305
f 1306/1306 1307/1307 1308/1308
f 1309/1309 1310/1310 1311/1311
f 1312/1312 1313/1313 1314/1314
f 1315/1315 1316/1316 1317/1317
f 1318/1318 1319/1319 1320/1320
f 1321/1321 1322/1322 1323/1323
f 1324/1324 1325/1325 1326/1326
f 1327/1327 1328/1328 1329/1329
f 1330/1330 1331/1331 1332/1332
f 1333/1333 1334/1334 1335/1335
f 1336/1336 1337/1337 1338/1338
f 1339/1339 1340/1340 1341/1341
f 1342/1342 1343/1343 1344/1344
f 1345/1345 1346/1346 1347/1347
f 1348/1348 1349/1349 1350/1350
f 1351/1351 1352/1352 1353/1353
f 1354/1354 1355/1355 1356/1356
f 1357/1357 1358/1358 1359/1359
f 1360/1360 1361/1361 1362/1362
f 1363/1363 1364/1364 1365/1365
f 1366/1366 1367/1367 1368/1368
f 1369/1369 1370/1370 1371/1371
f 1372/1372 1373/1373 1374/1374
f 1375/1375 1376/1376 1377/1377
f 1378/1378 1379/1379 1380/1380
f 1381/1381 1382/1382 1383/1383
f 1384/1384 1385/1385 1386/1386
f 1387/1387 1388/1388 1389/1389
f 1390/1390 1391/1391 1392/1392
f 1393/1393 1394/1394 1395/1395
f 1396/1396 1397/1397 1398/1398
f 1399/1399 1400/1400 1401/1401
f 1402/1402 1403/1403 1404/1404
f 1405/1405 1406/1406 1407/1407
f 1408/1408 1409/1409 1410/1410
f 1411/1411 1412/1412 1413/1413
f 1414/1414 1415/1415 1416/1416
f 1417/1417 1418/1418 1419/1419
f 1420/1420 1421/1421 1422/1422
f 1423/1423 1424/1424 1425/1425
f 1426/1426 1427/1427 1428/1428
f 1429/1429 1430/1430 1431/1431
f 1432/1432 1433/1433 1434/1434
f 1435/1435 1436/1436 1437/1437
f 1438/1438 1439/1439 1440/1440
f 1441/1441 1442/1442 1443/1443
f 1444/1444 1445/1445 1446/1446
f 1447/1447 1448/1448 1449/1449
f 1450/1450 1451/1451 1452/1452
f 1453/1453 1454/1454 1455/1455
f 1456/1456 1457/1457 1458/1458
f 1459/1459 1460/1460 1461/1461
f 1462/1462 1463/1463 1464/1464
f 1465/1465 1466/1466 1467/1467
f 1468/1468 1469/1469 1470/1470
f 1471/1471 1472/1472 1473/1473
f 1474/1474 1475/1475 1476/1476
f 1477/1477 1478/1478 1479/1479
f 1480/1480 1481/1481 1482/1482
f 1483/1483 1484/1484 1485/1485
f 1486/1486 1487/1487 1488/1488
f 1489/1489 1490/1490 1491/1491
f 1492/1492 1493/1493 1494/1494
f 1495/1495 1496/1496 1497/1497
f 1498/1498 1499/1499 1500/1500
f 1501/1501 1502/1502 1503/1503
f 1504/1504 1505/1505 1506/1506
f 1507/1507 1508/1508 1509/1509
f 1510/1510 1511/1511 1512/1512
f 1513/1513 1514/1514 1515/1515
f 1516/1516 1517/1517 1518/1518
f 1519/1519 1520/1520 1521/1521
f 1522/1522 1523/1523 1524/1524
f 1525/1525 1526/1526 1527/1527
f 1528/1528 1529/1529 1530/1530
f 1531/1531 1532/1532 1533/1533
f 1534/1534 1535/1535 1536/1536
f 1537/1537 1538/1538 1539/1539
f 1540/1540 1541/1541 1542/1542
f 1543/1543 1544/1544 1545/1545
f 1546/1546 1547/1547 1548/1548
f 1549/1549 1550/1550 1551/1551
f 1552/1552 1553/1553 1554/1554
f 1555/1555 1556/1556 1557/1557
f 1558/1558 1559/1559 1560/1560
f 1561/1561 1562/1562 1563/1563
f 1564/1564 1565/1565 1566/1566
f 1567/1567 1568/1568 1569/1569
f 1570/1570 1571/1571 1572/1572
f 1573/1573 1574/1574 1575/1575
f 1576/1576 1577/1577 1578/1578
f 1579/1579 1580/1580 1581/1581
f 1582/1582 1583/1583 1584/1584
f 1585/1585 1586/1586 1587/1587
f 1588/1588 1589/1589 1590/1590
f 1591/1591 1592/1592 1593/1593
f 1594/1594 1595/1595 1596/1596
f 1597/1597 1598/1598 1599/1599
f 1600/1600 1601/1601 1602/1602
f 1603/1603 1604/1604 1605/1605
f 1606/1606 1607/1607 1608/1608
f 1609/1609 1610/1610 1611/1611
f 1612/1612 1613/1613 1614/1614
f 1615/1615 1616/1616 1617/1617
f 1618/1618 1619/1619 1620/1620
f 1621/1621 1622/1622 1623/1623
f 1624/1624 1625/1625 1626/1626
f 1627/1627 1628/1628 1629/1629
f 1630/1630 1631/1631 1632/1632
f 1633/1633 1634/1634 1635/1635
f 1636/1636 1637/1637 1638/1638
f 1639/1639 1640/1640 1641/1641
f 1642/1642 1643/1643 1644/1644
f 1645/1645 1646/1646 1647/1647
f 1648/1648 1649/1649 1650/1650
f 1651/1651 1652/1652 1653/1653
f 1654/1654 1655/1655 1656/1656
f 1657/1657 1658/1658 1659/1659
f 1660/1660 1661/1661 1662/1662
f 1663/1663 1664/1664 1665/1665
f 1666/1666 1667/1667 1668/1668
f 1669/1669 1670/1670 1671/1671
f 1672/1672 1673/1673 1674/1674
f 1675/1675 1676/1676 1677/1677
f 1678/1678 1679/1679 1680/1680
f 1681/1681 1682/1682 1683/1683
f 1684/1684 1685/1685 1686/1686
f 1687/1687 1688/1688 1689/1689
f 1690/1690 1691/1691 1692/1692
f 1693/1693 1694/1694 1695/1695
f 1696/1696 1697/1697 1698/1698
f 1699/1699 1700/1700 1701/1701
f 1702/1702 1703/1703 1704/1704
f 1705/1705 1706/1706 1707/1707
f 1708/1708 1709/1709 1710/1710
f 1711/1711 1712/1712 1713/1713
f 1714/1714 1715/1715 1716/1716
f 1717/1717 1718/1718 1719/1719
f 1720/1720 1721/1721 1722/1722
f 1723/1723 1724/1724 1725/1725
f 1726/1726 1727/1727 1728/1728
f 1729/1729 1730/1730 1731/1731
f 1732/1732 1733/1733 1734/1734
f 1735/1735 1736/1736 1737/1737
f 1738/1738 1739/1739 1740/1740
f 1741/1741 1742/1742 1743/1743
f 1744/1744 1745/1745 1746/1746
f 1747/1747 1748/1748 1749/1749
f 1750/1750 1751/1751 1752/1752
f 1753/1753 1754/1754 1755/1755
f 1756/1756 1757/1757 1758/1758
f 1759/1759 1760/1760 1761/1761
f 1762/1762 1763/1763 1764/1764
f 1765/1765 1766/1766 1767/1767
f 1768/1768 1769/1769 1770/1770
f 1771/1771 1772/1772 1773/1773
f 1774/1774 1775/1775 1776/1776
f 1777/1777 1778/1778 1779/1779
f 1780/1780 1781/1781 1782/1782
f 1783/1783 1784/1784 1785/1785
f 1786/1786 1787/1787 1788/1788
f 1789/1789 1790/1790 1791/1791
f 1792/1792 1793/1793 1794/1794
f 1795/1795 1796/1796 1797/1797
f 1798/1798 1799/1799 1800/1800
f 1801/1801 1802/1802 1803/1803
f 1804/1804 1805/1805 1806/1806
f 1807/1807 1808/1808 1809/1809
f 1810/1810 1811/1811 1812/1812
f 1813/1813 1814/1814 1815/1815
f 1816/1816 1817/1817 1818/1818
f 1819/1819 1820/1820 1821/1821
f 1822/1822 1823/1823 1824/1824
f 1825/1825 1826/1826 1827/1827
f 1828/1828 1829/1829 1830/1830
f 1831/1831 1832/1832 1833/1833
f 1834/1834 1835/1835 1836/1836
f 1837/1837 1838/1838 1839/1839
f 1840/1840 1841/1841 1842/1842
f 1843/1843 1844/1844 1845/1845
f 1846/1846 1847/1847 1848/1848
f 1849/1849 1850/1850 1851/1851
f 1852/1852 1853/1853 1854/1854
f 1855/1855 1856/1856 1857/1857
f 1858/1858 1859/1859 1860/1860
f 1861/1861 1862/1862 1863/1863
f 1864/1864 1865/1865 1866/1866
f 1867/1867 1868/1868 1869/1869
f 1870/1870 1871/1871 1872/1872
f 1873/1873 1874/1874 1875/1875
f 1876/1876 1877/1877 1878/1878
f 1879/1879 1880/1880 1881/1881
f 1882/1882 1883/1883 1884/1884
f 1885/1885 1886/1886 1887/1887
f 1888/1888 1889/1889 1890/1890
f 1891/1891 1892/1892 1893/1893
f 1894/1894 1895/1895 1896/1896
f 1897/1897 1898/1898 1899/1899
f 1900/1900 1901/1901 1902/1902
f 1903/1903 1904/1904 1905/1905
f 1906/1906 1907/1907 1908/1908
f 1909/1909 1910/1910 1911/1911
f 1912/1912 1913/1913 1914/1914
f 1915/1915 1916/1916 1917/1917
f 1918/1918 1919/1919 1920/1920
f 1921/1921 1922/1922 1923/1923
f 1924/1924 1925/1925 1926/1926
f 1927/1927 1928/1928 1929/1929
f 1930/1930 1931/1931 1932/1932
f 1933/1933 1934/1934 1935/1935
f 1936/1936 1937/1937 1938/1938
f 1939/1939 1940/1940 1941/1941
f 1942/1942 1943/1943 1944/1944
f 1945/1945 1946/1946 1947/1947
f 1948/1948 1949/1949 1950/1950
f 1951/1951 1952/1952 1953/1953
f 1954/1954 1955/1955 1956/1956
f 1957/1957 1958/1958 1959/1959
f 1960/1960 1961/1961 1962/1962
f 1963/1963 1964/1964 1965/1965
f 1966/1966 1967/1967 1968/1968
f 1969/1969 1970/1970 1971/1971
f 1972/1972 1973/1973 1974/1974
f 1975/1975 1976/1976 1977/1977
f 1978/1978 1979/1979 1980/1980
f 1981/1981 1982/1982 1983/1983
f 1984/1984 1985/1985 1986/1986
f 1987/1987 1988/1988 1989/1989
f 1990/1990 1991/1991 1992/1992
f 1993/1993 1994/1994 1995/1995
f 1996/1996 1997/1997 1998/1998
f 1999/1999 2000/2000 2001/2001
f 2002/2002 2003/2003 2004/2004
f 2005/2005 2006/2006 2007/2007
f 2008/2008 2009/2009 2010/2010
f 2011/2011 2012/2012 2013/2013
f 2014/2014 2015/2015 2016/2016
f 2017/2017 2018/2018 2019/2019
f 2020/2020 2021/2021 2022/2022
f 2023/2023 2024/2024 2025/2025
f 2026/2026 2027/2027 2028/2028
f 2029/2029 2030/2030 2031/2031
f 2032/2032 2033/2033 2034/2034
f 2035/2035 2036/2036 2037/2037
f 2038/2038 2039/2039 2040/2040
f 2041/2041 2042/2042 2043/2043
f 2044/2044 2045/2045 2046/2046
f 2047/2047 2048/2048 2049/2049
f 2050/2050 2051/2051 2052/2052
f 2053/2053 2054/2054 2055/2055
f 2056/2056 2057/2057 2058/2058
f 2059/2059 2060/2060 2061/2061
f 2062/2062 2063/2063 2064/2064
f 2065/2065 2066/2066 2067/2067
f 2068/2068 2069/2069 2070/2070
f 2071/2071 2072/2072 2073/2073
f 2074/2074 2075/2075 2076/2076
f 2077/2077 2078/2078 2079/2079
f 2080/2080 2081/2081 2082/2082
f 2083/2083 2084/2084 2085/2085
f 2086/2086 2087/2087 2088/2088
f 2089/2089 2090/2090 2091/2091
f 2092/2092 2093/2093 2094/2094
f 2095/2095 2096/2096 2097/2097
f 2098/2098 2099/2099 2100/2100
f 2101/2101 2102/2102 2103/2103
f 2104/2104 2105/2105 2106/2106
f 2107/2107 2108/2108 2109/2109
f 2110/2110 2111/2111 2112/2112
f 2113/2113 2114/2114 2115/2115
f 2116/2116 2117/2117 2118/2118
f 2119/2119 2120/2120 2121/2121
f 2122/2122 2123/2123 2124/2124
f 2125/2125 2126/2126 2127/2127
f 2128/2128 2129/2129 2130/2130
f 2131/2131 2132/2132 2133/2133
f 2134/2134 2135/2135 2136/2136
f 2137/2137 2138/2138 2139/2139
f 2140/2140 2141/2141 2142/2142
f 2143/2143 2144/2144 2145/2145
f 2146/2146 2147/2147 2148/2148
f 2149/2149 2150/2150 2151/2151
f 2152/2152 2153/2153 2154/2154
f 2155/2155 2156/2156 2157/2157
f 2158/2158 2159/2159 2160/2160
f 2161/2161 2162/2162 2163/2163
f 2164/2164 2165/2165 2166/2166
f 2167/2167 2168/2168 2169/2169
f 2170/2170 2171/2171 2172/2172
f 2173/2173 2174/2174 2175/2175
f 2176/2176 2177/2177 2178/2178
f 2179/2179 2180/2180 2181/2181
f 2182/2182 2183/2183 2184/2184
f 2185/2185 2186/2186 2187/2187
f 2188/2188 2189/2189 2190/2190
f 2191/2191 2192/2192 2193/2193
f 2194/2194 2195/2195 2196/2196
f 2197/2197 2198/2198 2199/2199
f 2200/2200 2201/2201 2202/2202
f 2203/2203 2204/2204 2205/2205
f 2206/2206 2207/2207 2208/2208
f 2209/2209 2210/2210 2211/2211
f 2212/2212 2213/2213 2214/2214
f 2215/2215 2216/2216 2217/2217
f 2218/2218 2219/2219 2220/2220
f 2221/2221 2222/2222 2223/2223
f 2224/2224 2225/2225 2226/2226
f 2227/2227 2228/2228 2229/2229
f 2230/2230 2231/2231 2232/2232
f 2233/2233 2234/2234 2235/2235
f 2236/2236 2237/2237 2238/2238
f 2239/2239 2240/2240 2241/2241
f 2242/2242 2243/2243 2244/2244
f 2245/2245 2246/2246 2247/2247
f 2248/2248 2249/2249 2250/2250
f 2251/2251 2252/2252 2253/2253
f 2254/2254 2255/2255 2256/2256
f 2257/2257 2258/2258 2259/2259
f 2260/2260 2261/2261 2262/2262
f 2263/2263 2264/2264 2265/2265
f 2266/2266 2267/2267 2268/2268
f 2269/2269 2270/2270 2271/2271
f 2272/2272 2273/2273 2274/2274
f 2275/2275 2276/2276 2277/2277
f 2278/2278 2279/2279 2280/2280
f 2281/2281 2282/2282 2283/2283
f 2284/2284 2285/2285 2286/2286
f 2287/2287 2288/2288 2289/2289
f 2290/2290 2291/2291 2292/2292
f 2293/2293 2294/2294 2295/2295
f 2296/2296 2297/2297 2298/2298
f 2299/2299 2300/2300 2301/2301
f 2302/2302 2303/2303 2304/2304
f 2305/2305 2306/2306 2307/2307
f 2308/2308 2309/2309 2310/2310
f 2311/2311 2312/2312 2313/2313
f 2314/2314 2315/2315 2316/2316
f 2317/2317 2318/2318 2319/2319
f 2320/2320 2321/2321 2322/2322
f 2323/2323 2324/2324 2325/2325
f 2326/2326 2327/2327 2328/2328
f 2329/2329 2330/2330 2331/2331
f 2332/2332 2333/2333 2334/2334
f 2335/2335 2336/2336 2337/2337
f 2338/2338 2339/2339 2340/2340
f 2341/2341 2342/2342 2343/2343
f 2344/2344 2345/2345 2346/2346
f 2347/2347 2348/2348 2349/2349
f 2350/2350 2351/2351 2352/2352
f 2353/2353 2354/2354 2355/2355
f 2356/2356 2357/2357 2358/2358
f 2359/2359 2360/2360 2361/2361
f 2362/2362 2363/2363 2364/2364
f 2365/2365 2366/2366 2367/2367
f 2368/2368 2369/2369 2370/2370
f 2371/2371 2372/2372 2373/2373
f 2374/2374 2375/2375 2376/2376
f 2377/2377 2378/2378 2379/2379
f 2380/2380 2381/2381 2382/2382
f 2383/2383 2384/2384 2385/2385
f 2386/2386 2387/2387 2388/2388
f 2389/2389 2390/2390 2391/2391
f 2392/2392 2393/2393 2394/2394
f 2395/2395 2396/2396 2397/2397
f 2398/2398 2399/2399 2400/2400
f 2401/2401 2402/2402 2403/2403
f 2404/2404 2405/2405 2406/2406
f 2407/2407 2408/2408 2409/2409
f 2410/2410 2411/2411 2412/2412
f 2413/2413 2414/2414 2415/2415
f 2416/2416 2417/2417 2418/2418
f 2419/2419 2420/2420 2421/2421
f 2422/2422 2423/2423 2424/2424
f 2425/2425 2426/2426 2427/2427
f 2428/2428 2429/2429 2430/2430
f 2431/2431 2432/2432 2433/2433
f 2434/2434 2435/2435 2436/2436
f 2437/2437 2438/2438 2439/2439
f 2440/2440 2441/2441 2442/2442
f 2443/2443 2444/2444 2445/2445
f 2446/2446 2447/2447 2448/2448
f 2449/2449 2450/2450 2451/2451
f 2452/2452 2453/2453 2454/2454
f 2455/2455 2456/2456 2457/2457
f 2458/2458 2459/2459 2460/2460
f 2461/2461 2462/2462 2463/2463
f 2464/2464 2465/2465 2466/2466
f 2467/2467 2468/2468 2469/2469
f 2470/2470 2471/2471 2472/2472
f 2473/2473 2474/2474 2475/2475
f 2476/2476 2477/2477 2478/2478
f 2479/2479 2480/2480 2481/2481
f 2482/2482 2483/2483 2484/2484
f 2485/2485 2486/2486 2487/2487
f 2488/2488 2489/2489 2490/2490
f 2491/2491 2492/2492 2493/2493
f 2494/2494 2495/2495 2496/2496
f 2497/2497 2498/2498 2499/2499
f 2500/2500 2501/2501 2502/2502
f 2503/2503 2504/2504 2505/2505
f 2506/2506 2507/2507 2508/2508
f 2509/2509 2510/2510 2511/2511
f 2512/2512 2513/2513 2514/2514
f 2515/2515 2516/2516 2517/2517
f 2518/2518 2519/2519 2520/2520
f 2521/2521 2522/2522 2523/2523
f 2524/2524 2525/2525 2526/2526
f 2527/2527 2528/2528 2529/2529
f 2530/2530 2531/2531 2532/2532
f 2533/2533 2534/2534 2535/2535
f 2536/2536 2537/2537 2538/2538
f 2539/2539 2540/2540 2541/2541
f 2542/2542 2543/2543 2544/2544
f 2545/2545 2546/2546 2547/2547
f 2548/2548 2549/2549 2550/2550
f 2551/2551 2552/2552 2553/2553
f 2554/2554 2555/2555 2556/2556
f 2557/2557 2558/2558 2559/2559
f 2560/2560 2561/2561 2562/2562
f 2563/2563 2564/2564 2565/2565
f 2566/2566 2567/2567 2568/2568
f 2569/2569 2570/2570 2571/2571
f 2572/2572 2573/2573 2574/2574
f 2575/2575 2576/2576 2577/2577
f 2578/2578 2579/2579 2580/2580
f 2581/2581 2582/2582 2583/2583
f 2584/2584 2585/2585 2586/2586
f 2587/2587 2588/2588 2589/2589
f 2590/2590 2591/2591 2592/2592
f 2593/2593 2594/2594 2595/2595
f 2596/2596 2597/2597 2598/2598
f 2599/2599 2600/2600 2601/2601
f 2602/2602 2603/2603 2604/2604
f 2605/2605 2606/2606 2607/2607
f 2608/2608 2609/2609 2610/2610
f 2611/2611 2612/2612 2613/2613
f 2614/2614 2615/2615 2616/2616
f 2617/2617 2618/2618 2619/2619
f 2620/2620 2621/2621 2622/2622
f 2623/2623 2624/2624 2625/2625
f 2626/2626 2627/2627 2628/2628
f 2629/2629 2630/2630 2631/2631
f 2632/2632 2633/2633 2634/2634
f 2635/2635 2636/2636 2637/2637
f 2638/2638 2639/2639 2640/2640
f 2641/2641 2642/2642 2643/2643
f 2644/2644 2645/2645 2646/2646
f 2647/2647 2648/2648 2649/2649
f 2650/2650 2651/2651 2652/2652
f 2653/2653 2654/2654 2655/2655
f 2656/2656 2657/2657 2658/2658
f 2659/2659 2660/2660 2661/2661
f 2662/2662 2663/2663 2664/2664
f 2665/2665 2666/2666 2667/2667
f 2668/2668 2669/2669 2670/2670
f 2671/2671 2672/2672 2673/2673
f 2674/2674 2675/2675 2676/2676
f 2677/2677 2678/2678 2679/2679
f 2680/2680 2681/2681 2682/2682
f 2683/2683 2684/2684 2685/2685
f 2686/2686 2687/2687 2688/2688
f 2689/2689 2690/2690 2691/2691
f 2692/2692 2693/2693 2694/2694
f 2695/2695 2696/2696 2697/2697
f 2698/2698 2699/2699 2700/2700
f 2701/2701 2702/2702 2703/2703
f 2704/2704 2705/2705 2706/2706
f 2707/2707 2708/2708 2709/2709
f 2710/2710 2711/2711 2712/2712
f 2713/2713 2714/2714 2715/2715
f 2716/2716 2717/2717 2718/2718
f 2719/2719 2720/2720 2721/2721
f 2722/2722 2723/2723 2724/2724
f 2725/2725 2726/2726 2727/2727
f 2728/2728 2729/2729 2730/2730
f 2731/2731 2732/2732 2733/2733
f 2734/2734 2735/2735 2736/2736
f 2737/2737 2738/2738 2739/2739
f 2740/2740 2741/2741 2742/2742
f 2743/2743 2744/2744 2745/2745
f 2746/2746 2747/2747 2748/2748
f 2749/2749 2750/2750 2751/2751
f 2752/2752 2753/2753 2754/2754
f 2755/2755 2756/2756 2757/2757
f 2758/2758 2759/2759 2760/2760
f 2761/2761 2762/2762 2763/2763
f 2764/2764 2765/2765 2766/2766
f 2767/2767 2768/2768 2769/2769
f 2770/2770 2771/2771 2772/2772
f 2773/2773 2774/2774 2775/2775
f 2776/2776 2777/2777 2778/2778
f 2779/2779 2780/2780 2781/2781
f 2782/2782 2783/2783 2784/2784
f 2785/2785 2786/2786 2787/2787
f 2788/2788 2789/2789 2790/2790
f 2791/2791 2792/2792 2793/2793
f 2794/2794 2795/2795 2796/2796
f 2797/2797 2798/2798 2799/2799
f 2800/2800 2801/2801 2802/2802
f 2803/2803 2804/2804 2805/2805
f 2806/2806 2807/2807 2808/2808
f 2809/2809 2810/2810 2811/2811
f 2812/2812 2813/2813 2814/2814
f 2815/2815 2816/2816 2817/2817
f 2818/2818 2819/2819 2820/2820
f 2821/2821 2822/2822 2823/2823
f 2824/2824 2825/2825 2826/2826
f 2827/2827 2828/2828 2829/2829
f 2830/2830 2831/2831 2832/2832
f 2833/2833 2834/2834 2835/2835
f 2836/2836 2837/2837 2838/2838
f 2839/2839 2840/2840 2841/2841
f 2842/2842 2843/2843 2844/2844
f 2845/2845 2846/2846 2847/2847
f 2848/2848 2849/2849 2850/2850
f 2851/2851 2852/2852 2853/2853
f 2854/2854 2855/2855 2856/2856
f 2857/2857 2858/2858 2859/2859
f 2860/2860 2861/2861 2862/2862
f 2863/2863 2864/2864 2865/2865
f 2866/2866 2867/2867 2868/2868
f 2869/2869 2870/2870 2871/2871
f 2872/2872 2873/2873 2874/2874
f 2875/2875 2876/2876 2877/2877
f 2878/2878 2879/2879 2880/2880
f 2881/2881 2882/2882 2883/2883
f 2884/2884 2885/2885 2886/2886
f 2887/2887 2888/2888 2889/2889
f 2890/2890 2891/2891 2892/2892
f 2893/2893 2894/2894 2895/2895
f 2896/2896 2897/2897 2898/2898
f 2899/2899 2900/2900 2901/2901
f 2902/2902 2903/2903 2904/2904
f 2905/2905 2906/2906 2907/2907
f 2908/2908 2909/2909 2910/2910
f 2911/2911 2912/2912 2913/2913
f 2914/2914 2915/2915 2916/2916
f 2917/2917 2918/2918 2919/2919
f 2920/2920 2921/2921 2922/2922
f 2923/2923 2924/2924 2925/2925
f 2926/2926 2927/2927 2928/2928
f 2929/2929 2930/2930 2931/2931
f 2932/2932 2933/2933 2934/2934
f 2935/2935 2936/2936 2937/2937
f 2938/2938 2939/2939 2940/2940
f 2941/2941 2942/2942 2943/2943
f 2944/2944 2945/2945 2946/2946
f 2947/2947 2948/2948 2949/2949
f 2950/2950 2951/2951 2952/2952
f 2953/2953 2954/2954 2955/2955
f 2956/2956 2957/2957 2958/2958
f 2959/2959 2960/2960 2961/2961
f 2962/2962 2963/2963 2964/2964
f 2965/2965 2966/2966 2967/2967
f 2968/2968 2969/2969 2970/2970
f 2971/2971 2972/2972 2973/2973
f 2974/2974 2975/2975 2976/2976
f 2977/2977 2978/2978 2979/2979
f 2980/2980 2981/2981 2982/2982
f 2983/2983 2984/2984 2985/2985
f 2986/2986 2987/2987 2988/2988
f 2989/2989 2990/2990 2991/2991
f 2992/2992 2993/2993 2994/2994
f 2995/2995 2996/2996 2997/2997
f 2998/2998 2999/2999 3000/3000
f 3001/3001 3002/3002 3003/3003
f 3004/3004 3005/3005 3006/3006
f 3007/3007 3008/3008 3009/3009
f 3010/3010 3011/3011 3012/3012
f 3013/3013 3014/3014 3015/3015
f 3016/3016 3017/3017 3018/3018
f 3019/3019 3020/3020 3021/3021
f 3022/3022 3023/3023 3024/3024
f 3025/3025 3026/3026 3027/3027
f 3028/3028 3029/3029 3030/3030
f 3031/3031 3032/3032 3033/3033
f 3034/3034 3035/3035 3036/3036
f 3037/3037 3038/3038 3039/3039
f 3040/3040 3041/3041 3042/3042
f 3043/3043 3044/3044 3045/3045
f 3046/3046 3047/3047 3048/3048
f 3049/3049 3050/3050 3051/3051
f 3052/3052 3053/3053 3054/3054
f 3055/3055 3056/3056 3057/3057
f 3058/3058 3059/3059 3060/3060
f 3061/3061 3062/3062 3063/3063
f 3064/3064 3065/3065 3066/3066
f 3067/3067 3068/3068 3069/3069
f 3070/3070 3071/3071 3072/3072
f 3073/3073 3074/3074 3075/3075
f 3076/3076 3077/3077 3078/3078
f 3079/3079 3080/3080 3081/3081
f 3082/3082 3083/3083 3084/3084
f 3085/3085 3086/3086 3087/3087
f 3088/3088 3089/3089 3090/3090
f 3091/3091 3092/3092 3093/3093
f 3094/3094 3095/3095 3096/3096
f 3097/3097 3098/3098 3099/3099
f 3100/3100 3101/3101 3102/3102
